solo_dist_km,bundle_dist_km,dist_saved_km,pct_dist_saved,bundle_total_min,available_min,time_feasible,best_route,metro,order_id_1,order_id_2,order_type_1,order_type_2,delivery_type_1,delivery_type_2,same_store,basket_size_1,basket_size_2,pay_1,pay_2,store_to_store_km,cust_to_cust_km,leg1_km,leg2_km,creation_gap_min,bundle_type,viable,accepted
43.68,19.578,24.102,0.5518,68.4,83.9,True,s1->s2->c1->c2,Austin,O325,O5400,shop_and_deliver,delivery_only,on_demand,on_demand,True,6,3,8.55,7.54,0.0,6.279,13.299,17.082,36.1,mixed,True,1
40.015,16.179,23.835,0.5957,55.9,94.0,True,s1->s2->c2->c1,Austin,O915,O1592,shop_and_deliver,delivery_only,on_demand,on_demand,True,4,5,5.47,7.69,0.0,3.728,13.781,12.452,26.0,mixed,True,1
40.699,17.569,23.129,0.5683,48.1,75.5,True,s1->s2->c1->c2,Austin,O4581,O5217,shop_and_deliver,delivery_only,on_demand,same_day,True,10,26,10.67,12.86,0.0,5.997,11.573,17.554,44.5,mixed,True,1
40.249,17.536,22.713,0.5643,41.4,201.0,True,s1->s2->c2->c1,Austin,O3158,O3751,shop_and_deliver,delivery_only,same_day,same_day,True,7,6,8.65,11.74,0.0,6.169,14.441,11.367,39.0,mixed,True,1
39.829,18.296,21.532,0.5406,41.3,85.4,True,s1->s2->c2->c1,Austin,O198,O435,shop_and_deliver,delivery_only,on_demand,on_demand,True,4,5,7.84,7.17,0.0,12.916,17.224,5.381,34.6,mixed,True,1
41.15,19.815,21.335,0.5185,38.4,108.8,True,s1->s2->c1->c2,Austin,O2243,O4541,delivery_only,delivery_only,on_demand,on_demand,True,7,4,7.33,10.42,0.0,6.624,13.191,14.767,11.2,both_delivery,True,1
32.745,11.56,21.185,0.647,50.6,120.0,True,s1->s2->c1->c2,Austin,O3424,O4616,shop_and_deliver,shop_and_deliver,on_demand,same_day,True,3,4,7.23,4.8,0.0,0.967,10.593,11.559,32.5,both_shop,True,1
35.059,14.847,20.212,0.5765,38.7,207.7,True,s1->s2->c2->c1,Austin,O189,O4744,delivery_only,delivery_only,same_day,next_day,True,4,10,6.56,6.17,0.0,8.095,14.153,6.752,32.3,both_delivery,True,1
31.845,12.137,19.709,0.6189,27.0,106.1,True,s1->s2->c2->c1,Austin,O3371,O4766,delivery_only,delivery_only,same_day,on_demand,True,17,14,9.44,8.82,0.0,4.309,12.009,7.828,13.9,both_delivery,True,1
30.187,10.701,19.486,0.6455,30.2,96.5,True,s1->s2->c2->c1,Austin,O1996,O2533,delivery_only,delivery_only,same_day,on_demand,True,9,17,10.35,9.79,0.0,0.984,10.235,9.717,23.5,both_delivery,True,1
43.117,23.937,19.18,0.4448,80.5,240.0,True,s1->s2->c2->c1,Austin,O2034,O3387,shop_and_deliver,shop_and_deliver,next_day,same_day,True,12,32,9.69,12.8,0.0,13.179,16.18,10.758,22.4,both_shop,True,1
36.054,17.523,18.531,0.514,39.0,101.8,True,s1->s2->c2->c1,Austin,O2453,O5141,delivery_only,delivery_only,on_demand,on_demand,True,24,15,12.73,9.33,0.0,10.694,14.612,6.829,18.2,both_delivery,True,1
36.309,17.842,18.467,0.5086,87.0,98.7,True,s1->s2->c1->c2,Austin,O2116,O2860,shop_and_deliver,shop_and_deliver,on_demand,on_demand,True,5,28,7.72,10.54,0.0,6.009,11.833,12.644,21.3,both_shop,True,1
49.119,30.767,18.352,0.3736,76.1,120.0,True,s1->s2->c2->c1,Austin,O815,O2066,delivery_only,delivery_only,next_day,on_demand,True,15,7,9.07,7.91,0.0,16.112,17.232,14.655,25.9,both_delivery,True,1
28.359,10.034,18.325,0.6462,53.7,233.0,True,s1->s2->c2->c1,Austin,O856,O3437,shop_and_deliver,delivery_only,same_day,same_day,False,10,5,11.19,5.61,0.373,0.697,9.77,8.964,7.0,mixed,True,1
30.21,11.954,18.256,0.6043,46.5,209.3,True,s1->s2->c1->c2,Austin,O3943,O5497,shop_and_deliver,shop_and_deliver,same_day,same_day,True,15,16,7.99,7.77,0.0,2.825,9.129,11.951,30.7,both_shop,True,1
28.636,10.417,18.219,0.6362,26.5,203.8,True,s1->s2->c1->c2,Austin,O2665,O5512,delivery_only,delivery_only,same_day,same_day,True,14,5,9.76,8.25,0.0,1.014,9.403,9.83,36.2,both_delivery,True,1
31.576,13.608,17.968,0.569,66.9,233.9,True,s1->s2->c1->c2,Austin,O3936,O5087,shop_and_deliver,shop_and_deliver,same_day,same_day,True,7,11,5.57,7.78,0.0,3.449,10.159,11.259,6.1,both_shop,True,1
42.492,24.609,17.883,0.4209,62.8,120.0,True,s1->s2->c2->c1,Austin,O3342,O3683,shop_and_deliver,delivery_only,on_demand,next_day,True,7,9,9.74,7.24,0.0,18.448,18.165,6.161,6.2,mixed,True,1
30.147,12.292,17.855,0.5923,71.5,1433.1,True,s2->s1->c2->c1,Austin,O1312,O1318,shop_and_deliver,shop_and_deliver,next_day,next_day,False,14,11,9.22,11.96,0.373,2.125,9.869,10.079,6.9,both_shop,True,1
34.791,17.073,17.718,0.5093,45.9,240.0,True,s1->s2->c2->c1,Austin,O2618,O5754,delivery_only,shop_and_deliver,next_day,same_day,True,1,20,5.71,10.05,0.0,7.123,12.421,9.95,20.4,mixed,True,1
38.378,20.864,17.515,0.4564,57.3,92.8,True,s1->s2->c1->c2,Austin,O12,O2001,shop_and_deliver,delivery_only,on_demand,same_day,True,14,6,8.78,9.57,0.0,8.6,12.264,13.85,27.2,mixed,True,1
38.296,20.835,17.461,0.4559,60.5,205.9,True,s2->s1->c2->c1,Austin,O1851,O2044,shop_and_deliver,delivery_only,same_day,same_day,False,19,3,9.79,4.57,0.373,8.712,13.115,11.793,34.1,mixed,True,1
35.472,18.288,17.184,0.4844,59.7,238.9,True,s1->s2->c2->c1,Austin,O916,O1831,shop_and_deliver,shop_and_deliver,next_day,same_day,True,17,5,11.42,5.66,0.0,12.568,14.876,5.72,1.1,both_shop,True,1
26.547,9.469,17.077,0.6433,34.8,86.7,True,s1->s2->c1->c2,Austin,O1837,O3167,shop_and_deliver,delivery_only,on_demand,next_day,True,8,16,9.6,8.13,0.0,0.864,8.606,9.335,33.3,mixed,True,1
29.511,12.453,17.058,0.578,51.2,105.6,True,s1->s2->c2->c1,Austin,O2009,O3588,shop_and_deliver,delivery_only,on_demand,on_demand,True,11,7,8.67,10.84,0.0,6.055,11.557,6.398,14.4,mixed,True,1
34.392,17.407,16.986,0.4939,40.3,198.9,True,s1->s2->c1->c2,Austin,O1268,O3348,delivery_only,delivery_only,same_day,same_day,True,22,6,9.46,7.28,0.0,7.858,9.549,15.295,41.1,both_delivery,True,1
29.896,12.911,16.985,0.5681,37.9,113.1,True,s1->s2->c2->c1,Austin,O563,O2100,shop_and_deliver,delivery_only,on_demand,on_demand,True,5,12,8.120000000000001,10.18,0.0,8.012,12.498,4.899,6.9,mixed,True,1
29.281,12.365,16.916,0.5777,44.5,90.3,True,s1->s2->c1->c2,Austin,O2683,O5782,delivery_only,shop_and_deliver,on_demand,on_demand,True,15,2,8.95,4.91,0.0,3.577,8.788,11.705,29.7,mixed,True,1
26.29,9.525,16.764,0.6377,50.9,112.4,True,s1->s2->c1->c2,Austin,O4437,O5914,delivery_only,shop_and_deliver,on_demand,same_day,True,23,21,14.13,14.66,0.0,0.857,8.668,8.953,7.6,mixed,True,1
26.589,10.038,16.552,0.6225,35.7,101.4,True,s1->s2->c2->c1,Austin,O89,O2970,delivery_only,delivery_only,on_demand,next_day,True,6,14,6.22,11.59,0.0,1.766,9.159,8.272,18.6,both_delivery,True,1
27.789,11.317,16.472,0.5928,31.6,96.5,True,s1->s2->c1->c2,Austin,O192,O2939,delivery_only,delivery_only,same_day,on_demand,True,5,21,6.68,9.65,0.0,2.141,9.176,9.438,23.5,both_delivery,True,1
32.64,16.224,16.416,0.5029,63.7,95.8,True,s1->s2->c2->c1,Austin,O1199,O4523,shop_and_deliver,delivery_only,same_day,on_demand,False,6,9,8.940000000000001,5.91,0.373,9.686,13.368,6.165,24.2,mixed,True,1
27.497,11.235,16.262,0.5914,30.8,96.2,True,s1->s2->c2->c1,Austin,O1218,O1654,delivery_only,delivery_only,on_demand,on_demand,True,9,15,7.78,9.56,0.0,6.175,11.219,5.06,23.8,both_delivery,True,1
28.48,12.344,16.136,0.5666,64.8,113.7,True,s1->s2->c2->c1,Austin,O76,O2496,shop_and_deliver,shop_and_deliver,next_day,on_demand,True,11,10,8.99,8.74,0.0,8.553,12.344,3.792,6.3,both_shop,True,1
29.177,13.08,16.097,0.5517,47.9,120.0,True,s1->s2->c2->c1,Austin,O2774,O5650,shop_and_deliver,delivery_only,same_day,on_demand,True,15,7,9.71,8.01,0.0,8.807,12.452,4.273,7.0,mixed,True,1
30.514,14.566,15.948,0.5226,54.8,1395.9,True,s1->s2->c2->c1,Austin,O839,O4063,shop_and_deliver,shop_and_deliver,next_day,next_day,True,13,4,7.23,6.45,0.0,9.136,12.542,5.43,44.1,both_shop,True,1
31.296,15.352,15.943,0.5094,46.7,240.0,True,s1->s2->c2->c1,Austin,O2428,O4118,shop_and_deliver,delivery_only,next_day,same_day,True,4,16,6.29,9.88,0.0,12.632,14.288,2.72,42.8,mixed,True,1
34.914,19.002,15.912,0.4558,48.8,120.0,True,s1->s2->c2->c1,Austin,O5252,O5420,delivery_only,shop_and_deliver,same_day,on_demand,True,4,10,6.65,9.29,0.0,13.444,14.678,5.558,14.7,mixed,True,1
30.145,14.334,15.81,0.5245,59.8,85.6,True,s1->s2->c2->c1,Austin,O4443,O5146,shop_and_deliver,delivery_only,on_demand,on_demand,True,10,4,6.73,6.86,0.0,9.506,12.658,4.829,34.4,mixed,True,1
32.565,16.77,15.796,0.485,70.1,111.0,True,s1->s2->c1->c2,Austin,O4158,O4199,shop_and_deliver,delivery_only,on_demand,on_demand,True,17,5,11.04,5.63,0.0,7.599,9.171,14.224,9.0,mixed,True,1
33.152,17.421,15.731,0.4745,52.0,120.0,True,s1->s2->c2->c1,Austin,O1319,O2785,shop_and_deliver,delivery_only,on_demand,same_day,True,11,11,7.4,10.05,0.0,6.773,11.252,10.648,4.5,mixed,True,1
24.682,9.096,15.586,0.6315,47.3,96.4,True,s1->s2->c1->c2,Austin,O1242,O3211,shop_and_deliver,delivery_only,on_demand,on_demand,True,12,23,9.11,10.69,0.0,1.101,7.995,8.692,23.6,mixed,True,1
25.992,10.513,15.48,0.5955,54.0,120.0,True,s1->s2->c2->c1,Austin,O643,O1068,delivery_only,shop_and_deliver,on_demand,same_day,True,9,12,7.91,9.12,0.0,5.321,10.4,5.192,3.9,mixed,True,1
27.948,12.53,15.418,0.5517,53.2,79.1,True,s1->s2->c2->c1,Austin,O485,O2865,shop_and_deliver,shop_and_deliver,on_demand,same_day,True,5,11,5.73,12.19,0.0,5.49,10.454,7.04,40.9,both_shop,True,1
34.139,18.775,15.364,0.45,46.2,120.0,True,s1->s2->c2->c1,Austin,O2483,O5025,delivery_only,delivery_only,same_day,on_demand,True,26,24,11.31,11.94,0.0,13.678,14.521,5.097,30.4,both_delivery,True,1
28.357,13.019,15.338,0.5409,46.8,240.0,True,s1->s2->c2->c1,Austin,O3989,O5042,delivery_only,shop_and_deliver,next_day,same_day,True,10,15,8.17,10.61,0.0,8.068,11.703,4.951,39.2,mixed,True,1
24.234,8.934,15.3,0.6313,28.5,108.5,True,s1->s2->c2->c1,Austin,O1801,O2393,delivery_only,delivery_only,on_demand,on_demand,True,25,25,9.87,11.52,0.0,2.487,8.893,6.448,11.5,both_delivery,True,1
27.75,12.471,15.279,0.5506,49.8,79.0,True,s1->s2->c2->c1,Austin,O1551,O3244,shop_and_deliver,delivery_only,on_demand,same_day,True,8,12,6.94,8.86,0.0,9.535,12.407,2.936,41.0,mixed,True,1
29.774,14.559,15.215,0.511,78.3,116.8,True,s1->s2->c1->c2,Austin,O657,O5121,shop_and_deliver,shop_and_deliver,on_demand,on_demand,True,3,27,4.67,10.43,0.0,5.112,9.448,10.879,3.2,both_shop,True,1
25.484,10.273,15.211,0.5969,52.2,199.8,True,s1->s2->c2->c1,Austin,O1051,O4513,delivery_only,shop_and_deliver,same_day,same_day,True,7,19,6.91,11.99,0.0,5.309,10.26,4.965,40.2,mixed,True,1
28.962,13.986,14.976,0.5171,33.4,100.6,True,s1->s2->c2->c1,Austin,O698,O1818,shop_and_deliver,delivery_only,on_demand,same_day,True,5,3,7.63,4.48,0.0,11.103,13.04,2.883,19.4,mixed,True,1
26.41,11.493,14.917,0.5648,38.6,112.9,True,s1->s2->c2->c1,Austin,O1982,O2852,delivery_only,delivery_only,on_demand,on_demand,True,13,8,8.65,7.84,0.0,4.986,9.951,6.507,7.1,both_delivery,True,1
26.277,11.576,14.701,0.5595,33.2,222.5,True,s1->s2->c1->c2,Austin,O632,O4705,delivery_only,shop_and_deliver,same_day,same_day,True,14,4,13.44,7.52,0.0,3.06,8.516,9.245,17.5,mixed,True,1
28.35,13.735,14.616,0.5155,33.4,120.0,True,s2->s1->c2->c1,Austin,O576,O2962,delivery_only,delivery_only,on_demand,same_day,False,4,15,6.98,8.86,0.373,11.91,13.313,1.564,33.6,both_delivery,True,1
26.635,12.109,14.526,0.5454,43.6,212.3,True,s1->s2->c2->c1,Austin,O32,O237,shop_and_deliver,delivery_only,same_day,same_day,True,4,7,7.83,7.3,0.0,9.687,12.106,2.422,27.7,mixed,True,1
28.556,14.052,14.504,0.5079,46.1,120.0,True,s1->s2->c1->c2,Austin,O181,O4105,delivery_only,shop_and_deliver,on_demand,next_day,True,10,16,8.96,9.15,0.0,6.724,7.328,13.899,18.1,mixed,True,1
25.601,11.151,14.45,0.5644,56.5,99.5,True,s1->s2->c2->c1,Austin,O2055,O4622,delivery_only,shop_and_deliver,on_demand,on_demand,True,1,14,8.219999999999999,14.14,0.0,6.128,10.289,5.023,20.5,mixed,True,1
25.092,10.819,14.273,0.5688,45.5,108.1,True,s1->s2->c2->c1,Austin,O1272,O4400,shop_and_deliver,delivery_only,on_demand,on_demand,False,11,13,8.32,9.5,0.373,6.528,10.76,3.918,11.9,mixed,True,1
26.393,12.247,14.147,0.536,30.5,101.2,True,s1->s2->c1->c2,Austin,O902,O5144,delivery_only,delivery_only,on_demand,same_day,True,25,8,15.81,8.22,0.0,4.937,7.309,11.775,18.8,both_delivery,True,1
24.45,10.437,14.014,0.5732,29.2,83.2,True,s1->s2->c2->c1,Austin,O94,O4000,delivery_only,delivery_only,on_demand,on_demand,True,9,26,8.45,12.87,0.0,4.747,9.38,5.689,36.8,both_delivery,True,1
27.824,14.088,13.736,0.4937,28.6,95.2,True,s1->s2->c1->c2,Austin,O4529,O5296,delivery_only,delivery_only,same_day,on_demand,True,10,3,7.34,4.98,0.0,7.133,6.955,13.914,24.8,both_delivery,True,1
25.748,12.015,13.733,0.5334,46.4,120.0,True,s1->s2->c1->c2,Austin,O208,O745,shop_and_deliver,delivery_only,on_demand,same_day,True,7,11,5.43,8.6,0.0,3.662,8.353,9.042,26.4,mixed,True,1
32.135,18.406,13.729,0.4272,56.3,110.4,True,s1->s2->c1->c2,Austin,O3060,O3438,delivery_only,shop_and_deliver,on_demand,on_demand,True,2,7,4.74,5.75,0.0,8.798,9.608,12.918,9.6,mixed,True,1
22.65,8.944,13.706,0.6051,42.6,77.9,True,s1->s2->c2->c1,Austin,O3210,O3414,shop_and_deliver,delivery_only,on_demand,on_demand,True,39,9,14.96,13.01,0.0,1.534,7.62,7.41,42.1,mixed,True,1
23.893,10.318,13.575,0.5682,34.9,234.3,True,s1->s2->c2->c1,Austin,O3845,O5540,delivery_only,shop_and_deliver,same_day,same_day,True,16,21,11.36,11.75,0.0,7.058,10.316,3.26,5.7,mixed,True,1
24.174,10.607,13.567,0.5612,63.8,120.0,True,s1->s2->c2->c1,Austin,O610,O4751,shop_and_deliver,shop_and_deliver,on_demand,same_day,True,11,25,6.36,11.83,0.0,7.499,10.533,3.108,26.5,both_shop,True,1
24.956,11.41,13.546,0.5428,64.8,120.0,True,s1->s2->c2->c1,Austin,O487,O3274,delivery_only,shop_and_deliver,same_day,on_demand,True,5,19,4.77,14.19,0.0,8.498,11.022,2.912,44.7,mixed,True,1
22.859,9.447,13.412,0.5867,25.5,117.7,True,s1->s2->c2->c1,Austin,O4798,O5705,delivery_only,delivery_only,same_day,on_demand,False,4,17,7.29,8.16,0.373,4.598,9.33,4.476,2.3,both_delivery,True,1
24.757,11.348,13.409,0.5416,41.4,99.5,True,s1->s2->c2->c1,Austin,O1728,O3766,delivery_only,delivery_only,on_demand,on_demand,True,7,12,7.95,9.39,0.0,7.192,10.301,4.156,20.5,both_delivery,True,1
20.977,7.605,13.371,0.6374,21.4,116.1,True,s1->s2->c1->c2,Austin,O1165,O4270,delivery_only,delivery_only,on_demand,same_day,True,3,4,5.42,5.35,0.0,0.675,6.93,7.117,3.9,both_delivery,True,1
22.743,9.41,13.334,0.5863,35.1,120.0,True,s1->s2->c2->c1,Austin,O2145,O4457,delivery_only,shop_and_deliver,on_demand,same_day,True,4,4,6.58,5.99,0.0,2.027,7.68,7.383,34.6,mixed,True,1
24.992,11.686,13.307,0.5324,42.4,120.0,True,s1->s2->c2->c1,Austin,O999,O3930,shop_and_deliver,delivery_only,on_demand,same_day,True,14,6,7.64,8.77,0.0,6.08,9.693,5.606,29.5,mixed,True,1
24.951,11.722,13.228,0.5302,48.2,120.0,True,s1->s2->c2->c1,Austin,O1983,O5661,shop_and_deliver,shop_and_deliver,next_day,on_demand,True,8,14,7.49,9.69,0.0,9.509,11.369,2.213,16.7,both_shop,True,1
20.246,7.075,13.171,0.6506,28.0,211.1,True,s1->s2->c2->c1,Austin,O2223,O5703,shop_and_deliver,delivery_only,same_day,same_day,True,5,7,5.01,8.05,0.0,0.822,6.997,6.252,28.9,mixed,True,1
27.542,14.424,13.118,0.4763,48.3,240.0,True,s1->s2->c2->c1,Austin,O942,O5491,shop_and_deliver,shop_and_deliver,next_day,same_day,True,14,3,10.04,5.51,0.0,7.854,10.486,6.57,13.9,both_shop,True,1
26.775,13.766,13.008,0.4858,63.6,117.5,True,s1->s2->c1->c2,Austin,O4325,O4341,shop_and_deliver,shop_and_deliver,same_day,on_demand,True,3,9,5.16,7.94,0.0,5.922,7.845,11.085,2.5,both_shop,True,1
23.646,10.654,12.992,0.5494,66.0,108.8,True,s1->s2->c2->c1,Austin,O4623,O5270,delivery_only,shop_and_deliver,on_demand,on_demand,True,22,19,9.69,10.21,0.0,6.918,9.955,3.736,11.2,mixed,True,1
24.148,11.157,12.99,0.538,50.1,82.3,True,s1->s2->c2->c1,Austin,O1574,O5670,shop_and_deliver,delivery_only,next_day,on_demand,True,20,3,11.43,7.35,0.0,3.726,8.358,7.431,37.7,mixed,True,1
24.06,11.175,12.885,0.5355,37.9,93.2,True,s2->s1->c1->c2,Austin,O240,O539,shop_and_deliver,delivery_only,on_demand,same_day,False,17,11,8.86,6.26,0.481,3.013,7.681,8.512,26.8,mixed,True,1
21.43,8.578,12.852,0.5997,54.2,214.1,True,s1->s2->c2->c1,Austin,O3462,O5163,shop_and_deliver,delivery_only,same_day,same_day,True,12,13,7.86,8.98,0.0,4.28,8.566,4.299,25.9,mixed,True,1
22.733,9.952,12.781,0.5622,35.3,202.1,True,s1->s2->c1->c2,Austin,O1461,O1596,delivery_only,delivery_only,same_day,next_day,True,32,17,13.05,11.43,0.0,3.344,6.608,9.517,37.9,both_delivery,True,1
20.879,8.133,12.746,0.6105,40.9,234.3,True,s2->s1->c2->c1,Austin,O3582,O4066,shop_and_deliver,shop_and_deliver,same_day,next_day,False,11,4,6.69,8.49,0.373,2.125,7.273,5.971,5.7,both_shop,True,1
20.19,7.545,12.644,0.6263,58.9,85.0,True,s1->s2->c2->c1,Austin,O317,O3098,shop_and_deliver,delivery_only,same_day,on_demand,True,16,20,8.82,12.82,0.0,2.367,7.506,5.178,35.0,mixed,True,1
38.215,25.697,12.518,0.3276,78.4,108.2,True,s1->s2->c2->c1,Austin,O364,O1351,shop_and_deliver,delivery_only,same_day,on_demand,False,15,8,9.86,7.91,0.373,18.909,16.069,6.415,11.8,mixed,True,1
24.864,12.358,12.505,0.503,63.9,203.8,True,s1->s2->c1->c2,Austin,O3365,O3366,shop_and_deliver,shop_and_deliver,same_day,same_day,True,10,24,7.41,12.48,0.0,5.768,6.591,11.682,36.2,both_shop,True,1
22.34,9.839,12.501,0.5596,48.3,120.0,True,s1->s2->c2->c1,Austin,O2670,O4115,shop_and_deliver,shop_and_deliver,same_day,on_demand,True,15,5,8.76,7.3,0.0,2.985,7.743,6.854,26.2,both_shop,True,1
21.54,9.04,12.5,0.5803,44.5,119.5,True,s1->s2->c2->c1,Austin,O2347,O2614,shop_and_deliver,shop_and_deliver,on_demand,same_day,True,5,14,7.95,7.18,0.0,4.999,8.749,4.041,0.5,both_shop,True,1
21.223,8.74,12.484,0.5882,45.6,81.8,True,s1->s2->c2->c1,Austin,O5541,O5729,shop_and_deliver,shop_and_deliver,same_day,on_demand,True,15,5,9.1,7.61,0.0,4.386,8.435,4.354,38.2,both_shop,True,1
26.831,14.46,12.371,0.4611,41.9,208.9,True,s1->s2->c2->c1,Austin,O3066,O5147,delivery_only,shop_and_deliver,same_day,same_day,True,26,5,14.03,6.07,0.0,12.325,12.348,2.135,31.1,mixed,True,1
25.842,13.499,12.344,0.4776,61.2,201.0,True,s1->s2->c2->c1,Austin,O359,O2315,shop_and_deliver,delivery_only,same_day,next_day,True,15,12,12.38,9.56,0.0,9.918,11.131,3.581,39.0,mixed,True,1
21.185,8.844,12.341,0.5825,29.8,76.1,True,s1->s2->c2->c1,Austin,O1306,O5516,shop_and_deliver,delivery_only,same_day,on_demand,True,2,11,4.62,7.21,0.0,3.585,7.963,5.259,43.9,mixed,True,1
24.493,12.187,12.307,0.5025,60.4,213.1,True,s2->s1->c2->c1,Austin,O4477,O4774,shop_and_deliver,shop_and_deliver,next_day,same_day,False,13,12,7.11,9.98,0.373,8.106,10.283,3.956,26.9,both_shop,True,1
19.365,7.203,12.161,0.628,42.1,120.0,True,s1->s2->c1->c2,Austin,O3511,O5533,shop_and_deliver,shop_and_deliver,on_demand,same_day,True,8,12,9.21,6.64,0.0,1.012,6.191,6.982,43.5,both_shop,True,1
28.514,16.417,12.097,0.4243,79.8,238.3,True,s1->s2->c2->c1,Austin,O1740,O4435,shop_and_deliver,shop_and_deliver,same_day,same_day,True,1,7,6.21,8.24,0.0,7.82,9.959,8.597,1.7,both_shop,True,1
28.995,16.937,12.058,0.4159,75.2,113.5,True,s1->s2->c2->c1,Austin,O4169,O5254,delivery_only,shop_and_deliver,on_demand,next_day,True,9,15,8.16,7.64,0.0,12.117,12.087,4.82,6.5,mixed,True,1
19.994,7.994,12.0,0.6002,32.6,240.0,True,s1->s2->c2->c1,Austin,O996,O5197,delivery_only,shop_and_deliver,same_day,next_day,True,14,4,11.6,9.43,0.0,2.23,7.115,5.764,14.8,mixed,True,1
20.733,8.758,11.975,0.5776,39.2,109.0,True,s1->s2->c2->c1,Austin,O99,O1565,shop_and_deliver,delivery_only,on_demand,on_demand,True,9,10,6.3,6.78,0.0,3.414,7.695,5.344,11.0,mixed,True,1
19.125,7.197,11.928,0.6237,33.1,114.1,True,s1->s2->c2->c1,Austin,O1915,O2438,shop_and_deliver,delivery_only,next_day,on_demand,True,3,23,5.01,10.16,0.0,2.465,7.197,4.732,5.9,mixed,True,1
22.81,10.916,11.894,0.5214,77.0,234.2,True,s1->s2->c2->c1,Austin,O1006,O5043,shop_and_deliver,shop_and_deliver,same_day,same_day,True,19,3,12.26,6.16,0.0,6.944,9.419,3.972,5.8,both_shop,True,1
20.179,8.291,11.888,0.5891,40.9,87.6,True,s1->s2->c2->c1,Austin,O146,O5501,shop_and_deliver,shop_and_deliver,on_demand,on_demand,True,11,6,11.26,7.51,0.0,4.694,8.291,3.597,32.4,both_shop,True,1
37.01,25.124,11.886,0.3212,45.7,116.9,True,s1->s2->c2->c1,Austin,O3134,O4578,delivery_only,delivery_only,on_demand,on_demand,True,13,10,14.86,8.3,0.0,14.801,13.343,10.323,3.1,both_delivery,True,1
20.912,9.055,11.857,0.567,70.1,120.0,True,s1->s2->c1->c2,Austin,O2307,O2868,shop_and_deliver,shop_and_deliver,on_demand,next_day,True,22,5,13.41,12.52,0.0,2.977,6.078,8.757,43.3,both_shop,True,1
21.026,9.204,11.822,0.5622,28.7,120.0,True,s1->s2->c1->c2,Austin,O2862,O3422,delivery_only,delivery_only,same_day,on_demand,True,16,12,8.28,10.08,0.0,2.672,6.532,7.962,43.3,both_delivery,True,1
29.52,17.743,11.777,0.3989,57.2,120.0,True,s1->s2->c2->c1,Austin,O5044,O5836,delivery_only,shop_and_deliver,same_day,on_demand,True,12,8,9.41,6.61,0.0,9.305,10.541,8.438,33.1,mixed,True,1
28.444,16.747,11.697,0.4112,64.9,115.1,True,s1->s2->c2->c1,Austin,O2840,O5244,shop_and_deliver,shop_and_deliver,on_demand,next_day,True,20,8,14.48,7.14,0.0,13.067,12.382,3.68,4.9,both_shop,True,1
30.84,19.161,11.679,0.3787,76.9,120.0,True,s1->s2->c2->c1,Austin,O2399,O4945,shop_and_deliver,delivery_only,next_day,on_demand,True,9,28,8.47,15.76,0.0,16.591,14.135,2.57,31.7,mixed,True,1
23.922,12.265,11.657,0.4873,25.6,92.9,True,s1->s2->c1->c2,Austin,O2047,O5161,delivery_only,delivery_only,on_demand,on_demand,True,10,13,7.13,9.33,0.0,6.432,5.834,12.254,27.1,both_delivery,True,1
24.19,12.567,11.623,0.4805,39.9,120.0,True,s1->s2->c1->c2,Austin,O3879,O4038,delivery_only,shop_and_deliver,next_day,on_demand,True,19,4,9.4,6.62,0.0,5.264,7.303,9.585,40.1,mixed,True,1
24.17,12.598,11.572,0.4788,52.7,78.7,True,s1->s2->c1->c2,Austin,O3050,O3058,shop_and_deliver,shop_and_deliver,on_demand,same_day,True,4,4,6.73,5.05,0.0,6.382,6.216,11.738,41.3,both_shop,True,1
19.915,8.374,11.541,0.5795,21.2,120.0,True,s1->s2->c2->c1,Austin,O2850,O4952,delivery_only,delivery_only,on_demand,next_day,True,14,26,7.74,11.28,0.0,3.074,7.308,5.299,43.1,both_delivery,True,1
20.591,9.062,11.529,0.5599,40.9,93.1,True,s1->s2->c2->c1,Austin,O405,O5383,delivery_only,shop_and_deliver,on_demand,on_demand,True,31,6,11.75,7.76,0.0,5.036,8.283,4.026,26.9,mixed,True,1
22.088,10.587,11.501,0.5207,39.1,120.0,True,s2->s1->c2->c1,Austin,O1248,O3486,shop_and_deliver,delivery_only,on_demand,same_day,False,17,13,9.85,12.16,0.481,9.065,10.051,1.505,36.0,mixed,True,1
18.821,7.328,11.493,0.6107,77.6,100.9,True,s1->s2->c2->c1,Austin,O998,O5825,shop_and_deliver,shop_and_deliver,on_demand,on_demand,True,17,7,9.23,6.65,0.0,2.136,6.815,5.191,19.1,both_shop,True,1
25.709,14.245,11.464,0.4459,50.9,120.0,True,s1->s2->c2->c1,Austin,O756,O1951,delivery_only,delivery_only,on_demand,same_day,True,16,9,8.51,7.51,0.0,9.243,10.353,5.002,18.2,both_delivery,True,1
34.823,23.382,11.441,0.3285,90.6,102.4,True,s1->s2->c2->c1,Austin,O1489,O1763,shop_and_deliver,shop_and_deliver,on_demand,same_day,True,17,15,8.32,12.1,0.0,17.306,14.373,6.076,17.6,both_shop,True,1
20.439,9.0,11.439,0.5597,65.6,109.3,True,s1->s2->c1->c2,Austin,O2310,O4908,shop_and_deliver,shop_and_deliver,on_demand,same_day,True,7,12,7.97,7.48,0.0,3.271,5.729,8.981,10.7,both_shop,True,1
23.597,12.17,11.427,0.4843,49.0,202.6,True,s1->s2->c2->c1,Austin,O1780,O4313,shop_and_deliver,delivery_only,same_day,same_day,True,7,14,6.58,11.38,0.0,7.384,9.405,4.786,37.4,mixed,True,1
20.845,9.44,11.405,0.5471,51.0,105.0,True,s1->s2->c1->c2,Austin,O1997,O4208,shop_and_deliver,delivery_only,same_day,on_demand,True,9,8,8.58,7.8,0.0,3.223,6.217,8.411,15.0,mixed,True,1
22.371,11.079,11.292,0.5048,83.7,90.4,True,s1->s2->c2->c1,Austin,O2401,O2528,shop_and_deliver,shop_and_deliver,on_demand,on_demand,True,18,12,13.29,9.54,0.0,7.953,9.623,3.126,29.6,both_shop,True,1
21.299,10.018,11.281,0.5296,52.9,120.0,True,s1->s2->c1->c2,Austin,O4533,O4835,shop_and_deliver,delivery_only,same_day,on_demand,True,14,5,8.32,7.38,0.0,3.325,6.693,7.912,17.4,mixed,True,1
19.305,8.048,11.257,0.5831,25.9,204.7,True,s1->s2->c2->c1,Austin,O3979,O4212,delivery_only,delivery_only,next_day,same_day,True,16,16,7.72,9.43,0.0,3.717,7.487,4.331,35.3,both_delivery,True,1
21.146,9.896,11.25,0.532,55.3,96.7,True,s1->s2->c2->c1,Austin,O3568,O5156,delivery_only,shop_and_deliver,on_demand,on_demand,True,12,12,6.5,9.0,0.0,2.908,7.079,6.988,23.3,mixed,True,1
19.533,8.359,11.173,0.572,65.5,120.0,True,s1->s2->c2->c1,Austin,O2919,O3951,shop_and_deliver,shop_and_deliver,next_day,on_demand,True,10,11,8.559999999999999,8.99,0.0,2.676,6.925,5.683,8.7,both_shop,True,1
25.271,14.158,11.113,0.4397,52.9,93.1,True,s2->s1->c1->c2,Austin,O327,O4065,shop_and_deliver,delivery_only,on_demand,on_demand,False,12,6,9.12,7.59,0.373,5.905,7.88,9.452,26.9,mixed,True,1
18.265,7.192,11.073,0.6062,61.0,113.1,True,s1->s2->c2->c1,Austin,O1098,O5468,shop_and_deliver,shop_and_deliver,on_demand,on_demand,True,27,8,12.87,7.56,0.0,1.119,6.096,6.074,6.9,both_shop,True,1
19.428,8.359,11.069,0.5697,28.4,83.3,True,s1->s2->c1->c2,Austin,O2965,O3314,delivery_only,shop_and_deliver,on_demand,on_demand,True,22,6,13.13,6.35,0.0,2.681,5.678,8.071,36.7,mixed,True,1
18.83,7.783,11.046,0.5866,51.6,108.8,True,s1->s2->c2->c1,Austin,O135,O1516,shop_and_deliver,delivery_only,on_demand,on_demand,True,17,7,10.56,6.57,0.0,3.008,7.027,4.775,11.2,mixed,True,1
20.12,9.127,10.993,0.5464,49.3,112.9,True,s1->s2->c1->c2,Austin,O721,O1573,delivery_only,shop_and_deliver,same_day,on_demand,True,29,16,13.17,7.57,0.0,3.63,5.497,9.126,7.1,mixed,True,1
19.283,8.305,10.978,0.5693,48.3,80.5,True,s1->s2->c2->c1,Austin,O2217,O2671,shop_and_deliver,shop_and_deliver,on_demand,on_demand,True,16,8,7.81,8.0,0.0,5.569,8.273,2.737,39.5,both_shop,True,1
20.474,9.537,10.937,0.5342,44.0,120.0,True,s1->s2->c2->c1,Austin,O983,O2220,shop_and_deliver,delivery_only,on_demand,same_day,False,4,9,6.11,7.87,0.373,7.308,9.457,1.856,39.4,mixed,True,1
25.624,14.691,10.933,0.4267,47.9,120.0,True,s2->s1->c2->c1,Austin,O1223,O1617,delivery_only,shop_and_deliver,next_day,on_demand,False,35,5,16.42,5.02,0.373,7.226,8.969,7.314,20.2,mixed,True,1
25.761,14.831,10.93,0.4243,41.6,102.5,True,s1->s2->c2->c1,Austin,O512,O3048,delivery_only,delivery_only,on_demand,on_demand,True,13,11,7.15,10.15,0.0,11.736,11.333,3.095,17.5,both_delivery,True,1
17.002,6.097,10.905,0.6414,41.9,88.6,True,s1->s2->c2->c1,Austin,O223,O4742,shop_and_deliver,delivery_only,on_demand,same_day,True,10,14,7.28,11.88,0.0,1.019,5.962,5.077,31.4,mixed,True,1
16.697,5.871,10.826,0.6484,24.7,1413.9,True,s1->s2->c2->c1,Austin,O2845,O3616,shop_and_deliver,delivery_only,next_day,next_day,True,5,9,5.43,6.21,0.0,0.416,5.621,5.454,26.1,mixed,True,1
28.645,17.913,10.731,0.3746,60.6,86.9,True,s1->s2->c2->c1,Austin,O2064,O2218,delivery_only,shop_and_deliver,on_demand,same_day,True,8,9,7.62,7.03,0.0,14.681,12.706,3.233,33.1,mixed,True,1
29.173,18.505,10.668,0.3657,56.2,120.0,True,s1->s2->c1->c2,Austin,O753,O5170,delivery_only,delivery_only,on_demand,same_day,True,10,4,7.7,12.05,0.0,8.79,9.715,9.743,36.1,both_delivery,True,1
20.257,9.61,10.646,0.5256,32.8,101.1,True,s2->s1->c1->c2,Austin,O3801,O5301,delivery_only,delivery_only,on_demand,on_demand,False,7,2,6.69,5.88,0.481,2.72,6.409,6.958,18.9,both_delivery,True,1
35.544,24.916,10.628,0.299,84.9,108.6,True,s1->s2->c1->c2,Austin,O2721,O3569,delivery_only,shop_and_deliver,on_demand,next_day,True,18,19,11.54,10.46,0.0,13.731,11.185,13.175,11.4,mixed,True,1
20.984,10.36,10.625,0.5063,24.5,238.9,True,s1->s2->c2->c1,Austin,O4747,O5524,delivery_only,delivery_only,same_day,next_day,True,19,30,8.61,14.42,0.0,6.097,8.361,4.263,1.1,both_delivery,True,1
21.482,10.877,10.605,0.4937,45.7,77.4,True,s1->s2->c2->c1,Austin,O1454,O3992,shop_and_deliver,delivery_only,on_demand,same_day,True,11,12,7.12,8.74,0.0,6.96,8.782,3.918,42.6,mixed,True,1
24.124,13.56,10.565,0.4379,35.6,203.1,True,s1->s2->c2->c1,Austin,O1943,O3138,delivery_only,delivery_only,same_day,same_day,True,17,6,9.02,7.75,0.0,10.259,10.412,3.301,36.9,both_delivery,True,1
17.426,6.879,10.547,0.6053,45.0,205.7,True,s1->s2->c2->c1,Austin,O72,O1292,shop_and_deliver,shop_and_deliver,same_day,same_day,True,5,5,5.73,9.94,0.0,2.814,6.68,4.065,34.3,both_shop,True,1
25.927,15.415,10.512,0.4054,40.0,110.1,True,s1->s2->c1->c2,Austin,O2362,O3465,shop_and_deliver,delivery_only,on_demand,same_day,True,1,19,4.43,13.29,0.0,9.294,6.122,13.684,9.9,mixed,True,1
24.395,13.906,10.489,0.43,59.9,120.0,True,s1->s2->c1->c2,Austin,O842,O4834,delivery_only,shop_and_deliver,on_demand,next_day,True,12,8,10.25,5.5,0.0,6.284,7.623,9.15,21.7,mixed,True,1
21.376,10.896,10.48,0.4903,60.2,105.3,True,s1->s2->c2->c1,Austin,O645,O1965,shop_and_deliver,delivery_only,on_demand,on_demand,False,9,32,8.23,12.35,0.373,7.311,8.982,3.211,14.7,mixed,True,1
18.15,7.68,10.471,0.5769,35.4,210.2,True,s1->s2->c2->c1,Austin,O1823,O5927,delivery_only,shop_and_deliver,same_day,same_day,True,14,7,7.78,6.46,0.0,3.947,7.209,3.732,29.8,mixed,True,1
18.505,8.092,10.413,0.5627,35.6,205.0,True,s1->s2->c1->c2,Austin,O196,O5588,delivery_only,shop_and_deliver,same_day,next_day,True,16,4,9.92,8.82,0.0,2.584,5.508,7.489,35.0,mixed,True,1
21.088,10.809,10.279,0.4874,38.1,197.4,True,s1->s2->c2->c1,Austin,O869,O2897,shop_and_deliver,shop_and_deliver,same_day,same_day,True,8,5,10.02,8.26,0.0,5.049,7.664,5.761,42.6,both_shop,True,1
16.439,6.225,10.214,0.6213,30.9,101.2,True,s1->s2->c2->c1,Austin,O2411,O2901,shop_and_deliver,delivery_only,same_day,on_demand,True,10,10,7.25,6.14,0.0,1.907,6.06,4.318,18.8,mixed,True,1
19.805,9.602,10.203,0.5152,49.0,80.1,True,s1->s2->c2->c1,Austin,O311,O1173,shop_and_deliver,delivery_only,on_demand,on_demand,True,8,15,9.11,13.64,0.0,8.999,9.601,0.603,39.9,mixed,True,1
16.129,5.947,10.182,0.6313,69.1,109.6,True,s1->s2->c2->c1,Austin,O1371,O5574,shop_and_deliver,shop_and_deliver,same_day,on_demand,True,9,15,9.43,8.95,0.0,1.482,5.832,4.464,10.4,both_shop,True,1
21.954,11.829,10.125,0.4612,56.9,196.8,True,s1->s2->c2->c1,Austin,O1922,O2447,delivery_only,shop_and_deliver,same_day,same_day,True,3,14,8.92,9.69,0.0,4.78,7.452,7.049,43.2,mixed,True,1
18.688,8.586,10.102,0.5405,56.4,99.3,True,s1->s2->c2->c1,Austin,O2222,O5651,shop_and_deliver,shop_and_deliver,same_day,on_demand,True,7,12,7.49,6.52,0.0,7.03,8.566,1.556,20.7,both_shop,True,1
20.114,10.017,10.097,0.502,51.3,84.6,True,s1->s2->c1->c2,Austin,O159,O2338,shop_and_deliver,delivery_only,on_demand,same_day,True,13,24,8.03,14.4,0.0,3.835,6.183,7.749,35.4,mixed,True,1
19.829,9.756,10.072,0.508,45.4,230.1,True,s1->s2->c2->c1,Austin,O4319,O4495,shop_and_deliver,shop_and_deliver,same_day,same_day,True,2,11,11.3,7.91,0.0,8.841,9.457,0.915,9.9,both_shop,True,1
20.568,10.544,10.024,0.4874,42.6,204.5,True,s1->s2->c1->c2,Austin,O3781,O5123,delivery_only,shop_and_deliver,same_day,same_day,True,6,7,8.67,7.2,0.0,4.506,6.038,8.493,35.5,mixed,True,1
19.021,8.998,10.023,0.527,63.5,237.3,True,s1->s2->c2->c1,Austin,O3203,O5770,shop_and_deliver,shop_and_deliver,same_day,same_day,True,4,27,4.68,12.66,0.0,6.033,8.028,2.965,2.7,both_shop,True,1
19.224,9.256,9.968,0.5185,54.9,94.6,True,s1->s2->c2->c1,Austin,O2925,O4905,shop_and_deliver,shop_and_deliver,on_demand,same_day,True,14,7,7.11,9.36,0.0,7.459,8.713,1.798,25.4,both_shop,True,1
16.591,6.639,9.952,0.5998,35.4,114.3,True,s1->s2->c2->c1,Austin,O1518,O2383,shop_and_deliver,delivery_only,same_day,on_demand,True,5,19,7.05,10.28,0.0,3.292,6.622,3.347,5.7,mixed,True,1
18.065,8.116,9.949,0.5507,45.1,120.0,True,s1->s2->c2->c1,Austin,O3328,O5324,delivery_only,shop_and_deliver,on_demand,same_day,True,6,15,5.62,9.66,0.0,3.443,6.696,4.673,28.8,mixed,True,1
21.482,11.58,9.902,0.4609,70.4,120.0,True,s1->s2->c2->c1,Austin,O2580,O4404,shop_and_deliver,shop_and_deliver,on_demand,next_day,True,5,24,5.89,15.11,0.0,7.443,8.672,4.137,41.1,both_shop,True,1
26.884,16.983,9.901,0.3683,38.8,95.3,True,s1->s2->c1->c2,Austin,O316,O3070,delivery_only,delivery_only,on_demand,on_demand,True,14,9,12.06,8.04,0.0,10.992,5.991,14.902,24.7,both_delivery,True,1
24.915,15.015,9.899,0.3973,54.0,92.1,True,s1->s2->c2->c1,Austin,O3812,O4415,shop_and_deliver,shop_and_deliver,on_demand,on_demand,True,3,12,4.69,9.3,0.0,12.428,11.164,2.587,27.9,both_shop,True,1
23.685,13.881,9.804,0.4139,77.8,226.3,True,s1->s2->c2->c1,Austin,O4872,O4904,shop_and_deliver,shop_and_deliver,same_day,next_day,True,11,6,8.19,8.14,0.0,11.452,10.628,2.429,13.7,both_shop,True,1
24.471,14.671,9.8,0.4005,60.7,120.0,True,s1->s2->c2->c1,Austin,O2604,O2764,shop_and_deliver,delivery_only,next_day,on_demand,True,5,20,4.79,10.09,0.0,11.865,10.833,2.806,25.1,mixed,True,1
19.305,9.582,9.723,0.5036,53.6,103.7,True,s1->s2->c2->c1,Austin,O4015,O4734,shop_and_deliver,shop_and_deliver,same_day,on_demand,True,3,17,7.19,10.15,0.0,8.998,9.361,0.584,16.3,both_shop,True,1
17.694,7.989,9.704,0.5485,38.1,120.0,True,s1->s2->c2->c1,Austin,O380,O816,shop_and_deliver,shop_and_deliver,on_demand,next_day,True,9,9,8.42,6.89,0.0,5.021,7.363,2.968,31.7,both_shop,True,1
18.152,8.469,9.683,0.5334,56.5,116.9,True,s1->s2->c2->c1,Austin,O2376,O3595,shop_and_deliver,shop_and_deliver,same_day,on_demand,True,8,12,6.45,6.58,0.0,6.283,7.983,2.186,3.1,both_shop,True,1
16.137,6.528,9.609,0.5955,50.0,120.0,True,s1->s2->c2->c1,Austin,O3727,O5776,shop_and_deliver,shop_and_deliver,same_day,on_demand,True,11,15,7.39,13.19,0.0,2.774,6.191,3.754,44.5,both_shop,True,1
15.139,5.541,9.599,0.634,34.9,218.8,True,s1->s2->c2->c1,Austin,O4781,O5921,delivery_only,shop_and_deliver,same_day,next_day,True,5,7,7.13,5.51,0.0,1.468,5.533,4.072,21.2,mixed,True,1
16.114,6.536,9.578,0.5944,28.6,219.3,True,s1->s2->c2->c1,Austin,O1425,O1663,shop_and_deliver,delivery_only,same_day,same_day,True,4,25,10.29,12.45,0.0,3.045,6.312,3.491,20.7,mixed,True,1
20.988,11.452,9.535,0.4543,58.6,120.0,True,s1->s2->c1->c2,Austin,O470,O2722,shop_and_deliver,shop_and_deliver,next_day,on_demand,True,15,20,8.85,13.87,0.0,6.08,5.373,10.243,26.0,both_shop,True,1
16.222,6.7,9.522,0.587,53.5,196.6,True,s1->s2->c2->c1,Austin,O3369,O4526,shop_and_deliver,shop_and_deliver,same_day,next_day,True,12,4,9.01,5.54,0.0,3.862,6.692,2.838,43.4,both_shop,True,1
16.347,6.922,9.426,0.5766,45.0,120.0,True,s1->s2->c2->c1,Austin,O4949,O5887,delivery_only,shop_and_deliver,next_day,on_demand,True,15,7,10.45,8.36,0.0,4.358,6.892,2.564,17.3,mixed,True,1
20.14,10.733,9.407,0.4671,52.1,231.3,True,s1->s2->c1->c2,Austin,O985,O2013,shop_and_deliver,delivery_only,next_day,same_day,True,16,5,11.27,11.0,0.0,4.392,6.341,7.458,8.7,mixed,True,1
17.097,7.692,9.405,0.5501,33.4,106.9,True,s1->s2->c2->c1,Austin,O1555,O3233,delivery_only,shop_and_deliver,on_demand,same_day,True,3,15,4.69,9.02,0.0,2.031,5.718,5.661,13.1,mixed,True,1
15.949,6.57,9.379,0.5881,23.6,105.5,True,s1->s2->c1->c2,Austin,O5311,O5902,delivery_only,delivery_only,same_day,on_demand,True,10,8,7.6,6.48,0.0,1.658,4.912,6.124,14.5,both_delivery,True,1
17.411,8.045,9.366,0.5379,63.1,120.0,True,s1->s2->c2->c1,Austin,O108,O4536,delivery_only,shop_and_deliver,same_day,on_demand,True,16,29,9.2,11.81,0.0,3.565,6.466,4.48,12.2,mixed,True,1
27.0,17.65,9.35,0.3463,34.9,102.1,True,s1->s2->c2->c1,Austin,O1762,O2936,delivery_only,delivery_only,on_demand,same_day,True,13,15,8.25,9.36,0.0,12.17,10.76,5.48,17.9,both_delivery,True,1
22.106,12.771,9.335,0.4223,42.7,200.7,True,s1->s2->c1->c2,Austin,O3198,O4285,delivery_only,shop_and_deliver,same_day,next_day,True,20,6,11.73,9.61,0.0,5.509,7.262,7.581,39.3,mixed,True,1
23.075,13.758,9.317,0.4038,37.0,229.6,True,s1->s2->c2->c1,Austin,O3577,O5275,shop_and_deliver,delivery_only,same_day,same_day,True,15,6,9.02,7.94,0.0,10.735,10.026,3.023,10.4,mixed,True,1
15.913,6.629,9.284,0.5834,52.3,240.0,True,s1->s2->c2->c1,Austin,O1030,O3680,shop_and_deliver,shop_and_deliver,same_day,next_day,True,16,7,10.43,7.31,0.0,2.667,5.976,3.961,28.3,both_shop,True,1
21.039,11.899,9.14,0.4344,45.4,101.2,True,s1->s2->c1->c2,Austin,O75,O3385,delivery_only,shop_and_deliver,next_day,on_demand,True,9,6,6.23,8.05,0.0,5.404,6.495,8.049,18.8,mixed,True,1
18.743,9.617,9.126,0.4869,48.7,120.0,True,s1->s2->c2->c1,Austin,O3648,O5069,shop_and_deliver,shop_and_deliver,on_demand,same_day,True,3,12,9.04,8.280000000000001,0.0,8.474,8.8,1.143,0.2,both_shop,True,1
15.624,6.517,9.108,0.5829,50.7,113.8,True,s1->s2->c2->c1,Austin,O157,O2152,shop_and_deliver,shop_and_deliver,on_demand,on_demand,True,9,9,7.11,8.8,0.0,3.862,6.485,2.655,6.2,both_shop,True,1
15.077,5.989,9.088,0.6028,25.5,120.0,True,s1->s2->c1->c2,Austin,O1245,O3663,shop_and_deliver,delivery_only,on_demand,same_day,True,7,12,7.77,7.4,0.0,1.072,4.917,5.242,8.3,mixed,True,1
16.076,7.058,9.017,0.5609,45.0,234.7,True,s1->s2->c2->c1,Austin,O2857,O3247,shop_and_deliver,delivery_only,next_day,same_day,True,9,5,8.39,5.57,0.0,2.955,5.986,4.103,5.3,mixed,True,1
16.712,7.698,9.014,0.5394,30.6,98.4,True,s1->s2->c2->c1,Austin,O2407,O3215,delivery_only,delivery_only,on_demand,same_day,True,12,10,9.03,8.62,0.0,5.232,7.123,2.466,21.6,both_delivery,True,1
23.523,14.536,8.987,0.382,62.3,111.4,True,s1->s2->c2->c1,Austin,O2417,O3535,delivery_only,shop_and_deliver,same_day,on_demand,True,37,26,15.01,11.85,0.0,9.921,9.454,4.615,8.6,mixed,True,1
18.672,9.687,8.986,0.4812,41.1,120.0,True,s1->s2->c2->c1,Austin,O2410,O5143,delivery_only,shop_and_deliver,next_day,on_demand,True,7,9,7.26,9.36,0.0,6.444,7.715,3.242,10.0,mixed,True,1
30.526,21.559,8.967,0.2937,99.2,110.6,True,s1->s2->c2->c1,Austin,O1912,O2546,shop_and_deliver,shop_and_deliver,on_demand,on_demand,True,20,4,10.77,8.39,0.0,17.075,13.021,4.484,9.4,both_shop,True,1
13.944,4.986,8.958,0.6425,27.9,208.8,True,s1->s2->c1->c2,Austin,O1872,O5359,shop_and_deliver,delivery_only,same_day,same_day,True,4,10,8.73,8.94,0.0,0.446,4.539,4.865,31.2,mixed,True,1
16.904,7.971,8.933,0.5285,32.9,104.9,True,s1->s2->c2->c1,Austin,O1413,O5223,delivery_only,shop_and_deliver,on_demand,on_demand,True,21,5,13.38,5.63,0.0,2.831,5.882,5.14,15.1,mixed,True,1
23.154,14.283,8.871,0.3831,91.5,120.0,True,s1->s2->c1->c2,Austin,O5046,O5231,shop_and_deliver,shop_and_deliver,on_demand,same_day,True,15,5,8.68,4.86,0.0,8.704,5.58,11.995,9.8,both_shop,True,1
19.841,10.972,8.87,0.447,41.4,120.0,True,s1->s2->c2->c1,Austin,O5387,O5885,shop_and_deliver,delivery_only,on_demand,same_day,True,8,6,6.9,7.11,0.0,5.457,7.164,5.514,18.0,mixed,True,1
29.342,20.48,8.862,0.302,85.2,98.3,True,s1->s2->c2->c1,Austin,O2423,O2587,shop_and_deliver,shop_and_deliver,same_day,on_demand,True,8,9,8.32,9.71,0.0,16.562,12.712,3.918,21.7,both_shop,True,1
21.232,12.389,8.843,0.4165,49.6,87.2,True,s1->s2->c1->c2,Austin,O2274,O2829,delivery_only,shop_and_deliver,on_demand,next_day,True,20,6,10.57,6.37,0.0,6.913,5.475,10.281,32.8,mixed,True,1
15.419,6.638,8.781,0.5695,38.7,97.8,True,s1->s2->c2->c1,Austin,O1324,O4308,shop_and_deliver,delivery_only,on_demand,next_day,True,11,8,6.56,8.06,0.0,4.371,6.576,2.267,22.2,mixed,True,1
14.762,6.003,8.759,0.5934,64.2,240.0,True,s2->s1->c2->c1,Austin,O4431,O4501,shop_and_deliver,shop_and_deliver,next_day,same_day,False,20,7,11.73,5.61,0.481,2.037,5.353,3.809,23.4,both_shop,True,1
20.843,12.111,8.732,0.4189,56.0,107.8,True,s2->s1->c2->c1,Austin,O3149,O5855,delivery_only,shop_and_deliver,same_day,on_demand,False,24,14,11.42,9.24,0.481,9.143,8.825,2.87,12.2,mixed,True,1
23.454,14.782,8.672,0.3697,50.5,223.6,True,s1->s2->c2->c1,Austin,O3906,O5892,shop_and_deliver,shop_and_deliver,same_day,same_day,True,6,3,7.7,6.12,0.0,12.446,10.559,2.336,16.4,both_shop,True,1
35.947,27.41,8.537,0.2375,72.3,215.2,True,s1->s2->c2->c1,Austin,O3645,O4220,delivery_only,shop_and_deliver,same_day,next_day,True,3,6,5.91,10.66,0.0,18.957,13.747,8.453,24.8,mixed,True,1
20.198,11.811,8.387,0.4153,62.6,103.8,True,s1->s2->c2->c1,Austin,O2874,O5659,shop_and_deliver,shop_and_deliver,same_day,on_demand,True,18,7,10.96,6.84,0.0,7.035,7.711,4.775,16.2,both_shop,True,1
17.293,8.947,8.345,0.4826,42.7,95.4,True,s1->s2->c2->c1,Austin,O3006,O4077,delivery_only,shop_and_deliver,on_demand,on_demand,True,11,10,8.96,9.09,0.0,8.742,8.544,0.206,24.6,mixed,True,1
13.237,4.992,8.245,0.6229,25.6,199.5,True,s1->s2->c2->c1,Austin,O1417,O2853,shop_and_deliver,delivery_only,same_day,same_day,True,8,14,6.05,9.81,0.0,1.695,4.97,3.297,40.5,mixed,True,1
30.104,22.041,8.063,0.2678,58.9,1408.7,True,s1->s2->c2->c1,Austin,O5308,O5786,shop_and_deliver,delivery_only,next_day,next_day,True,2,12,5.86,6.84,0.0,14.989,11.526,7.052,31.3,mixed,True,1
14.059,5.998,8.061,0.5734,31.6,120.0,True,s1->s2->c1->c2,Austin,O2443,O3452,delivery_only,shop_and_deliver,on_demand,same_day,True,5,13,8.26,9.36,0.0,1.327,4.67,4.719,12.7,mixed,True,1
18.197,10.198,7.999,0.4396,42.9,78.9,True,s1->s2->c2->c1,Austin,O622,O2198,delivery_only,shop_and_deliver,on_demand,on_demand,True,3,10,7.09,6.73,0.0,8.906,8.452,1.292,41.1,mixed,True,1
18.12,10.124,7.995,0.4412,50.6,88.5,True,s1->s2->c1->c2,Austin,O2636,O5356,shop_and_deliver,delivery_only,on_demand,on_demand,True,22,26,10.63,14.76,0.0,4.379,5.746,6.628,31.5,mixed,True,1
17.613,9.641,7.972,0.4526,44.4,234.9,True,s1->s2->c2->c1,Austin,O866,O954,shop_and_deliver,delivery_only,same_day,next_day,True,11,6,8.3,6.57,0.0,9.041,8.507,0.6,5.1,mixed,True,1
13.277,5.305,7.972,0.6004,52.5,219.2,True,s1->s2->c2->c1,Austin,O85,O2367,shop_and_deliver,shop_and_deliver,same_day,same_day,False,11,2,8.37,5.22,0.373,1.458,5.066,3.474,20.8,both_shop,True,1
15.554,7.625,7.929,0.5097,35.7,93.5,True,s1->s2->c1->c2,Austin,O1926,O3190,shop_and_deliver,delivery_only,on_demand,on_demand,True,8,6,9.9,12.79,0.0,3.63,3.996,7.563,26.5,mixed,True,1
13.155,5.247,7.908,0.6011,51.1,215.1,True,s1->s2->c2->c1,Austin,O471,O4985,shop_and_deliver,shop_and_deliver,same_day,same_day,False,19,7,11.72,7.93,0.481,1.571,5.22,3.195,24.9,both_shop,True,1
16.549,8.643,7.907,0.4778,27.7,119.6,True,s1->s2->c2->c1,Austin,O1746,O4190,delivery_only,delivery_only,same_day,on_demand,True,6,3,8.059999999999999,5.5,0.0,4.662,6.284,3.981,0.4,both_delivery,True,1
21.54,13.654,7.886,0.3661,29.4,113.8,True,s1->s2->c1->c2,Austin,O781,O1873,delivery_only,delivery_only,on_demand,same_day,True,6,13,6.33,9.83,0.0,8.33,5.324,10.892,6.2,both_delivery,True,1
16.483,8.64,7.843,0.4758,44.1,108.8,True,s1->s2->c2->c1,Austin,O2676,O5615,shop_and_deliver,delivery_only,on_demand,on_demand,True,9,15,8.46,9.95,0.0,6.611,7.227,2.029,11.2,mixed,True,1
16.095,8.291,7.803,0.4849,62.3,120.0,True,s1->s2->c2->c1,Austin,O729,O4024,delivery_only,shop_and_deliver,on_demand,same_day,True,4,20,7.24,10.55,0.0,6.386,7.095,1.905,3.2,mixed,True,1
14.588,6.821,7.768,0.5325,46.4,1422.0,True,s1->s2->c1->c2,Austin,O1868,O2784,shop_and_deliver,shop_and_deliver,next_day,next_day,True,10,36,6.14,15.21,0.0,2.845,3.975,6.638,18.0,both_shop,True,1
15.606,7.855,7.751,0.4966,40.6,88.6,True,s1->s2->c1->c2,Austin,O1493,O2364,delivery_only,shop_and_deliver,on_demand,same_day,True,6,5,7.22,9.31,0.0,3.303,4.553,6.501,31.4,mixed,True,1
18.936,11.262,7.674,0.4053,37.8,109.2,True,s1->s2->c1->c2,Austin,O4480,O5977,delivery_only,delivery_only,on_demand,on_demand,True,13,14,9.26,9.18,0.0,7.398,3.864,11.208,10.8,both_delivery,True,1
13.239,5.578,7.661,0.5787,43.6,114.7,True,s1->s2->c1->c2,Austin,O294,O1128,shop_and_deliver,shop_and_deliver,on_demand,on_demand,True,7,3,7.22,6.98,0.0,1.743,3.835,5.568,5.3,both_shop,True,1
16.876,9.237,7.639,0.4527,43.7,240.0,True,s1->s2->c1->c2,Austin,O183,O1824,shop_and_deliver,delivery_only,next_day,same_day,True,9,12,6.7,8.74,0.0,3.639,5.598,5.68,7.9,mixed,True,1
29.805,22.172,7.633,0.2561,59.2,120.0,True,s1->s2->c2->c1,Austin,O605,O3985,delivery_only,delivery_only,on_demand,same_day,True,23,11,10.83,6.37,0.0,13.936,10.784,8.237,14.8,both_delivery,True,1
19.189,11.607,7.582,0.3951,52.7,120.0,True,s1->s2->c1->c2,Austin,O3457,O5305,delivery_only,shop_and_deliver,on_demand,same_day,True,6,13,7.6,10.97,0.0,6.454,5.152,8.885,39.1,mixed,True,1
13.225,5.651,7.575,0.5727,44.2,232.4,True,s1->s2->c1->c2,Austin,O3226,O5490,shop_and_deliver,shop_and_deliver,same_day,same_day,True,8,10,8.05,6.74,0.0,1.779,3.871,5.483,7.6,both_shop,True,1
20.165,12.619,7.546,0.3742,54.0,120.0,True,s1->s2->c2->c1,Austin,O2413,O3756,shop_and_deliver,shop_and_deliver,same_day,on_demand,True,6,6,8.3,5.3,0.0,9.29,8.418,3.329,44.0,both_shop,True,1
17.68,10.209,7.471,0.4226,34.4,237.7,True,s1->s2->c1->c2,Austin,O3759,O3960,delivery_only,shop_and_deliver,same_day,same_day,True,23,12,14.2,8.77,0.0,6.408,3.801,10.079,2.3,mixed,True,1
22.171,14.733,7.437,0.3355,65.8,240.0,True,s1->s2->c2->c1,Austin,O1125,O4144,shop_and_deliver,shop_and_deliver,next_day,same_day,True,14,5,9.67,5.05,0.0,10.844,9.141,3.889,13.0,both_shop,True,1
14.847,7.513,7.334,0.494,42.1,82.8,True,s1->s2->c1->c2,Austin,O709,O1500,delivery_only,shop_and_deliver,on_demand,same_day,True,8,19,8.93,8.56,0.0,3.768,3.745,7.357,37.2,mixed,True,1
14.726,7.401,7.324,0.4974,39.5,120.0,True,s1->s2->c1->c2,Austin,O304,O2564,shop_and_deliver,delivery_only,same_day,on_demand,True,26,14,12.47,9.88,0.0,3.253,4.149,6.428,16.0,mixed,True,1
14.675,7.423,7.252,0.4942,41.7,104.4,True,s1->s2->c1->c2,Austin,O3605,O4228,delivery_only,shop_and_deliver,on_demand,on_demand,True,5,5,10.98,6.69,0.0,3.742,3.681,7.312,15.6,mixed,True,1
16.615,9.379,7.236,0.4355,54.0,118.3,True,s1->s2->c2->c1,Austin,O1697,O3295,delivery_only,shop_and_deliver,on_demand,next_day,True,19,19,11.75,10.91,0.0,5.327,6.281,4.053,1.7,mixed,True,1
19.735,12.51,7.226,0.3661,51.9,107.8,True,s1->s2->c2->c1,Austin,O1179,O4291,shop_and_deliver,shop_and_deliver,on_demand,on_demand,True,12,6,9.35,8.99,0.0,8.852,8.039,3.658,12.2,both_shop,True,1
11.892,4.753,7.139,0.6003,74.2,227.0,True,s1->s2->c2->c1,Austin,O3721,O4550,shop_and_deliver,shop_and_deliver,same_day,same_day,True,7,24,7.77,12.62,0.0,2.29,4.715,2.463,13.0,both_shop,True,1
11.881,4.793,7.087,0.5965,68.3,238.4,True,s1->s2->c1->c2,Austin,O1083,O3643,shop_and_deliver,shop_and_deliver,same_day,same_day,True,13,8,7.2,9.48,0.0,0.911,3.882,4.116,1.6,both_shop,True,1
15.428,8.357,7.071,0.4583,73.8,90.2,True,s1->s2->c1->c2,Austin,O1643,O3007,shop_and_deliver,shop_and_deliver,next_day,on_demand,True,14,28,8.19,14.68,0.0,4.575,3.782,7.864,29.8,both_shop,True,1
12.311,5.289,7.022,0.5704,22.5,120.0,True,s1->s2->c2->c1,Austin,O118,O2799,delivery_only,delivery_only,same_day,on_demand,True,14,32,10.71,14.21,0.0,1.894,4.458,3.395,16.7,both_delivery,True,1
13.461,6.45,7.012,0.5209,64.3,240.0,True,s1->s2->c2->c1,Austin,O297,O5714,shop_and_deliver,shop_and_deliver,next_day,same_day,True,9,8,5.96,7.38,0.0,5.84,6.426,0.61,17.5,both_shop,True,1
15.478,8.467,7.011,0.453,73.2,120.0,True,s1->s2->c2->c1,Austin,O1337,O5100,shop_and_deliver,shop_and_deliver,next_day,on_demand,True,15,8,9.64,6.14,0.0,4.578,5.794,3.889,37.8,both_shop,True,1
14.605,7.617,6.989,0.4785,30.2,93.2,True,s1->s2->c1->c2,Austin,O2863,O3800,delivery_only,shop_and_deliver,on_demand,on_demand,True,10,9,6.97,6.88,0.0,3.62,3.996,6.613,26.8,mixed,True,1
17.91,10.925,6.986,0.39,33.6,209.5,True,s1->s2->c1->c2,Austin,O2247,O3628,delivery_only,shop_and_deliver,next_day,same_day,True,6,5,5.88,5.7,0.0,5.733,5.192,7.526,30.5,mixed,True,1
15.546,8.627,6.919,0.4451,38.2,222.6,True,s1->s2->c2->c1,Austin,O1865,O2457,shop_and_deliver,delivery_only,same_day,same_day,True,10,17,9.77,12.09,0.0,8.037,7.478,0.59,17.4,mixed,True,1
14.018,7.111,6.908,0.4927,38.4,216.2,True,s1->s2->c1->c2,Austin,O1435,O4440,shop_and_deliver,delivery_only,same_day,same_day,True,4,9,9.28,8.43,0.0,2.865,4.246,5.526,23.8,mixed,True,1
17.002,10.098,6.903,0.406,24.9,105.7,True,s1->s2->c2->c1,Austin,O628,O828,delivery_only,delivery_only,on_demand,same_day,True,8,16,8.07,8.55,0.0,7.079,6.991,3.019,14.3,both_delivery,True,1
12.116,5.246,6.869,0.567,47.1,216.1,True,s1->s2->c1->c2,Austin,O1040,O1406,shop_and_deliver,shop_and_deliver,same_day,same_day,True,8,6,7.76,7.71,0.0,1.722,3.525,5.066,23.9,both_shop,True,1
18.011,11.153,6.858,0.3808,27.1,77.0,True,s1->s2->c2->c1,Austin,O2626,O3275,delivery_only,delivery_only,on_demand,on_demand,True,7,17,5.54,9.64,0.0,6.95,6.904,4.203,43.0,both_delivery,True,1
14.237,7.443,6.795,0.4772,37.4,111.8,True,s1->s2->c1->c2,Austin,O478,O3723,shop_and_deliver,delivery_only,on_demand,same_day,True,13,6,8.33,8.0,0.0,3.729,3.714,6.809,8.2,mixed,True,1
12.357,5.588,6.769,0.5478,44.5,99.8,True,s1->s2->c1->c2,Austin,O4656,O5883,shop_and_deliver,shop_and_deliver,same_day,on_demand,True,10,14,7.86,7.04,0.0,2.001,3.587,5.183,20.2,both_shop,True,1
12.484,5.728,6.757,0.5412,65.4,113.6,True,s1->s2->c1->c2,Austin,O3809,O4731,shop_and_deliver,shop_and_deliver,same_day,on_demand,True,16,8,9.46,8.9,0.0,1.696,4.031,4.421,6.4,both_shop,True,1
15.467,8.758,6.709,0.4338,28.3,240.0,True,s1->s2->c1->c2,Austin,O2419,O5545,delivery_only,delivery_only,next_day,same_day,True,2,14,5.21,7.87,0.0,4.358,4.4,6.666,23.2,both_delivery,True,1
14.086,7.381,6.705,0.476,24.1,213.3,True,s1->s2->c2->c1,Austin,O43,O725,shop_and_deliver,delivery_only,next_day,same_day,True,1,8,5.2,8.34,0.0,3.186,4.945,4.195,26.7,mixed,True,1
19.945,13.256,6.689,0.3354,81.4,240.0,True,s1->s2->c2->c1,Austin,O1411,O3908,shop_and_deliver,shop_and_deliver,next_day,same_day,True,11,13,7.96,8.04,0.0,10.611,8.65,2.645,43.1,both_shop,True,1
11.695,5.018,6.676,0.5709,25.6,87.2,True,s1->s2->c2->c1,Austin,O2778,O4542,shop_and_deliver,delivery_only,on_demand,on_demand,True,6,20,9.52,12.46,0.0,3.321,4.999,1.697,32.8,mixed,True,1
11.278,4.624,6.654,0.59,22.3,239.1,True,s1->s2->c1->c2,Austin,O5,O365,shop_and_deliver,delivery_only,same_day,same_day,True,5,8,7.38,7.64,0.0,1.291,3.333,4.613,0.9,mixed,True,1
24.489,17.842,6.647,0.2714,53.4,90.5,True,s1->s2->c2->c1,Austin,O609,O5660,shop_and_deliver,shop_and_deliver,on_demand,on_demand,True,24,8,16.45,5.51,0.0,13.791,10.219,4.052,29.5,both_shop,True,1
16.821,10.278,6.543,0.389,52.6,83.4,True,s1->s2->c2->c1,Austin,O414,O4591,delivery_only,shop_and_deliver,on_demand,same_day,True,8,14,7.72,8.52,0.0,8.497,7.52,1.781,36.6,mixed,True,1
13.268,6.742,6.526,0.4918,46.5,81.0,True,s1->s2->c1->c2,Austin,O4978,O5731,shop_and_deliver,shop_and_deliver,on_demand,next_day,True,9,12,8.559999999999999,7.69,0.0,2.604,4.138,4.992,39.0,both_shop,True,1
16.194,9.676,6.519,0.4025,65.0,109.7,True,s1->s2->c1->c2,Austin,O1134,O3736,shop_and_deliver,shop_and_deliver,on_demand,on_demand,True,6,12,6.05,7.9,0.0,6.376,3.3,9.595,10.3,both_shop,True,1
15.227,8.723,6.504,0.4271,43.7,213.6,True,s1->s2->c1->c2,Austin,O437,O1838,delivery_only,shop_and_deliver,same_day,next_day,True,12,8,8.33,6.6,0.0,5.309,3.414,8.399,26.4,mixed,True,1
18.429,11.941,6.489,0.3521,69.5,110.6,True,s1->s2->c2->c1,Austin,O158,O1259,shop_and_deliver,shop_and_deliver,next_day,on_demand,True,8,12,8.93,9.66,0.0,9.117,7.803,2.824,9.4,both_shop,True,1
26.578,20.096,6.482,0.2439,38.6,120.0,True,s1->s2->c2->c1,Austin,O385,O5198,delivery_only,delivery_only,on_demand,same_day,True,12,8,8.02,7.94,0.0,13.673,10.077,6.423,17.0,both_delivery,True,1
12.142,5.695,6.447,0.531,28.1,79.0,True,s1->s2->c1->c2,Austin,O876,O3509,shop_and_deliver,delivery_only,on_demand,next_day,True,15,13,8.73,7.36,0.0,2.06,3.635,4.872,41.0,mixed,True,1
17.233,10.801,6.433,0.3733,39.5,95.4,True,s2->s1->c1->c2,Austin,O3433,O3719,shop_and_deliver,shop_and_deliver,on_demand,on_demand,False,2,4,5.17,7.18,0.373,7.262,3.165,10.65,24.6,both_shop,True,1
13.564,7.145,6.42,0.4733,34.0,197.5,True,s1->s2->c2->c1,Austin,O3321,O3993,shop_and_deliver,delivery_only,same_day,same_day,True,7,8,10.07,5.62,0.0,6.734,6.577,0.411,42.5,mixed,True,1
16.65,10.237,6.413,0.3852,38.0,197.7,True,s1->s2->c2->c1,Austin,O2923,O3911,shop_and_deliver,delivery_only,same_day,same_day,True,10,7,7.76,6.13,0.0,4.928,5.671,5.309,42.3,mixed,True,1
12.83,6.422,6.408,0.4994,18.8,206.0,True,s1->s2->c2->c1,Austin,O846,O1038,delivery_only,delivery_only,same_day,same_day,True,22,14,12.56,8.81,0.0,5.305,5.856,1.117,34.0,both_delivery,True,1
18.34,11.957,6.383,0.348,31.1,95.0,True,s1->s2->c2->c1,Austin,O2633,O5450,delivery_only,delivery_only,same_day,on_demand,True,3,9,8.51,9.01,0.0,5.976,6.179,5.981,25.0,both_delivery,True,1
15.292,8.932,6.36,0.4159,34.6,108.5,True,s1->s2->c1->c2,Austin,O2769,O5997,shop_and_deliver,shop_and_deliver,on_demand,on_demand,True,7,6,6.07,7.94,0.0,5.701,3.231,8.829,11.5,both_shop,True,1
11.613,5.275,6.338,0.5457,39.8,240.0,True,s1->s2->c2->c1,Austin,O199,O1581,shop_and_deliver,shop_and_deliver,same_day,next_day,True,7,12,5.88,7.86,0.0,3.217,4.778,2.058,44.8,both_shop,True,1
10.196,3.87,6.326,0.6205,42.9,120.0,True,s1->s2->c1->c2,Austin,O286,O1356,shop_and_deliver,shop_and_deliver,next_day,on_demand,True,22,4,10.13,7.12,0.0,0.706,3.163,3.869,38.3,both_shop,True,1
14.804,8.566,6.239,0.4214,47.8,120.0,True,s1->s2->c1->c2,Austin,O263,O436,shop_and_deliver,delivery_only,on_demand,next_day,True,8,13,6.95,8.17,0.0,4.277,4.289,6.226,7.4,mixed,True,1
10.354,4.118,6.236,0.6023,18.2,89.1,True,s1->s2->c2->c1,Austin,O2861,O4326,delivery_only,delivery_only,on_demand,same_day,True,14,26,7.18,12.06,0.0,1.848,4.042,2.27,30.9,both_delivery,True,1
9.917,3.744,6.173,0.6225,50.9,120.0,True,s1->s2->c2->c1,Austin,O810,O937,shop_and_deliver,shop_and_deliver,on_demand,same_day,True,11,11,6.69,11.15,0.0,1.314,3.743,2.43,19.9,both_shop,True,1
17.467,11.307,6.16,0.3526,85.3,112.7,True,s1->s2->c1->c2,Austin,O5014,O5334,shop_and_deliver,shop_and_deliver,on_demand,on_demand,True,19,15,11.08,10.28,0.0,7.801,3.506,10.455,7.3,both_shop,True,1
17.282,11.161,6.121,0.3542,52.6,240.0,True,s2->s1->c2->c1,Austin,O1470,O2057,shop_and_deliver,delivery_only,same_day,next_day,False,8,8,8.12,5.57,0.481,8.812,7.494,2.233,30.5,mixed,True,1
11.095,5.054,6.042,0.5445,28.9,93.4,True,s1->s2->c2->c1,Austin,O176,O2406,delivery_only,shop_and_deliver,same_day,on_demand,True,20,9,9.95,7.93,0.0,3.766,4.904,1.288,26.6,mixed,True,1
13.123,7.095,6.027,0.4593,31.1,80.1,True,s1->s2->c2->c1,Austin,O1779,O5378,shop_and_deliver,delivery_only,on_demand,on_demand,True,7,34,7.64,15.08,0.0,6.705,6.366,0.39,39.9,mixed,True,1
12.4,6.416,5.984,0.4826,52.9,240.0,True,s1->s2->c2->c1,Austin,O260,O5617,shop_and_deliver,shop_and_deliver,next_day,same_day,True,8,5,8.01,4.76,0.0,3.58,4.782,2.836,36.4,both_shop,True,1
14.357,8.4,5.957,0.4149,24.7,222.3,True,s1->s2->c1->c2,Austin,O26,O2251,delivery_only,delivery_only,same_day,same_day,True,17,9,10.19,6.17,0.0,5.173,3.227,7.903,17.7,both_delivery,True,1
11.238,5.284,5.954,0.5298,19.6,220.7,True,s1->s2->c2->c1,Austin,O3408,O5722,delivery_only,delivery_only,same_day,same_day,True,17,4,9.37,6.81,0.0,4.082,5.018,1.202,19.3,both_delivery,True,1
13.583,7.659,5.924,0.4361,65.9,120.0,True,s1->s2->c2->c1,Austin,O2688,O4242,shop_and_deliver,shop_and_deliver,on_demand,same_day,True,19,10,11.88,6.18,0.0,7.069,6.496,0.59,41.5,both_shop,True,1
18.748,12.854,5.894,0.3144,40.2,120.0,True,s1->s2->c1->c2,Austin,O3265,O4842,shop_and_deliver,delivery_only,on_demand,next_day,True,4,6,4.62,6.63,0.0,8.826,4.028,10.692,29.6,mixed,True,1
10.416,4.539,5.878,0.5643,33.7,120.0,True,s1->s2->c2->c1,Austin,O969,O5192,shop_and_deliver,shop_and_deliver,same_day,on_demand,True,5,6,5.07,7.78,0.0,1.232,3.555,3.307,10.5,both_shop,True,1
14.132,8.291,5.84,0.4133,39.0,213.3,True,s1->s2->c2->c1,Austin,O3334,O4002,delivery_only,shop_and_deliver,same_day,same_day,True,39,3,15.81,6.98,0.0,3.764,4.802,4.527,26.7,mixed,True,1
13.145,7.322,5.824,0.443,42.7,240.0,True,s1->s2->c2->c1,Austin,O935,O5732,delivery_only,shop_and_deliver,next_day,same_day,True,16,8,10.34,13.09,0.0,4.293,5.058,3.029,34.3,mixed,True,1
22.188,16.423,5.765,0.2598,45.2,108.8,True,s1->s2->c2->c1,Austin,O1683,O3420,delivery_only,shop_and_deliver,on_demand,next_day,True,1,7,6.43,7.91,0.0,12.257,9.011,4.166,11.2,mixed,True,1
12.312,6.604,5.708,0.4636,33.4,120.0,True,s1->s2->c2->c1,Austin,O2609,O5318,delivery_only,shop_and_deliver,on_demand,same_day,True,6,22,5.92,11.56,0.0,4.183,4.945,2.421,43.8,mixed,True,1
10.993,5.327,5.666,0.5154,23.2,120.0,True,s1->s2->c2->c1,Austin,O1758,O2196,delivery_only,shop_and_deliver,on_demand,same_day,True,13,6,9.59,6.19,0.0,3.496,4.581,1.831,29.9,mixed,True,1
30.124,24.497,5.627,0.1868,69.8,120.0,True,s1->s2->c2->c1,Austin,O847,O2697,delivery_only,shop_and_deliver,same_day,on_demand,True,6,7,7.42,8.1,0.0,17.242,11.434,7.255,35.6,mixed,True,1
11.058,5.447,5.611,0.5074,47.3,94.8,True,s1->s2->c2->c1,Austin,O3074,O5824,shop_and_deliver,shop_and_deliver,same_day,on_demand,True,14,27,8.16,11.14,0.0,2.817,4.214,2.63,25.2,both_shop,True,1
10.378,4.853,5.525,0.5324,44.7,230.9,True,s1->s2->c2->c1,Austin,O238,O2430,shop_and_deliver,shop_and_deliver,same_day,next_day,True,8,7,7.09,6.29,0.0,1.817,3.671,3.035,9.1,both_shop,True,1
26.633,21.119,5.514,0.207,83.5,120.0,True,s1->s2->c1->c2,Austin,O735,O2065,shop_and_deliver,shop_and_deliver,on_demand,same_day,True,13,11,9.68,8.32,0.0,14.622,6.498,13.638,23.9,both_shop,True,1
16.665,11.156,5.509,0.3306,59.3,120.0,True,s1->s2->c1->c2,Austin,O2789,O2885,shop_and_deliver,shop_and_deliver,same_day,on_demand,True,15,12,11.83,8.63,0.0,6.326,4.83,7.006,35.2,both_shop,True,1
15.274,9.815,5.459,0.3574,54.3,240.0,True,s1->s2->c2->c1,Austin,O1222,O4506,shop_and_deliver,delivery_only,same_day,next_day,True,17,10,9.99,6.92,0.0,6.077,5.768,3.738,10.4,mixed,True,1
15.461,10.009,5.452,0.3527,24.3,81.0,True,s1->s2->c1->c2,Austin,O3273,O5385,delivery_only,delivery_only,on_demand,on_demand,True,18,7,11.1,5.43,0.0,7.24,2.768,9.924,39.0,both_delivery,True,1
16.695,11.257,5.438,0.3257,30.0,76.3,True,s1->s2->c2->c1,Austin,O31,O813,shop_and_deliver,delivery_only,on_demand,on_demand,True,6,10,5.56,6.82,0.0,9.309,7.374,1.948,43.7,mixed,True,1
14.688,9.332,5.357,0.3647,51.2,208.6,True,s1->s2->c1->c2,Austin,O80,O4413,shop_and_deliver,shop_and_deliver,same_day,same_day,True,6,5,5.82,9.2,0.0,5.628,3.704,7.28,31.4,both_shop,True,1
10.956,5.66,5.295,0.4833,20.7,120.0,True,s1->s2->c1->c2,Austin,O4809,O5691,delivery_only,delivery_only,same_day,on_demand,True,20,25,8.98,11.47,0.0,2.467,3.193,4.57,35.8,both_delivery,True,1
13.522,8.229,5.293,0.3915,47.9,120.0,True,s1->s2->c1->c2,Austin,O3510,O5006,shop_and_deliver,shop_and_deliver,same_day,on_demand,True,1,8,5.4,10.19,0.0,5.58,2.648,8.226,17.4,both_shop,True,1
13.141,7.905,5.237,0.3985,63.9,90.8,True,s1->s2->c2->c1,Austin,O1986,O3571,shop_and_deliver,shop_and_deliver,on_demand,on_demand,True,6,18,6.83,9.95,0.0,5.645,5.441,2.259,29.2,both_shop,True,1
10.955,5.718,5.237,0.4781,39.5,77.5,True,s1->s2->c1->c2,Austin,O4746,O5871,shop_and_deliver,shop_and_deliver,next_day,on_demand,True,10,4,7.41,9.38,0.0,2.263,3.455,4.046,42.5,both_shop,True,1
13.991,8.758,5.233,0.374,36.4,83.0,True,s1->s2->c2->c1,Austin,O2477,O4608,delivery_only,shop_and_deliver,on_demand,on_demand,True,5,21,8.01,12.11,0.0,7.58,6.407,1.178,37.0,mixed,True,1
19.247,14.019,5.229,0.2717,58.4,107.9,True,s1->s2->c2->c1,Austin,O3807,O5991,shop_and_deliver,shop_and_deliver,on_demand,on_demand,True,11,24,8.69,12.03,0.0,9.931,7.58,4.087,12.1,both_shop,True,1
9.782,4.577,5.205,0.5321,27.0,100.7,True,s1->s2->c2->c1,Austin,O3381,O3390,delivery_only,shop_and_deliver,same_day,on_demand,True,6,2,8.74,4.43,0.0,3.939,4.572,0.638,19.3,mixed,True,1
26.059,20.854,5.204,0.1997,60.3,107.2,True,s1->s2->c1->c2,Austin,O3491,O3858,delivery_only,shop_and_deliver,on_demand,on_demand,True,5,16,6.35,7.98,0.0,15.209,5.645,14.769,12.8,mixed,True,1
15.756,10.615,5.141,0.3263,45.0,120.0,True,s1->s2->c2->c1,Austin,O1836,O3996,shop_and_deliver,shop_and_deliver,same_day,on_demand,True,4,11,5.44,8.51,0.0,6.172,5.657,4.443,17.5,both_shop,True,1
23.979,18.84,5.138,0.2143,75.5,120.0,True,s1->s2->c1->c2,Austin,O2186,O3934,shop_and_deliver,shop_and_deliver,on_demand,same_day,True,1,23,4.72,10.84,0.0,15.289,3.551,16.877,34.0,both_shop,True,1
10.123,5.026,5.097,0.5035,31.9,105.3,True,s1->s2->c1->c2,Austin,O616,O1399,delivery_only,shop_and_deliver,on_demand,same_day,True,4,9,6.52,7.4,0.0,2.34,2.687,4.75,14.7,mixed,True,1
9.32,4.274,5.046,0.5414,38.4,113.9,True,s1->s2->c2->c1,Austin,O5005,O5780,shop_and_deliver,shop_and_deliver,on_demand,on_demand,True,21,16,9.74,12.95,0.0,2.239,3.642,2.035,6.1,both_shop,True,1
12.811,7.791,5.02,0.3918,32.8,240.0,True,s1->s2->c1->c2,Austin,O2205,O5532,delivery_only,shop_and_deliver,next_day,same_day,False,9,6,8.25,6.7,0.481,4.641,2.834,7.309,13.8,mixed,True,1
24.801,19.806,4.995,0.2014,47.9,115.4,True,s1->s2->c2->c1,Austin,O3894,O5495,delivery_only,delivery_only,on_demand,on_demand,True,17,8,11.24,8.03,0.0,12.056,8.526,7.75,4.6,both_delivery,True,1
9.26,4.266,4.995,0.5393,21.5,198.2,True,s1->s2->c2->c1,Austin,O3195,O3638,delivery_only,delivery_only,same_day,next_day,True,7,8,8.65,6.72,0.0,2.561,3.778,1.705,41.8,both_delivery,True,1
18.191,13.207,4.984,0.274,58.8,101.6,True,s1->s2->c1->c2,Austin,O3024,O5805,shop_and_deliver,shop_and_deliver,on_demand,same_day,True,14,6,11.79,6.24,0.0,8.063,5.144,7.903,18.4,both_shop,True,1
11.644,6.664,4.979,0.4276,41.6,200.4,True,s1->s2->c2->c1,Austin,O230,O2930,delivery_only,shop_and_deliver,same_day,same_day,True,7,11,6.45,10.32,0.0,3.775,4.377,2.89,39.6,mixed,True,1
8.807,3.906,4.901,0.5565,41.7,95.6,True,s1->s2->c1->c2,Austin,O4371,O5877,shop_and_deliver,shop_and_deliver,on_demand,on_demand,True,11,10,9.44,8.42,0.0,1.404,2.502,3.804,24.4,both_shop,True,1
14.938,10.046,4.892,0.3275,65.8,120.0,True,s1->s2->c1->c2,Austin,O5040,O5641,delivery_only,shop_and_deliver,on_demand,same_day,True,14,21,9.01,10.12,0.0,6.95,3.096,8.745,1.0,mixed,True,1
7.957,3.068,4.89,0.6145,45.8,229.0,True,s1->s2->c2->c1,Austin,O2951,O4775,shop_and_deliver,shop_and_deliver,next_day,same_day,True,15,8,8.31,7.51,0.0,1.052,2.971,2.015,11.0,both_shop,True,1
10.468,5.58,4.888,0.467,20.6,120.0,True,s1->s2->c2->c1,Austin,O245,O2592,delivery_only,delivery_only,next_day,on_demand,True,12,9,8.59,6.54,0.0,4.67,4.779,0.91,28.4,both_delivery,True,1
10.785,5.901,4.884,0.4529,26.4,115.2,True,s1->s2->c2->c1,Austin,O1384,O5854,shop_and_deliver,delivery_only,same_day,on_demand,True,1,9,5.67,8.96,0.0,3.59,4.237,2.312,4.8,mixed,True,1
7.634,2.761,4.873,0.6384,34.2,98.6,True,s1->s2->c2->c1,Austin,O3886,O4824,delivery_only,shop_and_deliver,on_demand,same_day,True,20,13,9.91,10.74,0.0,0.289,2.581,2.472,21.4,mixed,True,1
12.234,7.373,4.861,0.3973,25.1,96.9,True,s1->s2->c1->c2,Austin,O739,O4401,delivery_only,delivery_only,on_demand,on_demand,True,15,21,10.13,10.78,0.0,4.92,2.452,7.329,23.1,both_delivery,True,1
18.363,13.592,4.771,0.2598,65.8,103.5,True,s1->s2->c2->c1,Austin,O4048,O4614,shop_and_deliver,shop_and_deliver,on_demand,on_demand,False,21,11,10.08,6.97,0.481,8.203,6.711,4.907,16.5,both_shop,True,1
11.674,6.912,4.762,0.4079,38.0,209.3,True,s1->s2->c1->c2,Austin,O2815,O4141,shop_and_deliver,delivery_only,same_day,next_day,True,11,10,9.22,7.02,0.0,3.237,3.675,4.323,30.7,mixed,True,1
17.672,12.915,4.757,0.2692,82.9,90.8,True,s1->s2->c1->c2,Austin,O2628,O5897,shop_and_deliver,shop_and_deliver,on_demand,same_day,True,12,14,7.11,7.99,0.0,7.063,5.852,5.968,29.2,both_shop,True,1
8.634,3.965,4.669,0.5408,17.0,196.3,True,s1->s2->c2->c1,Austin,O1680,O5713,delivery_only,delivery_only,same_day,next_day,True,7,5,5.32,5.8,0.0,2.673,3.671,1.292,43.7,both_delivery,True,1
13.818,9.188,4.63,0.3351,67.7,114.2,True,s1->s2->c2->c1,Austin,O1713,O2807,shop_and_deliver,shop_and_deliver,on_demand,on_demand,True,12,14,7.27,8.83,0.0,7.486,6.058,1.702,5.8,both_shop,True,1
15.907,11.283,4.625,0.2907,47.1,102.6,True,s1->s2->c2->c1,Austin,O560,O4333,delivery_only,shop_and_deliver,on_demand,same_day,True,9,5,6.54,8.48,0.0,9.061,6.843,2.222,17.4,mixed,True,1
12.651,8.069,4.582,0.3622,42.9,120.0,True,s1->s2->c1->c2,Austin,O520,O3881,shop_and_deliver,shop_and_deliver,same_day,on_demand,True,10,29,7.81,13.82,0.0,4.629,3.44,5.77,15.7,both_shop,True,1
22.774,18.241,4.532,0.199,64.4,119.5,True,s1->s2->c1->c2,Austin,O877,O1076,delivery_only,shop_and_deliver,on_demand,on_demand,True,16,9,10.25,10.87,0.0,14.288,3.954,14.866,0.5,mixed,True,1
7.548,3.023,4.525,0.5995,37.9,118.0,True,s1->s2->c2->c1,Austin,O1761,O3788,shop_and_deliver,delivery_only,same_day,on_demand,True,15,14,10.41,8.93,0.0,1.511,3.018,1.512,2.0,mixed,True,1
16.473,11.974,4.499,0.2731,44.7,117.5,True,s1->s2->c1->c2,Austin,O3573,O5918,delivery_only,shop_and_deliver,on_demand,next_day,True,21,4,12.58,9.68,0.0,9.358,2.617,11.24,2.5,mixed,True,1
7.435,2.939,4.496,0.6047,24.8,1424.6,True,s1->s2->c2->c1,Austin,O4706,O4753,delivery_only,shop_and_deliver,next_day,next_day,True,9,5,8.66,5.92,0.0,1.303,2.9,1.636,15.4,mixed,True,1
7.951,3.461,4.49,0.5647,47.7,235.9,True,s1->s2->c2->c1,Austin,O4108,O5230,shop_and_deliver,delivery_only,same_day,same_day,True,13,11,10.42,10.36,0.0,1.959,3.224,1.502,4.1,mixed,True,1
7.204,2.724,4.48,0.6219,48.5,120.0,True,s1->s2->c2->c1,Austin,O844,O2174,shop_and_deliver,shop_and_deliver,same_day,on_demand,True,14,15,11.29,9.73,0.0,0.831,2.656,1.893,10.8,both_shop,True,1
8.121,3.751,4.37,0.5381,51.5,82.9,True,s1->s2->c2->c1,Austin,O2903,O4055,shop_and_deliver,shop_and_deliver,on_demand,on_demand,True,7,24,8.02,11.49,0.0,1.838,3.104,1.913,37.1,both_shop,True,1
16.923,12.567,4.357,0.2574,60.4,240.0,True,s1->s2->c1->c2,Austin,O4967,O5518,shop_and_deliver,shop_and_deliver,same_day,next_day,True,7,4,9.1,6.29,0.0,7.25,5.317,6.29,39.4,both_shop,True,1
9.784,5.44,4.343,0.4439,58.4,79.2,True,s1->s2->c1->c2,Austin,O1961,O3818,shop_and_deliver,shop_and_deliver,on_demand,on_demand,True,23,17,14.36,8.57,0.0,3.06,2.381,5.022,40.8,both_shop,True,1
9.298,5.058,4.24,0.456,31.2,102.9,True,s2->s1->c1->c2,Austin,O871,O1544,shop_and_deliver,delivery_only,on_demand,same_day,False,3,9,6.52,6.9,0.481,1.877,2.7,3.733,17.1,mixed,True,1
18.604,14.367,4.237,0.2277,56.0,88.3,True,s1->s2->c1->c2,Austin,O423,O4932,delivery_only,shop_and_deliver,on_demand,next_day,True,7,4,7.18,4.75,0.0,10.646,3.722,11.16,31.7,mixed,True,1
13.593,9.369,4.224,0.3108,58.4,120.0,True,s1->s2->c1->c2,Austin,O655,O1404,shop_and_deliver,delivery_only,on_demand,same_day,True,28,4,11.31,6.59,0.0,6.455,2.914,7.766,16.1,mixed,True,1
12.098,7.909,4.189,0.3463,34.8,240.0,True,s1->s2->c1->c2,Austin,O2127,O2886,delivery_only,shop_and_deliver,same_day,next_day,True,43,7,16.91,5.79,0.0,4.078,3.831,4.437,13.0,mixed,True,1
11.327,7.156,4.171,0.3682,42.3,219.3,True,s1->s2->c2->c1,Austin,O3916,O4527,delivery_only,shop_and_deliver,next_day,same_day,True,14,11,8.05,7.23,0.0,4.828,4.499,2.328,20.7,mixed,True,1
15.364,11.227,4.137,0.2693,56.7,201.2,True,s1->s2->c2->c1,Austin,O1803,O4036,shop_and_deliver,shop_and_deliver,same_day,same_day,True,16,8,7.88,7.78,0.0,8.453,6.295,2.773,38.8,both_shop,True,1
15.093,10.968,4.125,0.2733,34.5,195.4,True,s1->s2->c1->c2,Austin,O2436,O4004,shop_and_deliver,delivery_only,same_day,same_day,True,1,16,3.85,14.04,0.0,7.123,3.845,7.403,44.6,mixed,True,1
19.126,15.019,4.107,0.2147,42.7,120.0,True,s1->s2->c1->c2,Austin,O4276,O5555,delivery_only,delivery_only,on_demand,same_day,True,13,11,8.03,9.12,0.0,10.873,4.147,10.833,10.9,both_delivery,True,1
12.841,8.781,4.06,0.3162,38.1,92.1,True,s1->s2->c1->c2,Austin,O219,O5860,delivery_only,shop_and_deliver,on_demand,on_demand,True,11,11,10.44,6.46,0.0,6.659,2.122,8.596,27.9,mixed,True,1
15.815,11.803,4.011,0.2536,82.0,227.1,True,s1->s2->c2->c1,Austin,O1308,O1978,shop_and_deliver,shop_and_deliver,same_day,same_day,True,19,10,14.19,7.7,0.0,8.616,6.314,3.187,12.9,both_shop,True,1
14.567,10.57,3.997,0.2744,41.3,91.9,True,s1->s2->c1->c2,Austin,O1004,O2680,delivery_only,shop_and_deliver,on_demand,same_day,True,15,11,8.0,7.49,0.0,7.203,3.367,7.833,28.1,mixed,True,1
9.911,5.986,3.925,0.3961,51.3,85.9,True,s1->s2->c1->c2,Austin,O767,O3165,shop_and_deliver,shop_and_deliver,on_demand,on_demand,True,2,12,6.43,9.01,0.0,3.869,2.117,5.677,34.1,both_shop,True,1
20.802,16.908,3.894,0.1872,57.3,109.9,True,s1->s2->c1->c2,Austin,O532,O2106,shop_and_deliver,shop_and_deliver,on_demand,same_day,True,9,6,6.28,5.28,0.0,11.231,5.677,9.448,10.1,both_shop,True,1
20.677,16.81,3.867,0.187,65.1,120.0,True,s1->s2->c1->c2,Austin,O2346,O4103,shop_and_deliver,delivery_only,next_day,on_demand,True,14,15,7.18,9.51,0.0,12.147,4.663,11.35,18.8,mixed,True,1
20.707,16.853,3.854,0.1861,71.7,99.5,True,s1->s2->c1->c2,Austin,O4040,O5936,shop_and_deliver,shop_and_deliver,on_demand,next_day,True,13,3,9.18,6.91,0.0,10.101,6.752,7.203,20.5,both_shop,True,1
19.621,15.809,3.811,0.1943,42.3,100.3,True,s1->s2->c1->c2,Austin,O3607,O4825,delivery_only,shop_and_deliver,on_demand,next_day,True,7,2,7.03,5.64,0.0,11.358,4.451,10.718,19.7,mixed,True,1
8.062,4.292,3.77,0.4676,41.3,203.4,True,s1->s2->c1->c2,Austin,O4275,O5111,shop_and_deliver,shop_and_deliver,same_day,same_day,True,4,9,8.08,7.05,0.0,1.779,2.513,3.036,36.6,both_shop,True,1
9.066,5.304,3.762,0.4149,21.7,1418.4,True,s1->s2->c1->c2,Austin,O682,O4386,delivery_only,delivery_only,next_day,next_day,True,20,10,10.93,8.059999999999999,0.0,3.418,1.886,5.294,21.6,both_delivery,True,1
8.252,4.492,3.76,0.4557,29.4,206.6,True,s1->s2->c2->c1,Austin,O2652,O2948,shop_and_deliver,delivery_only,same_day,same_day,True,5,3,7.8,8.58,0.0,1.956,2.858,2.536,33.4,mixed,True,1
14.181,10.434,3.747,0.2642,50.1,120.0,True,s1->s2->c2->c1,Austin,O61,O5757,shop_and_deliver,delivery_only,on_demand,next_day,True,15,17,10.7,9.43,0.0,8.204,5.975,2.23,12.1,mixed,True,1
13.751,10.055,3.696,0.2688,39.7,234.7,True,s1->s2->c1->c2,Austin,O1706,O3698,shop_and_deliver,delivery_only,same_day,next_day,True,21,10,11.27,8.11,0.0,6.491,3.563,6.624,5.3,mixed,True,1
19.685,16.006,3.68,0.1869,62.8,108.9,True,s1->s2->c2->c1,Austin,O4588,O4816,shop_and_deliver,delivery_only,on_demand,next_day,True,13,4,9.53,5.13,0.0,9.887,6.783,6.119,11.1,mixed,True,1
19.05,15.375,3.675,0.1929,83.6,120.0,True,s1->s2->c1->c2,Austin,O495,O730,shop_and_deliver,shop_and_deliver,on_demand,same_day,False,12,10,6.61,9.98,0.373,9.819,5.228,8.64,37.8,both_shop,True,1
5.818,2.159,3.66,0.629,33.8,202.5,True,s1->s2->c2->c1,Austin,O737,O5499,shop_and_deliver,shop_and_deliver,same_day,same_day,True,15,10,8.45,7.26,0.0,0.545,2.102,1.614,37.5,both_shop,True,1
8.936,5.303,3.633,0.4065,41.9,120.0,True,s1->s2->c1->c2,Austin,O3013,O5674,shop_and_deliver,shop_and_deliver,same_day,on_demand,True,4,7,5.56,8.04,0.0,3.285,2.018,4.899,4.9,both_shop,True,1
17.192,13.579,3.613,0.2102,56.0,1408.6,True,s1->s2->c2->c1,Austin,O1508,O3714,delivery_only,shop_and_deliver,next_day,next_day,True,13,10,10.3,8.14,0.0,10.032,6.823,3.546,31.4,mixed,True,1
19.194,15.582,3.612,0.1882,50.6,101.6,True,s1->s2->c2->c1,Austin,O2798,O5785,shop_and_deliver,shop_and_deliver,on_demand,on_demand,True,2,19,7.38,9.33,0.0,11.18,7.396,4.402,18.4,both_shop,True,1
9.999,6.606,3.393,0.3393,17.8,225.3,True,s1->s2->c1->c2,Austin,O2086,O4088,delivery_only,delivery_only,same_day,next_day,True,11,28,7.85,10.74,0.0,4.115,2.491,5.017,14.7,both_delivery,True,1
10.805,7.465,3.34,0.3091,48.0,223.3,True,s1->s2->c1->c2,Austin,O3085,O4625,shop_and_deliver,shop_and_deliver,same_day,same_day,True,10,10,8.53,9.73,0.0,5.557,1.908,6.989,16.7,both_shop,True,1
10.106,6.768,3.338,0.3303,24.7,120.0,True,s1->s2->c1->c2,Austin,O2233,O5232,shop_and_deliver,delivery_only,on_demand,same_day,True,9,5,6.58,7.71,0.0,3.562,3.206,3.694,10.6,mixed,True,1
11.038,7.722,3.316,0.3004,51.1,75.3,True,s1->s2->c1->c2,Austin,O732,O1827,shop_and_deliver,shop_and_deliver,same_day,on_demand,True,5,12,6.45,8.89,0.0,5.773,1.949,7.14,44.7,both_shop,True,1
6.822,3.508,3.314,0.4858,29.0,120.0,True,s1->s2->c1->c2,Austin,O3086,O4854,delivery_only,shop_and_deliver,on_demand,same_day,True,9,8,5.83,8.36,0.0,1.666,1.842,3.138,32.0,mixed,True,1
15.986,12.789,3.197,0.2,38.8,85.7,True,s1->s2->c1->c2,Austin,O1593,O3924,delivery_only,delivery_only,on_demand,same_day,True,6,15,7.79,9.34,0.0,8.539,4.25,7.485,34.3,both_delivery,True,1
4.876,1.881,2.996,0.6143,18.8,120.0,True,s1->s2->c2->c1,Austin,O1155,O5405,delivery_only,shop_and_deliver,next_day,on_demand,True,5,8,8.79,7.5,0.0,0.486,1.741,1.395,20.2,mixed,True,1
8.131,5.207,2.924,0.3596,25.9,118.9,True,s1->s2->c2->c1,Austin,O919,O2188,shop_and_deliver,delivery_only,on_demand,same_day,True,9,14,6.65,8.92,0.0,4.267,3.595,0.94,1.1,mixed,True,1
6.222,3.354,2.868,0.4609,34.2,120.0,True,s1->s2->c1->c2,Austin,O285,O1835,delivery_only,shop_and_deliver,on_demand,same_day,True,11,9,8.63,6.74,0.0,1.76,1.594,3.034,37.5,mixed,True,1
5.576,2.773,2.803,0.5027,42.1,220.9,True,s1->s2->c2->c1,Austin,O3969,O4083,shop_and_deliver,shop_and_deliver,same_day,next_day,True,10,11,12.06,8.85,0.0,0.983,1.893,1.79,19.1,both_shop,True,1
11.903,9.158,2.745,0.2306,27.9,204.3,True,s1->s2->c1->c2,Austin,O934,O3148,delivery_only,delivery_only,next_day,same_day,False,16,6,8.51,8.76,0.373,7.116,1.865,8.37,35.7,both_delivery,True,1
11.631,8.975,2.656,0.2283,55.8,120.0,True,s1->s2->c1->c2,Austin,O1812,O2370,shop_and_deliver,delivery_only,next_day,on_demand,True,19,17,11.29,9.68,0.0,5.178,3.798,4.036,28.3,mixed,True,1
8.443,5.874,2.569,0.3043,41.6,112.3,True,s1->s2->c1->c2,Austin,O3840,O4504,shop_and_deliver,delivery_only,on_demand,on_demand,True,11,4,10.62,7.44,0.0,3.361,2.513,3.418,7.7,mixed,True,1
11.385,8.856,2.529,0.2222,54.8,201.4,True,s1->s2->c1->c2,Austin,O637,O2091,delivery_only,shop_and_deliver,same_day,next_day,True,20,14,13.87,7.59,0.0,5.6,3.256,4.873,38.6,mixed,True,1
9.882,7.448,2.434,0.2463,55.8,109.7,True,s1->s2->c2->c1,Austin,O212,O2822,shop_and_deliver,shop_and_deliver,on_demand,on_demand,True,6,5,5.37,5.07,0.0,4.857,3.645,2.591,10.3,both_shop,True,1
12.235,9.861,2.374,0.194,32.3,120.0,True,s1->s2->c1->c2,Austin,O2079,O5315,delivery_only,delivery_only,on_demand,same_day,True,4,9,9.78,8.5,0.0,6.548,3.313,5.609,31.1,both_delivery,True,1
8.117,5.842,2.275,0.2803,27.2,98.2,True,s1->s2->c1->c2,Austin,O56,O4126,shop_and_deliver,delivery_only,on_demand,on_demand,True,1,6,6.16,6.81,0.0,4.038,1.804,4.509,21.8,mixed,True,1
8.941,6.688,2.253,0.252,36.8,106.9,True,s1->s2->c2->c1,Austin,O1517,O3597,delivery_only,shop_and_deliver,on_demand,on_demand,True,21,6,11.09,8.84,0.0,3.914,3.084,2.773,13.1,mixed,True,1
11.157,8.921,2.235,0.2004,42.2,198.5,True,s2->s1->c1->c2,Austin,O241,O4698,shop_and_deliver,delivery_only,same_day,same_day,False,8,9,5.58,8.0,0.481,6.472,1.968,7.218,41.5,mixed,True,1
4.914,3.078,1.836,0.3736,40.6,79.5,True,s1->s2->c1->c2,Austin,O555,O4678,shop_and_deliver,shop_and_deliver,on_demand,on_demand,True,5,6,12.66,5.78,0.0,1.585,1.493,1.928,40.5,both_shop,True,1
3.159,1.423,1.736,0.5496,41.9,120.0,True,s1->s2->c2->c1,Austin,O357,O4143,shop_and_deliver,shop_and_deliver,on_demand,same_day,True,9,17,8.120000000000001,10.24,0.0,1.091,1.413,0.332,7.3,both_shop,True,1
7.011,5.341,1.67,0.2382,62.9,120.0,True,s1->s2->c1->c2,Austin,O3206,O3741,shop_and_deliver,shop_and_deliver,next_day,on_demand,True,10,16,8.22,10.62,0.0,4.011,1.33,4.351,8.8,both_shop,True,1
7.931,6.287,1.644,0.2073,38.9,120.0,True,s1->s2->c1->c2,Austin,O1429,O3045,delivery_only,shop_and_deliver,same_day,on_demand,True,7,10,6.34,8.67,0.0,5.462,0.825,6.281,12.0,mixed,True,1
7.536,6.069,1.468,0.1948,36.2,222.1,True,s1->s2->c1->c2,Austin,O1612,O5041,shop_and_deliver,shop_and_deliver,next_day,same_day,True,1,6,11.64,12.11,0.0,4.39,1.678,4.18,17.9,both_shop,True,1
7.934,6.483,1.451,0.1829,25.3,111.8,True,s1->s2->c1->c2,Austin,O2179,O5837,shop_and_deliver,delivery_only,next_day,on_demand,True,8,15,9.63,9.59,0.0,4.84,1.643,4.649,8.2,mixed,True,1
4.802,3.476,1.326,0.2761,36.0,222.9,True,s1->s2->c1->c2,Austin,O1332,O4172,shop_and_deliver,shop_and_deliver,same_day,same_day,True,11,18,9.21,9.45,0.0,2.77,0.706,3.39,17.1,both_shop,True,1
6.501,5.252,1.249,0.1921,91.0,1407.8,True,s1->s2->c1->c2,Austin,O3848,O4788,shop_and_deliver,shop_and_deliver,next_day,next_day,True,4,40,5.62,16.84,0.0,3.414,1.839,2.824,32.2,both_shop,True,1
5.404,4.305,1.099,0.2033,41.9,120.0,True,s1->s2->c2->c1,Austin,O458,O1321,shop_and_deliver,shop_and_deliver,same_day,on_demand,True,5,8,6.44,7.66,0.0,3.108,2.103,1.197,23.4,both_shop,True,1
4.177,3.231,0.946,0.2265,46.7,199.9,True,s1->s2->c1->c2,Austin,O1158,O5721,shop_and_deliver,shop_and_deliver,same_day,same_day,True,11,11,8.379999999999999,7.52,0.0,2.044,1.187,1.804,40.1,both_shop,True,1
32.56,12.047,20.513,0.63,66.8,89.6,True,s1->s2->c2->c1,Birmingham,O549,O1536,shop_and_deliver,delivery_only,same_day,on_demand,True,23,10,10.82,8.129999999999999,0.0,3.005,11.759,9.042,30.4,mixed,True,1
31.116,12.111,19.005,0.6108,38.3,120.0,True,s1->s2->c2->c1,Birmingham,O1189,O3890,delivery_only,delivery_only,same_day,on_demand,True,6,15,9.7,8.0,0.0,4.245,11.625,7.866,23.1,both_delivery,True,1
30.606,12.059,18.547,0.606,50.4,240.0,True,s1->s2->c2->c1,Birmingham,O413,O2396,shop_and_deliver,delivery_only,same_day,next_day,True,18,12,9.76,8.71,0.0,3.694,11.121,8.365,39.5,mixed,True,1
34.604,16.612,17.993,0.52,65.7,195.4,True,s2->s1->c2->c1,Birmingham,O1196,O5790,shop_and_deliver,delivery_only,same_day,same_day,False,15,5,9.42,5.91,0.19,13.295,15.774,3.149,44.6,mixed,True,1
31.218,13.325,17.893,0.5732,80.8,230.7,True,s1->s2->c2->c1,Birmingham,O319,O1460,delivery_only,shop_and_deliver,same_day,same_day,True,13,19,9.71,12.69,0.0,8.104,12.999,5.221,9.3,mixed,True,1
27.821,10.039,17.782,0.6391,68.3,120.0,True,s1->s2->c2->c1,Birmingham,O4294,O5676,shop_and_deliver,shop_and_deliver,same_day,on_demand,False,15,10,7.84,8.07,0.19,1.335,9.716,8.514,6.3,both_shop,True,1
27.236,9.817,17.419,0.6396,57.0,84.4,True,s1->s2->c1->c2,Birmingham,O4849,O5049,shop_and_deliver,shop_and_deliver,on_demand,same_day,True,7,16,7.59,7.51,0.0,0.896,8.921,9.394,35.6,both_shop,True,1
34.424,17.058,17.367,0.5045,80.4,113.6,True,s1->s2->c2->c1,Birmingham,O3700,O3914,shop_and_deliver,shop_and_deliver,on_demand,same_day,True,18,7,10.73,8.23,0.0,5.609,11.488,11.449,6.4,both_shop,True,1
31.943,14.612,17.33,0.5425,63.5,90.9,True,s1->s2->c2->c1,Birmingham,O2456,O3966,shop_and_deliver,delivery_only,same_day,on_demand,True,12,2,11.28,11.4,0.0,9.843,13.587,4.769,29.1,mixed,True,1
32.854,16.054,16.8,0.5113,47.0,119.6,True,s1->s2->c2->c1,Birmingham,O402,O5559,delivery_only,shop_and_deliver,on_demand,same_day,True,5,5,7.44,12.7,0.0,15.037,15.918,1.018,0.4,mixed,True,1
27.221,10.471,16.75,0.6153,90.5,204.8,True,s1->s2->c2->c1,Birmingham,O5245,O5913,shop_and_deliver,shop_and_deliver,same_day,next_day,True,26,15,10.42,9.49,0.0,1.99,9.37,8.481,35.2,both_shop,True,1
34.488,17.894,16.594,0.4812,63.9,95.7,True,s1->s2->c2->c1,Birmingham,O3260,O3464,delivery_only,shop_and_deliver,on_demand,on_demand,False,18,12,14.84,7.52,0.19,7.274,12.123,10.43,24.3,mixed,True,1
28.706,12.172,16.535,0.576,40.1,120.0,True,s1->s2->c2->c1,Birmingham,O1261,O3920,delivery_only,delivery_only,on_demand,next_day,True,15,11,10.75,11.03,0.0,4.842,10.688,7.33,9.2,both_delivery,True,1
26.25,9.89,16.36,0.6232,30.3,83.2,True,s1->s2->c2->c1,Birmingham,O1646,O4717,shop_and_deliver,delivery_only,on_demand,same_day,True,3,18,6.74,9.61,0.0,2.547,9.454,7.343,36.8,mixed,True,1
28.625,12.332,16.293,0.5692,54.3,102.9,True,s1->s2->c2->c1,Birmingham,O116,O5343,delivery_only,shop_and_deliver,same_day,on_demand,True,5,25,6.56,12.31,0.0,6.371,11.332,5.961,17.1,mixed,True,1
26.442,10.442,16.0,0.6051,34.1,120.0,True,s1->s2->c1->c2,Birmingham,O547,O1914,delivery_only,delivery_only,on_demand,same_day,True,8,22,8.17,12.85,0.0,2.247,8.195,10.052,38.1,both_delivery,True,1
29.554,13.583,15.97,0.5404,35.5,92.1,True,s1->s2->c1->c2,Birmingham,O1962,O4288,delivery_only,delivery_only,on_demand,on_demand,True,22,9,12.04,9.14,0.0,3.859,9.724,10.105,27.9,both_delivery,True,1
26.579,10.707,15.871,0.5971,51.2,120.0,True,s1->s2->c1->c2,Birmingham,O3379,O5061,shop_and_deliver,delivery_only,on_demand,same_day,True,4,3,10.24,6.81,0.0,1.931,8.776,9.026,29.4,mixed,True,1
25.642,9.782,15.861,0.6185,34.8,120.0,True,s1->s2->c2->c1,Birmingham,O1262,O3035,delivery_only,shop_and_deliver,next_day,on_demand,True,5,6,6.43,7.18,0.0,1.494,8.677,8.288,44.5,mixed,True,1
30.756,14.971,15.785,0.5132,44.8,110.1,True,s1->s2->c2->c1,Birmingham,O1901,O2608,delivery_only,shop_and_deliver,on_demand,same_day,True,9,6,6.12,6.02,0.0,11.531,13.658,3.439,9.9,mixed,True,1
29.306,13.644,15.662,0.5344,54.9,101.2,True,s1->s2->c2->c1,Birmingham,O1008,O2256,shop_and_deliver,delivery_only,same_day,on_demand,True,10,4,8.16,9.08,0.0,9.633,12.648,4.011,18.8,mixed,True,1
26.527,10.976,15.551,0.5862,52.6,195.5,True,s1->s2->c2->c1,Birmingham,O2298,O3383,shop_and_deliver,shop_and_deliver,same_day,same_day,True,25,5,13.09,4.84,0.0,3.628,9.589,7.348,44.5,both_shop,True,1
24.836,9.573,15.262,0.6145,53.6,105.6,True,s1->s2->c2->c1,Birmingham,O2543,O4356,delivery_only,shop_and_deliver,on_demand,same_day,True,5,16,7.46,9.12,0.0,3.116,9.189,6.457,14.4,mixed,True,1
26.161,10.944,15.216,0.5816,35.0,94.6,True,s1->s2->c2->c1,Birmingham,O1590,O5679,delivery_only,delivery_only,next_day,on_demand,True,12,9,6.69,8.3,0.0,5.029,10.123,5.915,25.4,both_delivery,True,1
24.288,9.096,15.191,0.6255,30.2,119.9,True,s1->s2->c2->c1,Birmingham,O1883,O2734,delivery_only,delivery_only,same_day,on_demand,True,8,13,8.46,8.54,0.0,2.016,8.604,7.08,0.1,both_delivery,True,1
26.79,11.62,15.17,0.5663,39.5,120.0,True,s1->s2->c2->c1,Birmingham,O2666,O5302,delivery_only,shop_and_deliver,same_day,on_demand,True,9,14,7.3,8.4,0.0,4.498,9.834,7.121,26.1,mixed,True,1
24.873,9.776,15.096,0.6069,42.4,120.0,True,s1->s2->c1->c2,Birmingham,O17,O4568,delivery_only,shop_and_deliver,on_demand,same_day,True,13,9,9.29,11.06,0.0,2.164,7.612,9.648,39.5,mixed,True,1
24.934,9.862,15.072,0.6045,27.4,212.4,True,s1->s2->c2->c1,Birmingham,O445,O1164,delivery_only,delivery_only,same_day,same_day,True,16,20,8.09,10.94,0.0,4.65,9.861,5.212,27.6,both_delivery,True,1
24.88,9.887,14.993,0.6026,62.0,100.5,True,s1->s2->c2->c1,Birmingham,O50,O2961,delivery_only,shop_and_deliver,on_demand,on_demand,True,7,16,5.98,10.22,0.0,4.388,9.69,5.499,19.5,mixed,True,1
24.811,9.843,14.968,0.6033,66.5,120.0,True,s1->s2->c1->c2,Birmingham,O248,O1264,shop_and_deliver,shop_and_deliver,next_day,on_demand,True,6,10,12.06,9.75,0.0,2.298,7.545,9.722,39.6,both_shop,True,1
29.211,14.294,14.917,0.5107,61.8,228.1,True,s1->s2->c2->c1,Birmingham,O4185,O5174,shop_and_deliver,shop_and_deliver,same_day,same_day,True,12,14,7.73,9.74,0.0,5.829,10.373,8.465,11.9,both_shop,True,1
25.827,11.121,14.707,0.5694,47.0,120.0,True,s1->s2->c2->c1,Birmingham,O1655,O5553,shop_and_deliver,shop_and_deliver,on_demand,next_day,True,5,11,6.29,7.61,0.0,4.756,9.732,6.364,2.6,both_shop,True,1
23.342,8.823,14.519,0.622,29.6,99.9,True,s1->s2->c1->c2,Birmingham,O1374,O5384,delivery_only,shop_and_deliver,on_demand,on_demand,True,14,7,9.11,11.0,0.0,1.271,7.551,8.239,20.1,mixed,True,1
31.534,17.069,14.465,0.4587,48.0,120.0,True,s1->s2->c2->c1,Birmingham,O2138,O3678,shop_and_deliver,delivery_only,on_demand,same_day,True,9,14,6.9,11.28,0.0,8.949,11.707,8.121,0.1,mixed,True,1
25.427,10.989,14.438,0.5678,31.2,120.0,True,s1->s2->c2->c1,Birmingham,O3870,O4850,delivery_only,delivery_only,same_day,on_demand,True,2,7,7.43,9.8,0.0,2.532,8.485,8.457,37.4,both_delivery,True,1
24.134,9.831,14.303,0.5927,82.9,91.9,True,s1->s2->c1->c2,Birmingham,O777,O2779,shop_and_deliver,shop_and_deliver,on_demand,on_demand,True,16,22,10.25,9.44,0.0,2.289,7.541,9.052,28.1,both_shop,True,1
28.465,14.245,14.219,0.4995,54.8,100.8,True,s1->s2->c1->c2,Birmingham,O3183,O5915,shop_and_deliver,delivery_only,on_demand,on_demand,True,13,11,11.16,10.02,0.0,7.132,7.113,14.238,19.2,mixed,True,1
22.914,8.701,14.214,0.6203,39.7,101.3,True,s1->s2->c1->c2,Birmingham,O1402,O1481,shop_and_deliver,delivery_only,same_day,on_demand,False,6,10,6.71,7.88,0.19,1.307,7.392,8.318,18.7,mixed,True,1
28.358,14.145,14.213,0.5012,49.3,120.0,True,s1->s2->c2->c1,Birmingham,O1009,O4198,shop_and_deliver,shop_and_deliver,same_day,on_demand,True,8,5,7.66,5.08,0.0,11.54,12.876,2.605,6.8,both_shop,True,1
25.532,11.345,14.187,0.5557,49.0,228.1,True,s1->s2->c2->c1,Birmingham,O1869,O4465,shop_and_deliver,delivery_only,same_day,same_day,True,9,9,7.96,8.31,0.0,8.44,11.314,2.905,11.9,mixed,True,1
27.568,13.432,14.136,0.5128,29.8,120.0,True,s1->s2->c2->c1,Birmingham,O2335,O4225,delivery_only,delivery_only,on_demand,same_day,True,8,35,6.73,14.03,0.0,10.664,12.4,2.768,8.8,both_delivery,True,1
22.448,8.34,14.108,0.6285,37.5,119.6,True,s1->s2->c2->c1,Birmingham,O974,O3861,delivery_only,shop_and_deliver,on_demand,on_demand,True,27,11,15.92,9.62,0.0,1.305,7.706,7.035,0.4,mixed,True,1
33.179,19.093,14.085,0.4245,73.2,90.3,True,s1->s2->c2->c1,Birmingham,O1084,O1603,shop_and_deliver,delivery_only,same_day,on_demand,True,15,18,7.27,8.62,0.0,15.271,14.678,3.823,29.7,mixed,True,1
30.167,16.084,14.083,0.4668,56.8,120.0,True,s1->s2->c2->c1,Birmingham,O3002,O4579,delivery_only,shop_and_deliver,on_demand,next_day,True,14,11,7.11,8.82,0.0,13.602,13.843,2.482,8.9,mixed,True,1
23.627,9.59,14.038,0.5941,95.3,120.0,True,s2->s1->c2->c1,Birmingham,O2187,O4557,shop_and_deliver,shop_and_deliver,next_day,on_demand,False,23,8,11.35,10.47,0.19,4.772,9.397,4.729,33.8,both_shop,True,1
28.8,14.841,13.959,0.4847,70.1,240.0,True,s2->s1->c2->c1,Birmingham,O5543,O5984,shop_and_deliver,shop_and_deliver,next_day,same_day,False,2,6,12.33,9.25,0.19,10.332,12.125,4.371,12.0,both_shop,True,1
27.444,13.549,13.895,0.5063,52.1,120.0,True,s1->s2->c1->c2,Birmingham,O1968,O5206,shop_and_deliver,shop_and_deliver,on_demand,same_day,True,13,5,13.61,5.75,0.0,4.898,8.651,10.141,37.1,both_shop,True,1
24.065,10.267,13.798,0.5734,71.5,212.0,True,s1->s2->c2->c1,Birmingham,O4206,O5401,shop_and_deliver,shop_and_deliver,same_day,same_day,True,28,8,13.08,7.01,0.0,6.349,10.073,3.918,28.0,both_shop,True,1
23.367,9.614,13.753,0.5885,49.3,208.0,True,s2->s1->c2->c1,Birmingham,O1249,O1880,delivery_only,shop_and_deliver,same_day,same_day,False,13,7,9.42,7.06,0.19,4.746,9.351,4.685,32.0,mixed,True,1
21.092,7.374,13.719,0.6504,32.8,240.0,True,s1->s2->c2->c1,Birmingham,O1336,O3430,delivery_only,shop_and_deliver,next_day,same_day,True,2,2,5.2,9.93,0.0,0.521,7.12,6.852,36.3,mixed,True,1
22.987,9.27,13.717,0.5967,50.4,120.0,True,s1->s2->c2->c1,Birmingham,O331,O4372,shop_and_deliver,delivery_only,same_day,on_demand,True,15,11,8.29,11.65,0.0,4.635,9.176,4.635,1.4,mixed,True,1
21.712,8.264,13.448,0.6194,33.7,77.2,True,s1->s2->c1->c2,Birmingham,O4505,O4635,delivery_only,delivery_only,on_demand,on_demand,True,7,5,5.99,5.73,0.0,1.34,6.924,7.864,42.8,both_delivery,True,1
21.805,8.358,13.447,0.6167,48.1,120.0,True,s1->s2->c2->c1,Birmingham,O541,O4968,shop_and_deliver,delivery_only,on_demand,next_day,True,19,23,10.62,9.77,0.0,1.601,7.524,6.757,28.1,mixed,True,1
22.987,9.598,13.389,0.5825,33.2,117.2,True,s1->s2->c1->c2,Birmingham,O3927,O4659,shop_and_deliver,delivery_only,on_demand,on_demand,True,8,18,6.57,8.17,0.0,2.576,7.023,8.942,2.8,mixed,True,1
21.189,7.823,13.367,0.6308,26.0,120.0,True,s1->s2->c1->c2,Birmingham,O2287,O4200,delivery_only,delivery_only,same_day,on_demand,True,5,15,7.82,8.13,0.0,1.114,6.708,7.773,27.3,both_delivery,True,1
23.426,10.203,13.222,0.5644,44.5,111.5,True,s1->s2->c2->c1,Birmingham,O1388,O2473,shop_and_deliver,delivery_only,on_demand,on_demand,True,9,4,8.27,6.13,0.0,4.406,8.814,5.798,8.5,mixed,True,1
21.365,8.159,13.206,0.6181,47.7,120.0,True,s1->s2->c2->c1,Birmingham,O5369,O5911,shop_and_deliver,shop_and_deliver,on_demand,same_day,True,21,10,11.2,6.89,0.0,3.107,8.157,5.052,15.8,both_shop,True,1
23.206,10.003,13.202,0.5689,67.9,120.0,True,s1->s2->c2->c1,Birmingham,O675,O2023,shop_and_deliver,delivery_only,on_demand,same_day,True,26,4,10.42,5.94,0.0,5.577,9.39,4.426,1.2,mixed,True,1
20.734,7.63,13.104,0.632,70.3,120.0,True,s1->s2->c2->c1,Birmingham,O2098,O4880,shop_and_deliver,shop_and_deliver,same_day,on_demand,True,20,14,12.79,11.48,0.0,2.121,7.613,5.509,20.1,both_shop,True,1
24.354,11.3,13.054,0.536,41.8,93.9,True,s1->s2->c2->c1,Birmingham,O1391,O5462,delivery_only,shop_and_deliver,same_day,on_demand,True,14,11,13.07,8.86,0.0,9.475,11.265,1.825,26.1,mixed,True,1
20.883,7.853,13.03,0.624,52.5,91.4,True,s1->s2->c2->c1,Birmingham,O3808,O4875,shop_and_deliver,shop_and_deliver,next_day,on_demand,True,10,10,12.95,8.0,0.0,2.675,7.853,5.178,28.6,both_shop,True,1
20.867,7.976,12.891,0.6178,20.9,120.0,True,s1->s2->c2->c1,Birmingham,O4604,O5560,delivery_only,delivery_only,same_day,on_demand,True,18,17,11.45,9.46,0.0,2.927,7.909,5.049,3.7,both_delivery,True,1
22.171,9.301,12.87,0.5805,43.9,120.0,True,s1->s2->c2->c1,Birmingham,O3101,O4975,shop_and_deliver,delivery_only,next_day,on_demand,True,12,11,8.87,6.76,0.0,2.474,7.672,6.827,5.3,mixed,True,1
22.755,9.896,12.858,0.5651,30.6,80.8,True,s1->s2->c1->c2,Birmingham,O336,O4719,delivery_only,delivery_only,on_demand,on_demand,True,6,33,9.29,14.1,0.0,3.428,6.468,9.818,39.2,both_delivery,True,1
20.886,8.206,12.68,0.6071,36.0,120.0,True,s1->s2->c2->c1,Birmingham,O1656,O4628,shop_and_deliver,shop_and_deliver,on_demand,next_day,True,4,6,6.29,8.35,0.0,3.659,8.169,4.547,35.9,both_shop,True,1
23.457,10.785,12.673,0.5402,36.6,78.6,True,s1->s2->c2->c1,Birmingham,O1575,O3478,delivery_only,delivery_only,on_demand,on_demand,True,9,11,6.38,7.22,0.0,4.57,8.621,6.215,41.4,both_delivery,True,1
25.702,13.05,12.652,0.4923,40.2,120.0,True,s1->s2->c2->c1,Birmingham,O2981,O5953,delivery_only,delivery_only,on_demand,next_day,True,17,21,8.07,9.13,0.0,9.363,11.008,3.687,8.7,both_delivery,True,1
26.843,14.311,12.531,0.4668,62.3,106.6,True,s1->s2->c2->c1,Birmingham,O291,O2494,delivery_only,shop_and_deliver,next_day,on_demand,True,5,12,9.33,9.33,0.0,9.497,11.014,4.814,13.4,mixed,True,1
24.033,11.519,12.514,0.5207,68.3,107.3,True,s1->s2->c1->c2,Birmingham,O3791,O4303,shop_and_deliver,shop_and_deliver,on_demand,next_day,True,6,12,5.29,6.64,0.0,3.859,7.66,8.713,12.7,both_shop,True,1
30.219,17.728,12.49,0.4133,61.3,224.9,True,s1->s2->c2->c1,Birmingham,O3242,O4870,shop_and_deliver,shop_and_deliver,next_day,same_day,True,11,3,7.53,7.05,0.0,11.699,12.095,6.029,15.1,both_shop,True,1
24.383,11.938,12.445,0.5104,36.5,230.9,True,s1->s2->c2->c1,Birmingham,O1142,O1719,delivery_only,delivery_only,same_day,same_day,True,9,11,8.56,7.62,0.0,7.057,9.751,4.881,9.1,both_delivery,True,1
25.617,13.176,12.44,0.4856,64.6,120.0,True,s1->s2->c2->c1,Birmingham,O2022,O5029,delivery_only,shop_and_deliver,same_day,on_demand,True,9,14,8.379999999999999,9.82,0.0,7.056,9.748,6.12,3.3,mixed,True,1
21.795,9.419,12.376,0.5679,36.7,240.0,True,s1->s2->c1->c2,Birmingham,O1045,O5095,shop_and_deliver,delivery_only,same_day,next_day,True,4,6,4.54,7.67,0.0,3.068,6.351,9.094,40.7,mixed,True,1
24.849,12.537,12.312,0.4955,42.2,118.2,True,s1->s2->c2->c1,Birmingham,O1394,O2805,shop_and_deliver,delivery_only,next_day,on_demand,True,6,8,5.42,7.48,0.0,8.751,10.532,3.785,1.8,mixed,True,1
22.845,10.548,12.297,0.5383,67.5,120.0,True,s1->s2->c2->c1,Birmingham,O1642,O4364,shop_and_deliver,delivery_only,next_day,on_demand,True,32,7,13.06,6.07,0.0,8.142,10.22,2.406,10.5,mixed,True,1
19.098,6.878,12.22,0.6399,33.7,120.0,True,s1->s2->c2->c1,Birmingham,O4396,O4986,delivery_only,shop_and_deliver,on_demand,same_day,True,8,6,12.46,11.09,0.0,1.388,6.804,5.49,44.6,mixed,True,1
26.542,14.6,11.942,0.4499,73.7,120.0,True,s1->s2->c2->c1,Birmingham,O1156,O1467,delivery_only,shop_and_deliver,same_day,on_demand,True,17,21,11.05,13.37,0.0,8.45,10.196,6.149,12.2,mixed,True,1
23.033,11.126,11.907,0.5169,60.2,120.0,True,s2->s1->c2->c1,Birmingham,O442,O683,shop_and_deliver,shop_and_deliver,next_day,on_demand,False,7,14,8.91,9.92,0.19,8.52,10.14,2.606,43.6,both_shop,True,1
26.302,14.399,11.903,0.4525,39.2,240.0,True,s1->s2->c1->c2,Birmingham,O2996,O4797,delivery_only,delivery_only,next_day,same_day,True,23,7,10.7,10.57,0.0,7.113,7.286,11.73,30.2,both_delivery,True,1
24.563,12.701,11.862,0.4829,37.6,208.4,True,s1->s2->c2->c1,Birmingham,O5209,O5613,delivery_only,shop_and_deliver,same_day,same_day,True,20,5,12.43,5.26,0.0,11.928,11.895,0.773,31.6,mixed,True,1
21.449,9.612,11.837,0.5519,31.4,120.0,True,s1->s2->c2->c1,Birmingham,O1469,O1569,delivery_only,shop_and_deliver,on_demand,same_day,True,9,13,9.21,7.9,0.0,7.369,9.603,2.243,17.6,mixed,True,1
24.781,12.957,11.824,0.4772,45.9,120.0,True,s1->s2->c2->c1,Birmingham,O1660,O2922,delivery_only,shop_and_deliver,same_day,on_demand,True,9,18,6.28,10.42,0.0,7.676,9.75,5.28,22.4,mixed,True,1
33.654,21.843,11.81,0.3509,70.8,120.0,True,s1->s2->c2->c1,Birmingham,O3415,O5736,shop_and_deliver,delivery_only,on_demand,same_day,True,8,15,7.86,9.18,0.0,15.283,13.546,6.561,21.8,mixed,True,1
22.878,11.077,11.801,0.5158,44.7,84.7,True,s1->s2->c1->c2,Birmingham,O2090,O4164,shop_and_deliver,delivery_only,same_day,on_demand,True,25,8,13.16,7.25,0.0,4.992,6.085,10.708,35.3,mixed,True,1
28.997,17.208,11.79,0.4066,60.7,112.5,True,s1->s2->c2->c1,Birmingham,O4876,O5663,delivery_only,shop_and_deliver,on_demand,on_demand,True,11,9,8.68,6.13,0.0,11.869,11.829,5.339,7.5,mixed,True,1
21.662,9.877,11.785,0.544,41.6,85.0,True,s1->s2->c2->c1,Birmingham,O1412,O2043,shop_and_deliver,delivery_only,on_demand,on_demand,True,4,16,6.43,10.19,0.0,5.955,8.87,3.922,35.0,mixed,True,1
19.85,8.068,11.782,0.5935,59.1,120.0,True,s1->s2->c2->c1,Birmingham,O1418,O1662,shop_and_deliver,shop_and_deliver,same_day,on_demand,True,6,4,6.04,10.07,0.0,4.311,8.046,3.757,4.8,both_shop,True,1
20.297,8.523,11.774,0.5801,45.8,105.4,True,s1->s2->c1->c2,Birmingham,O4864,O5037,shop_and_deliver,shop_and_deliver,on_demand,on_demand,True,8,17,9.64,8.01,0.0,2.606,5.917,8.463,14.6,both_shop,True,1
21.945,10.189,11.756,0.5357,61.9,77.0,True,s1->s2->c2->c1,Birmingham,O295,O3300,delivery_only,shop_and_deliver,on_demand,next_day,True,16,18,8.54,9.14,0.0,7.92,9.838,2.27,43.0,mixed,True,1
18.261,6.544,11.717,0.6416,22.8,116.1,True,s1->s2->c1->c2,Birmingham,O153,O3436,delivery_only,delivery_only,on_demand,same_day,True,11,16,8.27,8.7,0.0,0.53,6.014,6.233,3.9,both_delivery,True,1
20.089,8.396,11.693,0.5821,51.6,105.5,True,s1->s2->c2->c1,Birmingham,O3400,O5346,delivery_only,shop_and_deliver,same_day,on_demand,True,3,11,7.73,9.34,0.0,4.215,7.954,4.181,14.5,mixed,True,1
23.955,12.304,11.651,0.4864,55.0,120.0,True,s1->s2->c2->c1,Birmingham,O2730,O4881,shop_and_deliver,delivery_only,same_day,on_demand,False,25,9,11.33,5.92,0.19,7.187,9.579,4.928,44.8,mixed,True,1
19.384,7.789,11.595,0.5982,27.5,120.0,True,s1->s2->c1->c2,Birmingham,O1086,O3109,delivery_only,shop_and_deliver,on_demand,next_day,True,5,1,11.74,6.37,0.0,1.992,5.798,7.789,18.4,mixed,True,1
21.363,9.783,11.58,0.5421,35.8,120.0,True,s1->s2->c1->c2,Birmingham,O5873,O5971,shop_and_deliver,delivery_only,on_demand,same_day,True,7,9,8.12,6.94,0.0,2.747,7.037,7.29,18.4,mixed,True,1
21.538,9.976,11.562,0.5368,50.9,75.5,True,s1->s2->c2->c1,Birmingham,O2140,O3140,shop_and_deliver,delivery_only,on_demand,on_demand,True,12,16,10.6,8.27,0.0,8.121,9.842,1.855,44.5,mixed,True,1
28.764,17.245,11.518,0.4005,74.8,120.0,True,s1->s2->c2->c1,Birmingham,O1163,O5708,shop_and_deliver,shop_and_deliver,next_day,on_demand,True,8,7,10.2,9.73,0.0,11.313,11.416,5.932,37.2,both_shop,True,1
23.909,12.417,11.492,0.4807,37.9,120.0,True,s1->s2->c1->c2,Birmingham,O967,O2245,shop_and_deliver,delivery_only,next_day,on_demand,True,6,10,7.42,6.75,0.0,4.581,7.836,8.237,1.0,mixed,True,1
18.263,6.871,11.391,0.6238,45.4,120.0,True,s1->s2->c1->c2,Birmingham,O3036,O3651,shop_and_deliver,shop_and_deliver,next_day,on_demand,True,10,6,8.32,7.35,0.0,1.07,5.801,6.66,23.4,both_shop,True,1
19.074,7.802,11.272,0.591,67.7,85.3,True,s1->s2->c2->c1,Birmingham,O1198,O3294,shop_and_deliver,shop_and_deliver,on_demand,on_demand,True,11,17,9.37,7.76,0.0,3.65,7.461,4.152,34.7,both_shop,True,1
23.438,12.216,11.222,0.4788,66.8,120.0,True,s1->s2->c1->c2,Birmingham,O172,O5636,shop_and_deliver,shop_and_deliver,same_day,on_demand,True,9,16,8.91,8.3,0.0,5.939,6.277,10.884,21.7,both_shop,True,1
19.003,7.872,11.131,0.5858,53.8,226.0,True,s1->s2->c2->c1,Birmingham,O1826,O5278,shop_and_deliver,shop_and_deliver,same_day,same_day,True,16,13,10.81,10.24,0.0,4.593,7.862,3.279,14.0,both_shop,True,1
25.791,14.665,11.126,0.4314,95.7,108.3,True,s1->s2->c2->c1,Birmingham,O517,O1299,shop_and_deliver,shop_and_deliver,on_demand,on_demand,True,34,9,13.03,7.85,0.0,7.735,9.43,6.93,11.7,both_shop,True,1
22.138,11.028,11.109,0.5018,42.2,204.3,True,s1->s2->c1->c2,Birmingham,O1834,O2330,delivery_only,shop_and_deliver,same_day,same_day,True,20,7,9.84,6.51,0.0,5.307,5.722,10.695,35.7,mixed,True,1
21.778,10.687,11.092,0.5093,40.5,120.0,True,s1->s2->c2->c1,Birmingham,O3212,O4221,shop_and_deliver,delivery_only,next_day,on_demand,True,14,17,8.36,12.03,0.0,9.351,10.221,1.336,29.5,mixed,True,1
21.825,10.75,11.075,0.5074,47.9,111.5,True,s1->s2->c2->c1,Birmingham,O1821,O5175,delivery_only,shop_and_deliver,on_demand,on_demand,True,13,6,8.94,8.52,0.0,3.744,7.409,7.006,8.5,mixed,True,1
26.626,15.601,11.025,0.4141,67.4,92.7,True,s1->s2->c2->c1,Birmingham,O1691,O2562,shop_and_deliver,delivery_only,on_demand,same_day,True,12,4,6.86,5.92,0.0,14.024,12.525,1.577,27.3,mixed,True,1
21.729,10.75,10.98,0.5053,29.9,107.2,True,s1->s2->c2->c1,Birmingham,O789,O3897,delivery_only,delivery_only,on_demand,on_demand,True,15,12,9.19,9.05,0.0,6.67,8.825,4.08,12.8,both_delivery,True,1
19.88,8.937,10.943,0.5505,68.4,109.2,True,s1->s2->c1->c2,Birmingham,O2038,O5937,shop_and_deliver,shop_and_deliver,on_demand,on_demand,True,10,15,7.3,9.08,0.0,2.555,6.382,7.116,10.8,both_shop,True,1
20.121,9.202,10.92,0.5427,38.9,120.0,True,s1->s2->c1->c2,Birmingham,O2454,O3609,shop_and_deliver,shop_and_deliver,on_demand,same_day,True,3,4,7.3,6.29,0.0,3.6,5.601,8.918,23.1,both_shop,True,1
24.823,13.923,10.9,0.4391,92.0,204.8,True,s1->s2->c2->c1,Birmingham,O1949,O3735,shop_and_deliver,shop_and_deliver,next_day,same_day,True,11,16,7.3,8.04,0.0,9.475,10.188,4.448,35.2,both_shop,True,1
20.908,10.02,10.888,0.5207,45.2,120.0,True,s1->s2->c2->c1,Birmingham,O727,O4584,shop_and_deliver,delivery_only,same_day,on_demand,True,6,18,5.15,12.36,0.0,7.984,9.436,2.036,37.1,mixed,True,1
18.553,7.676,10.877,0.5862,31.8,80.9,True,s1->s2->c2->c1,Birmingham,O1473,O2739,delivery_only,delivery_only,next_day,on_demand,True,13,39,9.25,15.92,0.0,3.379,7.128,4.297,39.1,both_delivery,True,1
19.274,8.454,10.819,0.5614,41.6,240.0,True,s1->s2->c2->c1,Birmingham,O1078,O3789,delivery_only,shop_and_deliver,same_day,next_day,True,10,9,8.0,6.91,0.0,5.121,7.97,3.333,22.5,mixed,True,1
27.317,16.499,10.818,0.396,49.5,120.0,True,s1->s2->c2->c1,Birmingham,O959,O2794,shop_and_deliver,delivery_only,on_demand,same_day,True,7,17,8.57,8.74,0.0,13.288,12.053,3.211,43.3,mixed,True,1
20.151,9.344,10.807,0.5363,32.9,98.8,True,s1->s2->c2->c1,Birmingham,O1023,O4871,delivery_only,shop_and_deliver,on_demand,same_day,True,13,7,8.7,5.59,0.0,4.839,7.823,4.505,21.2,mixed,True,1
21.275,10.471,10.804,0.5078,43.8,211.9,True,s1->s2->c2->c1,Birmingham,O2834,O4107,delivery_only,shop_and_deliver,same_day,same_day,True,11,6,9.12,7.85,0.0,3.888,7.346,6.583,28.1,mixed,True,1
22.238,11.44,10.797,0.4855,65.8,120.0,True,s1->s2->c2->c1,Birmingham,O3647,O3722,shop_and_deliver,shop_and_deliver,on_demand,same_day,True,8,9,6.1,8.0,0.0,11.066,10.932,0.375,13.9,both_shop,True,1
19.042,8.244,10.797,0.567,57.3,108.3,True,s1->s2->c2->c1,Birmingham,O1730,O3394,shop_and_deliver,shop_and_deliver,on_demand,same_day,True,8,12,11.36,8.55,0.0,2.219,6.508,6.026,11.7,both_shop,True,1
19.173,8.404,10.769,0.5617,36.2,106.8,True,s1->s2->c2->c1,Birmingham,O1703,O4046,shop_and_deliver,delivery_only,next_day,on_demand,True,21,9,11.48,11.45,0.0,2.46,6.614,5.944,13.2,mixed,True,1
28.985,18.222,10.763,0.3713,83.2,120.0,True,s1->s2->c2->c1,Birmingham,O1014,O1033,shop_and_deliver,delivery_only,next_day,on_demand,True,15,22,7.96,10.66,0.0,13.908,12.335,4.314,29.8,mixed,True,1
20.0,9.238,10.762,0.5381,53.2,240.0,True,s1->s2->c2->c1,Birmingham,O2219,O3020,delivery_only,shop_and_deliver,next_day,same_day,False,19,23,9.18,12.12,0.19,5.088,7.995,3.96,30.4,mixed,True,1
19.018,8.258,10.76,0.5658,37.5,85.4,True,s1->s2->c2->c1,Birmingham,O112,O2400,shop_and_deliver,shop_and_deliver,same_day,on_demand,True,6,9,9.0,8.64,0.0,3.683,7.221,4.575,34.6,both_shop,True,1
17.989,7.23,10.758,0.5981,45.8,108.1,True,s1->s2->c2->c1,Birmingham,O1050,O1610,delivery_only,shop_and_deliver,on_demand,next_day,True,4,18,5.79,9.85,0.0,3.687,7.223,3.543,11.9,mixed,True,1
28.401,17.654,10.748,0.3784,35.2,104.9,True,s1->s2->c2->c1,Birmingham,O3324,O3482,delivery_only,delivery_only,on_demand,same_day,True,14,5,9.46,6.12,0.0,15.129,12.938,2.525,15.1,both_delivery,True,1
17.668,6.942,10.726,0.6071,45.8,90.6,True,s1->s2->c2->c1,Birmingham,O2631,O4226,shop_and_deliver,shop_and_deliver,next_day,on_demand,True,5,9,5.09,5.87,0.0,2.217,6.471,4.726,29.4,both_shop,True,1
20.043,9.319,10.724,0.535,39.7,107.5,True,s1->s2->c2->c1,Birmingham,O758,O2007,shop_and_deliver,delivery_only,on_demand,on_demand,True,3,19,5.58,11.32,0.0,7.901,9.312,1.418,12.5,mixed,True,1
21.217,10.535,10.682,0.5035,48.0,120.0,True,s1->s2->c1->c2,Birmingham,O1572,O5187,shop_and_deliver,delivery_only,on_demand,same_day,True,10,4,9.65,5.72,0.0,5.056,5.479,10.259,3.3,mixed,True,1
26.895,16.259,10.636,0.3955,50.6,82.2,True,s1->s2->c2->c1,Birmingham,O2384,O5606,shop_and_deliver,delivery_only,same_day,on_demand,True,12,12,7.0,8.97,0.0,10.486,10.561,5.773,37.8,mixed,True,1
17.949,7.327,10.622,0.5918,79.8,88.5,True,s1->s2->c2->c1,Birmingham,O1317,O4277,shop_and_deliver,shop_and_deliver,on_demand,same_day,True,20,10,11.69,8.79,0.0,2.374,6.498,4.953,31.5,both_shop,True,1
21.566,10.967,10.599,0.4915,57.1,120.0,True,s1->s2->c2->c1,Birmingham,O3093,O3173,shop_and_deliver,shop_and_deliver,on_demand,same_day,True,6,4,9.47,6.56,0.0,9.761,10.18,1.206,14.9,both_shop,True,1
17.152,6.57,10.583,0.617,50.8,84.0,True,s1->s2->c2->c1,Birmingham,O1047,O5882,shop_and_deliver,delivery_only,same_day,on_demand,True,23,12,10.69,7.82,0.0,2.313,6.448,4.257,36.0,mixed,True,1
17.666,7.09,10.576,0.5987,39.6,120.0,True,s1->s2->c2->c1,Birmingham,O1233,O1410,delivery_only,shop_and_deliver,next_day,on_demand,False,13,20,14.45,9.89,0.19,2.359,6.653,4.542,15.6,mixed,True,1
18.185,7.62,10.565,0.581,64.9,120.0,True,s1->s2->c2->c1,Birmingham,O4362,O4555,delivery_only,shop_and_deliver,same_day,on_demand,True,15,20,7.65,12.53,0.0,3.314,6.939,4.307,0.8,mixed,True,1
16.629,6.074,10.555,0.6348,42.3,83.7,True,s1->s2->c2->c1,Birmingham,O949,O4597,shop_and_deliver,delivery_only,same_day,on_demand,True,11,20,9.81,8.8,0.0,1.588,6.071,4.486,36.3,mixed,True,1
19.247,8.772,10.475,0.5442,49.3,240.0,True,s1->s2->c2->c1,Birmingham,O1714,O2675,delivery_only,shop_and_deliver,same_day,next_day,True,6,13,6.89,10.26,0.0,5.236,7.855,3.537,11.1,mixed,True,1
19.683,9.257,10.426,0.5297,41.8,89.2,True,s1->s2->c2->c1,Birmingham,O1229,O5644,shop_and_deliver,shop_and_deliver,on_demand,on_demand,True,12,7,9.9,10.11,0.0,6.642,8.534,2.615,30.8,both_shop,True,1
16.451,6.062,10.389,0.6315,43.2,240.0,True,s1->s2->c1->c2,Birmingham,O1409,O3492,shop_and_deliver,delivery_only,same_day,next_day,True,12,7,10.93,10.16,0.0,0.668,5.395,5.662,45.0,mixed,True,1
20.953,10.603,10.35,0.494,46.2,120.0,True,s1->s2->c2->c1,Birmingham,O1964,O4388,delivery_only,shop_and_deliver,same_day,on_demand,True,12,7,8.78,7.1,0.0,3.955,7.152,6.648,40.9,mixed,True,1
18.755,8.473,10.282,0.5482,81.1,118.9,True,s1->s2->c1->c2,Birmingham,O3484,O3876,shop_and_deliver,shop_and_deliver,on_demand,on_demand,True,17,12,10.63,8.65,0.0,3.313,5.161,8.434,1.1,both_shop,True,1
27.561,17.319,10.241,0.3716,54.6,239.9,True,s1->s2->c1->c2,Birmingham,O3709,O4300,delivery_only,shop_and_deliver,same_day,next_day,True,5,7,5.45,10.1,0.0,9.826,7.494,12.573,0.1,mixed,True,1
20.597,10.396,10.201,0.4953,27.7,120.0,True,s1->s2->c2->c1,Birmingham,O1091,O3843,delivery_only,delivery_only,next_day,on_demand,True,5,7,5.77,6.51,0.0,8.158,9.179,2.239,20.2,both_delivery,True,1
24.608,14.434,10.174,0.4134,41.9,112.8,True,s1->s2->c2->c1,Birmingham,O3624,O3734,delivery_only,delivery_only,same_day,on_demand,True,5,11,6.03,8.69,0.0,12.55,11.362,1.885,7.2,both_delivery,True,1
16.913,6.75,10.163,0.6009,51.7,93.6,True,s1->s2->c2->c1,Birmingham,O3444,O4016,shop_and_deliver,delivery_only,on_demand,on_demand,True,15,12,9.69,11.96,0.0,2.679,6.421,4.071,26.4,mixed,True,1
17.808,7.662,10.147,0.5698,33.1,107.2,True,s1->s2->c2->c1,Birmingham,O2020,O5428,shop_and_deliver,delivery_only,on_demand,on_demand,True,6,10,5.89,8.93,0.0,2.388,6.267,5.273,12.8,mixed,True,1
25.428,15.393,10.035,0.3946,42.6,83.0,True,s1->s2->c2->c1,Birmingham,O2479,O3504,shop_and_deliver,delivery_only,on_demand,next_day,True,7,10,5.57,6.07,0.0,10.691,10.363,4.703,37.0,mixed,True,1
18.665,8.635,10.03,0.5374,46.3,120.0,True,s1->s2->c2->c1,Birmingham,O1236,O3715,shop_and_deliver,shop_and_deliver,on_demand,same_day,True,15,10,9.03,8.31,0.0,7.075,8.552,1.56,38.0,both_shop,True,1
20.74,10.735,10.005,0.4824,41.2,196.8,True,s1->s2->c1->c2,Birmingham,O1981,O3786,shop_and_deliver,shop_and_deliver,same_day,same_day,True,7,7,7.76,14.01,0.0,4.301,6.434,7.872,43.2,both_shop,True,1
18.691,8.704,9.987,0.5343,64.4,120.0,True,s1->s2->c2->c1,Birmingham,O1799,O3852,shop_and_deliver,shop_and_deliver,on_demand,same_day,True,15,15,9.98,9.82,0.0,6.047,8.017,2.657,36.1,both_shop,True,1
16.475,6.494,9.981,0.6058,38.9,120.0,True,s1->s2->c2->c1,Birmingham,O1692,O4524,shop_and_deliver,shop_and_deliver,on_demand,next_day,True,2,6,4.22,5.7,0.0,2.744,6.362,3.75,17.2,both_shop,True,1
28.068,18.095,9.973,0.3553,83.9,120.0,True,s1->s2->c2->c1,Birmingham,O2870,O4192,shop_and_deliver,shop_and_deliver,same_day,on_demand,True,17,10,8.01,6.09,0.0,14.964,12.468,3.132,0.7,both_shop,True,1
18.701,8.743,9.958,0.5325,48.2,95.6,True,s1->s2->c2->c1,Birmingham,O5201,O5235,shop_and_deliver,delivery_only,on_demand,same_day,True,27,1,10.72,6.66,0.0,4.9,7.429,3.842,24.4,mixed,True,1
17.422,7.474,9.948,0.571,43.5,223.3,True,s1->s2->c1->c2,Birmingham,O3128,O3280,delivery_only,shop_and_deliver,same_day,same_day,True,19,9,12.18,10.44,0.0,2.239,5.235,6.951,16.7,mixed,True,1
19.523,9.597,9.925,0.5084,47.3,120.0,True,s1->s2->c2->c1,Birmingham,O2193,O4069,delivery_only,shop_and_deliver,same_day,on_demand,False,14,7,10.63,7.63,0.19,7.433,8.732,1.975,1.1,mixed,True,1
19.92,10.005,9.915,0.4977,22.0,117.7,True,s1->s2->c2->c1,Birmingham,O3228,O3803,delivery_only,delivery_only,on_demand,on_demand,True,8,10,6.72,6.54,0.0,6.261,8.088,3.743,2.3,both_delivery,True,1
27.29,17.375,9.914,0.3633,64.4,114.6,True,s1->s2->c2->c1,Birmingham,O1604,O1822,shop_and_deliver,delivery_only,on_demand,on_demand,True,16,15,10.79,8.66,0.0,13.664,11.789,3.711,5.4,mixed,True,1
16.726,6.829,9.897,0.5917,25.3,120.0,True,s1->s2->c2->c1,Birmingham,O497,O2250,shop_and_deliver,delivery_only,on_demand,next_day,True,5,16,8.71,7.51,0.0,2.694,6.295,4.135,22.4,mixed,True,1
17.483,7.598,9.884,0.5654,33.3,120.0,True,s1->s2->c2->c1,Birmingham,O111,O424,shop_and_deliver,delivery_only,same_day,on_demand,True,19,23,10.05,12.93,0.0,5.097,7.49,2.502,20.9,mixed,True,1
17.144,7.26,9.884,0.5765,31.1,240.0,True,s1->s2->c2->c1,Birmingham,O824,O1626,delivery_only,shop_and_deliver,same_day,next_day,True,15,13,9.92,9.15,0.0,4.346,7.115,2.914,16.0,mixed,True,1
23.719,13.855,9.864,0.4159,63.4,120.0,True,s1->s2->c2->c1,Birmingham,O1560,O3783,shop_and_deliver,shop_and_deliver,on_demand,same_day,True,5,14,8.45,12.02,0.0,11.198,10.531,2.657,0.6,both_shop,True,1
20.993,11.14,9.853,0.4694,45.2,81.6,True,s1->s2->c1->c2,Birmingham,O2241,O4887,delivery_only,shop_and_deliver,on_demand,on_demand,True,19,6,11.92,8.11,0.0,5.174,5.966,9.061,38.4,mixed,True,1
18.077,8.229,9.848,0.5448,34.7,231.9,True,s1->s2->c2->c1,Birmingham,O1530,O4682,shop_and_deliver,delivery_only,same_day,next_day,True,18,11,11.58,7.03,0.0,5.309,7.579,2.92,8.1,mixed,True,1
18.751,8.905,9.847,0.5251,41.6,108.3,True,s1->s2->c1->c2,Birmingham,O2581,O4821,delivery_only,shop_and_deliver,same_day,on_demand,True,9,16,8.57,7.98,0.0,3.785,5.119,8.513,11.7,mixed,True,1
16.092,6.258,9.835,0.6111,42.2,120.0,True,s1->s2->c2->c1,Birmingham,O4005,O5720,shop_and_deliver,shop_and_deliver,on_demand,same_day,True,6,3,7.83,8.98,0.0,1.721,5.778,4.537,12.3,both_shop,True,1
17.08,7.296,9.784,0.5728,52.3,200.0,True,s1->s2->c2->c1,Birmingham,O51,O4434,shop_and_deliver,shop_and_deliver,same_day,same_day,True,7,8,7.72,9.46,0.0,4.808,7.296,2.488,40.0,both_shop,True,1
16.507,6.748,9.759,0.5912,41.3,120.0,True,s2->s1->c2->c1,Birmingham,O3660,O3950,shop_and_deliver,shop_and_deliver,same_day,on_demand,False,7,13,5.88,6.8,0.19,3.247,6.517,3.384,32.8,both_shop,True,1
21.1,11.345,9.755,0.4623,72.0,107.7,True,s1->s2->c2->c1,Birmingham,O5116,O5747,shop_and_deliver,shop_and_deliver,next_day,on_demand,True,11,5,6.97,5.19,0.0,7.21,8.482,4.135,12.3,both_shop,True,1
18.577,8.824,9.753,0.525,49.8,75.7,True,s1->s2->c2->c1,Birmingham,O2552,O4391,shop_and_deliver,shop_and_deliver,same_day,on_demand,True,3,12,6.56,7.95,0.0,2.93,6.341,5.894,44.3,both_shop,True,1
19.35,9.653,9.697,0.5011,37.4,75.9,True,s1->s2->c1->c2,Birmingham,O4946,O5093,shop_and_deliver,shop_and_deliver,on_demand,next_day,True,9,6,6.3,5.14,0.0,4.777,4.876,9.598,44.1,both_shop,True,1
16.719,7.069,9.649,0.5772,41.5,113.4,True,s1->s2->c2->c1,Birmingham,O694,O4868,shop_and_deliver,shop_and_deliver,on_demand,on_demand,True,9,7,9.74,8.1,0.0,3.576,6.612,3.494,6.6,both_shop,True,1
19.061,9.417,9.644,0.506,42.4,95.9,True,s1->s2->c2->c1,Birmingham,O2474,O3409,shop_and_deliver,delivery_only,on_demand,on_demand,True,11,21,7.38,12.82,0.0,7.432,8.538,1.985,24.1,mixed,True,1
24.472,14.859,9.613,0.3928,34.0,120.0,True,s1->s2->c2->c1,Birmingham,O3685,O4234,delivery_only,delivery_only,same_day,on_demand,True,6,7,10.61,6.02,0.0,8.469,9.041,6.39,20.0,both_delivery,True,1
19.421,9.878,9.543,0.4914,39.2,116.6,True,s1->s2->c1->c2,Birmingham,O2293,O5625,shop_and_deliver,delivery_only,on_demand,on_demand,True,12,7,7.12,7.77,0.0,4.958,4.92,9.581,3.4,mixed,True,1
16.719,7.227,9.492,0.5677,35.2,105.1,True,s1->s2->c1->c2,Birmingham,O426,O3567,delivery_only,shop_and_deliver,on_demand,next_day,True,9,5,11.51,6.09,0.0,2.474,4.753,7.213,14.9,mixed,True,1
17.839,8.348,9.491,0.532,49.5,94.4,True,s1->s2->c2->c1,Birmingham,O1756,O5406,shop_and_deliver,shop_and_deliver,on_demand,on_demand,True,15,3,9.75,5.33,0.0,4.779,7.135,3.569,25.6,both_shop,True,1
15.876,6.418,9.458,0.5957,33.9,120.0,True,s1->s2->c2->c1,Birmingham,O2959,O5351,shop_and_deliver,delivery_only,same_day,on_demand,True,11,20,9.2,12.46,0.0,3.312,6.385,3.106,24.3,mixed,True,1
19.176,9.785,9.391,0.4897,38.9,111.2,True,s1->s2->c2->c1,Birmingham,O1458,O4892,shop_and_deliver,delivery_only,same_day,on_demand,True,4,4,7.27,4.74,0.0,4.992,7.192,4.793,8.8,mixed,True,1
16.077,6.782,9.295,0.5782,34.1,223.3,True,s1->s2->c2->c1,Birmingham,O2269,O4312,delivery_only,shop_and_deliver,same_day,same_day,True,18,11,10.33,11.18,0.0,3.878,6.587,2.904,16.7,mixed,True,1
16.712,7.421,9.291,0.556,32.0,117.4,True,s1->s2->c2->c1,Birmingham,O392,O2982,shop_and_deliver,delivery_only,same_day,on_demand,True,2,7,6.97,8.24,0.0,5.332,7.311,2.089,2.6,mixed,True,1
18.061,8.855,9.206,0.5097,23.4,99.9,True,s1->s2->c2->c1,Birmingham,O1293,O3266,delivery_only,delivery_only,on_demand,on_demand,False,19,3,9.37,5.75,0.19,6.431,8.001,2.234,20.1,both_delivery,True,1
16.642,7.46,9.182,0.5517,43.1,117.8,True,s1->s2->c1->c2,Birmingham,O3398,O4251,shop_and_deliver,delivery_only,next_day,on_demand,True,7,8,8.79,8.22,0.0,2.458,5.002,6.638,2.2,mixed,True,1
15.35,6.231,9.118,0.5941,66.8,120.0,True,s1->s2->c2->c1,Birmingham,O2917,O3309,shop_and_deliver,shop_and_deliver,on_demand,same_day,True,16,10,9.61,6.61,0.0,2.619,5.868,3.613,30.5,both_shop,True,1
14.325,5.212,9.113,0.6361,35.8,103.9,True,s1->s2->c2->c1,Birmingham,O2088,O5262,shop_and_deliver,delivery_only,on_demand,on_demand,True,12,12,10.2,8.93,0.0,1.12,5.116,4.093,16.1,mixed,True,1
24.322,15.239,9.084,0.3735,53.0,118.5,True,s1->s2->c1->c2,Birmingham,O3364,O4407,delivery_only,shop_and_deliver,on_demand,on_demand,True,12,13,13.65,11.83,0.0,8.483,6.755,10.812,1.5,mixed,True,1
13.841,4.825,9.016,0.6514,25.1,200.3,True,s1->s2->c1->c2,Birmingham,O1360,O4010,delivery_only,shop_and_deliver,same_day,same_day,True,19,3,10.69,5.99,0.0,0.272,4.553,4.735,39.7,mixed,True,1
14.825,5.848,8.977,0.6055,54.3,120.0,True,s1->s2->c2->c1,Birmingham,O1878,O2506,delivery_only,shop_and_deliver,on_demand,same_day,True,7,26,5.47,10.19,0.0,1.148,5.062,4.7,36.8,mixed,True,1
26.047,17.075,8.972,0.3445,55.3,120.0,True,s1->s2->c2->c1,Birmingham,O4292,O5775,shop_and_deliver,delivery_only,next_day,on_demand,True,12,11,8.34,8.53,0.0,11.705,10.338,5.37,20.8,mixed,True,1
14.22,5.267,8.953,0.6296,24.6,240.0,True,s1->s2->c2->c1,Birmingham,O1527,O4701,delivery_only,delivery_only,next_day,same_day,True,7,19,6.44,9.82,0.0,0.823,4.888,4.443,5.2,both_delivery,True,1
26.179,17.282,8.897,0.3399,47.3,107.5,True,s1->s2->c2->c1,Birmingham,O4708,O5528,shop_and_deliver,delivery_only,on_demand,next_day,True,10,7,7.54,6.02,0.0,12.014,10.456,5.267,12.5,mixed,True,1
19.053,10.182,8.872,0.4656,51.3,240.0,True,s1->s2->c2->c1,Birmingham,O1567,O3596,shop_and_deliver,shop_and_deliver,next_day,same_day,True,9,4,7.44,5.64,0.0,9.407,9.139,0.775,13.7,both_shop,True,1
20.008,11.162,8.845,0.4421,55.9,1403.7,True,s1->s2->c2->c1,Birmingham,O152,O4885,shop_and_deliver,shop_and_deliver,next_day,next_day,True,8,10,8.08,11.18,0.0,8.991,8.918,2.171,36.3,both_shop,True,1
18.656,9.855,8.801,0.4717,49.7,238.9,True,s1->s2->c2->c1,Birmingham,O833,O3119,shop_and_deliver,delivery_only,same_day,same_day,True,9,12,12.18,7.57,0.0,9.233,9.017,0.622,1.1,mixed,True,1
22.014,13.213,8.801,0.3998,52.3,77.7,True,s1->s2->c2->c1,Birmingham,O3325,O4130,shop_and_deliver,delivery_only,on_demand,on_demand,True,19,5,8.84,6.11,0.0,8.404,8.602,4.809,42.3,mixed,True,1
14.71,5.919,8.791,0.5976,41.9,98.5,True,s1->s2->c2->c1,Birmingham,O3826,O3980,shop_and_deliver,shop_and_deliver,on_demand,on_demand,True,5,7,8.5,6.8,0.0,2.616,5.704,3.303,21.5,both_shop,True,1
19.629,10.871,8.758,0.4462,41.6,120.0,True,s1->s2->c1->c2,Birmingham,O4068,O4106,shop_and_deliver,delivery_only,same_day,on_demand,False,8,11,8.17,8.83,0.19,6.246,4.513,10.68,26.6,mixed,True,1
29.254,20.505,8.749,0.2991,80.5,114.6,True,s1->s2->c2->c1,Birmingham,O451,O2950,shop_and_deliver,shop_and_deliver,same_day,on_demand,True,3,31,8.46,15.94,0.0,15.587,12.168,4.918,5.4,both_shop,True,1
15.73,7.024,8.705,0.5534,29.9,213.6,True,s1->s2->c2->c1,Birmingham,O1474,O5686,shop_and_deliver,delivery_only,same_day,same_day,True,7,26,8.11,15.9,0.0,2.733,5.719,4.292,26.4,mixed,True,1
20.382,11.717,8.665,0.4251,50.4,77.5,True,s1->s2->c2->c1,Birmingham,O1741,O3769,delivery_only,shop_and_deliver,on_demand,same_day,True,1,6,5.0,7.7,0.0,10.602,9.633,1.115,42.5,mixed,True,1
16.175,7.543,8.632,0.5337,42.8,78.4,True,s1->s2->c2->c1,Birmingham,O2061,O3978,shop_and_deliver,delivery_only,on_demand,on_demand,True,14,13,8.32,10.44,0.0,3.291,5.961,4.252,41.6,mixed,True,1
18.702,10.083,8.619,0.4609,26.6,1414.9,True,s1->s2->c1->c2,Birmingham,O448,O5525,delivery_only,delivery_only,next_day,next_day,True,6,12,7.85,8.18,0.0,4.804,5.278,8.146,25.1,both_delivery,True,1
20.87,12.26,8.61,0.4125,56.5,227.2,True,s1->s2->c2->c1,Birmingham,O1841,O2397,shop_and_deliver,shop_and_deliver,same_day,same_day,True,5,15,8.030000000000001,7.3,0.0,6.603,7.607,5.657,12.8,both_shop,True,1
18.85,10.266,8.584,0.4554,27.8,219.7,True,s1->s2->c1->c2,Birmingham,O456,O5319,delivery_only,delivery_only,same_day,next_day,True,12,21,9.99,10.82,0.0,4.144,6.122,6.607,20.3,both_delivery,True,1
19.082,10.507,8.575,0.4494,43.0,120.0,True,s1->s2->c2->c1,Birmingham,O2260,O2928,shop_and_deliver,delivery_only,same_day,on_demand,True,6,19,7.79,10.5,0.0,4.448,6.512,6.059,16.4,mixed,True,1
16.135,7.584,8.551,0.53,39.2,96.6,True,s1->s2->c2->c1,Birmingham,O1353,O2817,delivery_only,shop_and_deliver,on_demand,on_demand,False,14,15,10.5,8.07,0.19,6.113,7.519,1.282,23.4,mixed,True,1
26.241,17.71,8.53,0.3251,48.0,120.0,True,s1->s2->c1->c2,Birmingham,O989,O1246,delivery_only,delivery_only,on_demand,next_day,True,16,12,8.67,8.7,0.0,11.566,6.144,13.953,16.8,both_delivery,True,1
14.824,6.327,8.497,0.5732,31.4,1433.3,True,s1->s2->c1->c2,Birmingham,O1113,O1172,shop_and_deliver,shop_and_deliver,next_day,next_day,True,1,3,4.54,5.62,0.0,1.907,4.42,5.985,6.7,both_shop,True,1
19.619,11.151,8.468,0.4316,53.1,120.0,True,s1->s2->c1->c2,Birmingham,O1238,O2949,shop_and_deliver,delivery_only,same_day,on_demand,True,10,9,8.95,7.83,0.0,5.993,5.157,9.304,3.9,mixed,True,1
13.952,5.5,8.452,0.6058,17.7,240.0,True,s1->s2->c2->c1,Birmingham,O84,O5423,delivery_only,delivery_only,same_day,next_day,True,9,6,6.82,5.82,0.0,2.543,5.497,2.957,43.5,both_delivery,True,1
15.969,7.584,8.385,0.5251,56.3,120.0,True,s2->s1->c1->c2,Birmingham,O1311,O4281,shop_and_deliver,shop_and_deliver,on_demand,same_day,False,2,13,6.99,9.25,0.19,3.238,4.157,7.48,3.1,both_shop,True,1
20.259,11.949,8.31,0.4102,48.6,106.1,True,s1->s2->c1->c2,Birmingham,O1433,O2943,shop_and_deliver,delivery_only,on_demand,on_demand,True,9,3,6.08,6.87,0.0,6.169,5.78,8.699,13.9,mixed,True,1
16.669,8.366,8.303,0.4981,39.7,232.6,True,s1->s2->c2->c1,Birmingham,O843,O5101,shop_and_deliver,shop_and_deliver,same_day,same_day,True,8,3,9.43,5.78,0.0,7.239,7.771,1.127,7.4,both_shop,True,1
22.82,14.52,8.3,0.3637,49.2,1402.4,True,s1->s2->c2->c1,Birmingham,O3277,O5578,shop_and_deliver,delivery_only,next_day,next_day,True,7,6,7.53,6.28,0.0,12.386,10.343,2.134,37.6,mixed,True,1
15.757,7.543,8.215,0.5213,27.6,85.0,True,s1->s2->c1->c2,Birmingham,O5073,O5085,delivery_only,delivery_only,on_demand,on_demand,True,30,13,12.45,9.53,0.0,2.737,4.806,6.145,35.0,both_delivery,True,1
21.622,13.41,8.211,0.3798,57.5,87.5,True,s1->s2->c2->c1,Birmingham,O4878,O5086,delivery_only,shop_and_deliver,on_demand,same_day,True,3,24,5.46,9.67,0.0,8.097,8.154,5.314,32.5,mixed,True,1
14.126,5.916,8.21,0.5812,53.2,119.2,True,s1->s2->c1->c2,Birmingham,O185,O3216,shop_and_deliver,shop_and_deliver,on_demand,on_demand,True,11,18,6.47,11.13,0.0,1.804,4.112,5.902,0.8,both_shop,True,1
23.769,15.586,8.183,0.3443,56.2,224.9,True,s1->s2->c2->c1,Birmingham,O715,O2501,shop_and_deliver,shop_and_deliver,same_day,next_day,True,2,17,5.75,9.83,0.0,9.749,8.966,5.837,15.1,both_shop,True,1
18.069,9.894,8.175,0.4524,42.7,198.7,True,s1->s2->c2->c1,Birmingham,O910,O3795,shop_and_deliver,shop_and_deliver,next_day,same_day,True,8,9,5.9,8.3,0.0,6.149,7.162,3.746,41.3,both_shop,True,1
15.13,6.961,8.168,0.5399,47.3,120.0,True,s1->s2->c1->c2,Birmingham,O2657,O3351,shop_and_deliver,shop_and_deliver,next_day,on_demand,True,4,8,7.75,8.39,0.0,1.963,4.998,5.133,40.1,both_shop,True,1
27.494,19.339,8.156,0.2966,46.9,198.8,True,s1->s2->c2->c1,Birmingham,O433,O656,delivery_only,delivery_only,same_day,same_day,True,8,15,8.31,8.32,0.0,13.239,10.697,6.1,41.2,both_delivery,True,1
17.079,8.942,8.136,0.4764,57.8,211.0,True,s1->s2->c2->c1,Birmingham,O2214,O5948,delivery_only,shop_and_deliver,same_day,same_day,True,9,24,8.45,13.57,0.0,6.453,7.295,2.49,29.0,mixed,True,1
19.126,11.076,8.05,0.4209,36.3,120.0,True,s1->s2->c2->c1,Birmingham,O1627,O3391,shop_and_deliver,shop_and_deliver,same_day,on_demand,True,8,7,7.96,6.48,0.0,8.785,8.418,2.291,7.5,both_shop,True,1
15.079,7.045,8.035,0.5328,99.1,240.0,True,s1->s2->c2->c1,Birmingham,O1754,O3929,shop_and_deliver,shop_and_deliver,next_day,same_day,True,31,27,14.12,14.44,0.0,3.635,5.835,3.409,9.6,both_shop,True,1
22.499,14.523,7.976,0.3545,41.4,109.8,True,s1->s2->c1->c2,Birmingham,O893,O1215,delivery_only,shop_and_deliver,on_demand,on_demand,True,10,11,8.63,9.55,0.0,7.064,7.459,7.581,10.2,mixed,True,1
17.994,10.035,7.959,0.4423,30.0,83.1,True,s1->s2->c1->c2,Birmingham,O1700,O4713,delivery_only,delivery_only,same_day,on_demand,True,17,4,12.41,6.78,0.0,4.492,5.543,6.907,36.9,both_delivery,True,1
16.696,8.758,7.937,0.4754,31.0,90.6,True,s1->s2->c2->c1,Birmingham,O4911,O5739,delivery_only,delivery_only,on_demand,on_demand,True,9,7,7.36,9.2,0.0,5.303,6.62,3.455,29.4,both_delivery,True,1
12.271,4.399,7.872,0.6415,60.4,94.5,True,s1->s2->c2->c1,Birmingham,O1452,O5479,shop_and_deliver,shop_and_deliver,on_demand,on_demand,True,7,17,8.780000000000001,12.82,0.0,0.857,4.364,3.542,25.5,both_shop,True,1
14.036,6.187,7.849,0.5592,27.2,120.0,True,s1->s2->c2->c1,Birmingham,O1976,O2705,shop_and_deliver,delivery_only,same_day,on_demand,True,11,8,8.4,8.36,0.0,1.867,4.858,4.32,4.9,mixed,True,1
16.695,8.852,7.843,0.4698,58.5,78.8,True,s1->s2->c2->c1,Birmingham,O992,O5478,shop_and_deliver,shop_and_deliver,on_demand,same_day,True,10,21,7.27,8.88,0.0,5.651,6.747,3.201,41.2,both_shop,True,1
14.946,7.105,7.841,0.5246,66.0,120.0,True,s1->s2->c2->c1,Birmingham,O1736,O3515,shop_and_deliver,shop_and_deliver,same_day,on_demand,True,20,10,10.66,8.79,0.0,5.839,6.84,1.266,20.7,both_shop,True,1
19.859,12.031,7.828,0.3942,42.9,207.0,True,s1->s2->c1->c2,Birmingham,O2646,O3353,delivery_only,shop_and_deliver,next_day,same_day,True,8,4,6.15,7.11,0.0,6.787,5.244,9.371,33.0,mixed,True,1
13.65,5.846,7.804,0.5717,26.3,114.5,True,s1->s2->c2->c1,Birmingham,O2069,O3763,delivery_only,shop_and_deliver,on_demand,same_day,True,6,3,7.9,10.05,0.0,2.825,5.315,3.02,5.5,mixed,True,1
15.925,8.136,7.789,0.4891,65.0,107.8,True,s1->s2->c1->c2,Birmingham,O3069,O5880,shop_and_deliver,shop_and_deliver,same_day,on_demand,True,9,14,8.31,8.21,0.0,3.285,4.851,6.223,12.2,both_shop,True,1
14.364,6.63,7.734,0.5384,41.0,120.0,True,s1->s2->c2->c1,Birmingham,O3702,O5506,shop_and_deliver,shop_and_deliver,same_day,on_demand,True,2,7,5.76,7.19,0.0,4.103,5.919,2.527,2.3,both_shop,True,1
15.385,7.657,7.728,0.5023,72.5,216.8,True,s1->s2->c2->c1,Birmingham,O1937,O3038,shop_and_deliver,shop_and_deliver,same_day,same_day,True,10,16,10.22,10.64,0.0,4.358,6.043,3.299,23.2,both_shop,True,1
27.289,19.569,7.721,0.2829,59.2,82.5,True,s1->s2->c2->c1,Birmingham,O3022,O4041,shop_and_deliver,shop_and_deliver,on_demand,on_demand,True,11,8,8.34,7.54,0.0,14.162,10.941,5.406,37.5,both_shop,True,1
16.092,8.412,7.68,0.4772,42.8,204.1,True,s1->s2->c2->c1,Birmingham,O2161,O5771,delivery_only,shop_and_deliver,same_day,same_day,True,11,6,7.93,8.030000000000001,0.0,4.602,6.141,3.81,35.9,mixed,True,1
17.929,10.257,7.672,0.4279,51.6,199.0,True,s1->s2->c2->c1,Birmingham,O2637,O5548,shop_and_deliver,shop_and_deliver,same_day,next_day,True,5,10,6.82,6.12,0.0,7.27,7.471,2.986,41.0,both_shop,True,1
13.253,5.602,7.651,0.5773,38.7,120.0,True,s1->s2->c2->c1,Birmingham,O904,O2934,shop_and_deliver,delivery_only,on_demand,same_day,True,16,11,9.29,6.79,0.0,3.552,5.601,2.05,4.4,mixed,True,1
24.012,16.39,7.623,0.3174,43.2,209.6,True,s1->s2->c2->c1,Birmingham,O2499,O2851,delivery_only,delivery_only,next_day,same_day,True,1,22,5.05,12.47,0.0,12.099,9.861,4.291,30.4,both_delivery,True,1
14.599,6.995,7.604,0.5209,29.5,105.4,True,s1->s2->c1->c2,Birmingham,O227,O5700,delivery_only,delivery_only,on_demand,same_day,True,19,12,11.21,9.67,0.0,2.825,4.17,6.258,14.6,both_delivery,True,1
14.358,6.788,7.57,0.5272,35.3,206.3,True,s1->s2->c1->c2,Birmingham,O461,O5207,shop_and_deliver,shop_and_deliver,same_day,same_day,True,10,10,8.93,6.67,0.0,2.133,4.655,5.047,33.7,both_shop,True,1
13.818,6.259,7.559,0.547,24.8,230.8,True,s1->s2->c2->c1,Birmingham,O3082,O3968,delivery_only,delivery_only,same_day,same_day,True,8,7,8.31,6.63,0.0,2.881,5.22,3.378,9.2,both_delivery,True,1
14.192,6.633,7.559,0.5326,24.8,75.8,True,s1->s2->c1->c2,Birmingham,O1634,O3578,delivery_only,delivery_only,same_day,on_demand,True,1,10,5.89,8.87,0.0,2.134,4.499,5.194,44.2,both_delivery,True,1
11.598,4.049,7.55,0.6509,15.7,203.8,True,s1->s2->c1->c2,Birmingham,O2933,O5128,delivery_only,delivery_only,same_day,same_day,True,8,15,8.05,7.66,0.0,0.245,3.804,3.991,36.2,both_delivery,True,1
15.092,7.565,7.527,0.4987,53.2,119.8,True,s1->s2->c1->c2,Birmingham,O333,O3824,shop_and_deliver,delivery_only,same_day,on_demand,True,22,2,11.66,7.71,0.0,3.706,3.859,7.374,0.2,mixed,True,1
16.014,8.492,7.522,0.4697,50.9,120.0,True,s1->s2->c2->c1,Birmingham,O1708,O2178,delivery_only,shop_and_deliver,on_demand,same_day,False,11,13,10.53,8.97,0.19,3.672,5.778,4.63,32.3,mixed,True,1
20.647,13.136,7.511,0.3638,45.8,120.0,True,s1->s2->c2->c1,Birmingham,O3770,O5222,delivery_only,shop_and_deliver,same_day,on_demand,True,12,13,8.48,8.35,0.0,9.316,8.414,3.82,24.7,mixed,True,1
21.605,14.156,7.45,0.3448,44.2,213.5,True,s1->s2->c2->c1,Birmingham,O3559,O4997,delivery_only,shop_and_deliver,same_day,same_day,True,10,3,10.29,5.02,0.0,9.519,8.484,4.637,26.5,mixed,True,1
17.09,9.652,7.437,0.4352,38.4,78.8,True,s1->s2->c2->c1,Birmingham,O635,O1900,delivery_only,shop_and_deliver,same_day,on_demand,True,14,12,9.81,8.08,0.0,7.479,7.458,2.173,41.2,mixed,True,1
19.899,12.556,7.343,0.369,45.2,120.0,True,s1->s2->c2->c1,Birmingham,O398,O3676,delivery_only,shop_and_deliver,on_demand,same_day,True,18,12,11.78,8.44,0.0,6.568,6.956,5.988,33.9,mixed,True,1
19.521,12.193,7.328,0.3754,60.7,76.0,True,s1->s2->c2->c1,Birmingham,O2129,O3083,shop_and_deliver,shop_and_deliver,on_demand,on_demand,True,3,10,7.22,8.34,0.0,7.073,7.2,5.121,44.0,both_shop,True,1
14.676,7.37,7.306,0.4978,42.2,100.6,True,s1->s2->c2->c1,Birmingham,O2160,O4922,shop_and_deliver,shop_and_deliver,on_demand,next_day,True,5,16,7.64,8.14,0.0,4.74,6.023,2.631,19.4,both_shop,True,1
11.931,4.634,7.297,0.6116,58.3,218.9,True,s1->s2->c2->c1,Birmingham,O1485,O2846,shop_and_deliver,shop_and_deliver,same_day,same_day,True,4,11,7.44,8.47,0.0,1.016,4.157,3.618,21.1,both_shop,True,1
13.106,5.839,7.267,0.5545,57.8,120.0,True,s1->s2->c2->c1,Birmingham,O4549,O5001,shop_and_deliver,shop_and_deliver,on_demand,next_day,True,16,33,11.12,14.63,0.0,1.63,4.448,4.209,12.1,both_shop,True,1
21.266,14.048,7.218,0.3394,67.3,94.5,True,s1->s2->c1->c2,Birmingham,O562,O4268,shop_and_deliver,delivery_only,next_day,on_demand,True,9,10,8.120000000000001,13.27,0.0,7.771,6.277,8.711,25.5,mixed,True,1
15.193,7.977,7.216,0.4749,38.4,116.1,True,s1->s2->c1->c2,Birmingham,O3107,O5961,delivery_only,shop_and_deliver,on_demand,same_day,True,13,8,7.02,6.93,0.0,3.453,4.524,6.144,3.9,mixed,True,1
16.836,9.633,7.203,0.4278,33.2,117.4,True,s1->s2->c1->c2,Birmingham,O1695,O2776,delivery_only,delivery_only,same_day,on_demand,True,9,10,9.47,7.49,0.0,5.664,3.969,8.899,2.6,both_delivery,True,1
18.527,11.326,7.202,0.3887,41.6,120.0,True,s1->s2->c2->c1,Birmingham,O4603,O5133,shop_and_deliver,shop_and_deliver,same_day,on_demand,True,12,14,8.37,9.65,0.0,9.757,8.479,1.569,31.3,both_shop,True,1
20.103,12.957,7.146,0.3555,48.5,202.4,True,s1->s2->c2->c1,Birmingham,O1870,O4211,delivery_only,shop_and_deliver,next_day,same_day,True,10,9,9.7,6.52,0.0,7.089,7.117,5.868,37.6,mixed,True,1
15.776,8.631,7.145,0.4529,55.1,224.6,True,s1->s2->c2->c1,Birmingham,O724,O4897,shop_and_deliver,shop_and_deliver,same_day,same_day,True,5,14,5.98,9.38,0.0,7.987,7.566,0.644,15.4,both_shop,True,1
20.601,13.55,7.05,0.3422,58.9,120.0,True,s1->s2->c2->c1,Birmingham,O3113,O3805,shop_and_deliver,shop_and_deliver,on_demand,same_day,True,15,24,7.56,15.08,0.0,10.672,8.861,2.878,28.6,both_shop,True,1
14.074,7.04,7.034,0.4998,36.6,204.2,True,s1->s2->c1->c2,Birmingham,O510,O5591,delivery_only,shop_and_deliver,same_day,next_day,True,18,3,10.85,5.39,0.0,3.176,3.864,6.346,35.8,mixed,True,1
12.32,5.312,7.008,0.5688,46.7,112.6,True,s1->s2->c2->c1,Birmingham,O3080,O3376,shop_and_deliver,delivery_only,on_demand,next_day,True,10,12,7.25,9.64,0.0,3.308,5.158,2.004,7.4,mixed,True,1
14.527,7.552,6.975,0.4801,31.4,240.0,True,s1->s2->c2->c1,Birmingham,O1405,O4543,shop_and_deliver,delivery_only,next_day,same_day,True,9,6,10.03,7.95,0.0,4.264,5.62,3.288,9.4,mixed,True,1
16.928,9.986,6.942,0.4101,64.2,120.0,True,s1->s2->c2->c1,Birmingham,O2149,O5859,shop_and_deliver,shop_and_deliver,same_day,on_demand,True,25,8,14.6,6.13,0.0,8.943,7.942,1.044,29.8,both_shop,True,1
11.923,4.996,6.927,0.581,62.2,83.6,True,s1->s2->c2->c1,Birmingham,O3473,O4662,shop_and_deliver,shop_and_deliver,on_demand,on_demand,True,9,15,7.67,7.74,0.0,2.636,4.782,2.359,36.4,both_shop,True,1
25.78,18.86,6.919,0.2684,73.5,78.6,True,s1->s2->c2->c1,Birmingham,O822,O1232,shop_and_deliver,shop_and_deliver,on_demand,on_demand,True,4,9,7.31,6.61,0.0,14.003,10.461,4.857,41.4,both_shop,True,1
14.457,7.539,6.918,0.4785,47.8,212.1,True,s1->s2->c1->c2,Birmingham,O2168,O5716,shop_and_deliver,delivery_only,same_day,next_day,True,10,5,6.24,6.84,0.0,4.065,3.474,7.508,27.9,mixed,True,1
19.807,12.901,6.905,0.3486,55.7,100.8,True,s1->s2->c2->c1,Birmingham,O4249,O5251,delivery_only,shop_and_deliver,on_demand,on_demand,True,10,13,6.39,9.22,0.0,10.763,8.834,2.138,19.2,mixed,True,1
14.031,7.143,6.888,0.4909,39.1,111.1,True,s1->s2->c2->c1,Birmingham,O918,O4316,shop_and_deliver,delivery_only,same_day,on_demand,True,9,22,8.38,11.68,0.0,5.438,6.163,1.704,8.9,mixed,True,1
14.658,7.806,6.852,0.4674,45.6,120.0,True,s2->s1->c2->c1,Birmingham,O716,O3686,delivery_only,shop_and_deliver,on_demand,same_day,False,5,11,8.61,9.08,0.19,2.899,5.017,4.725,3.4,mixed,True,1
12.703,5.897,6.806,0.5358,59.7,120.0,True,s1->s2->c1->c2,Birmingham,O42,O3310,shop_and_deliver,shop_and_deliver,same_day,on_demand,True,11,9,7.88,6.92,0.0,2.483,3.414,5.875,0.8,both_shop,True,1
12.736,5.935,6.801,0.534,36.3,120.0,True,s1->s2->c1->c2,Birmingham,O186,O5167,shop_and_deliver,shop_and_deliver,on_demand,next_day,True,4,13,5.77,8.76,0.0,2.417,3.517,5.702,11.7,both_shop,True,1
15.887,9.087,6.8,0.428,37.9,1424.9,True,s1->s2->c1->c2,Birmingham,O147,O3762,delivery_only,shop_and_deliver,next_day,next_day,True,14,4,10.68,6.29,0.0,5.478,3.609,8.668,15.1,mixed,True,1
11.033,4.287,6.746,0.6114,28.7,120.0,True,s1->s2->c2->c1,Birmingham,O2993,O4343,delivery_only,shop_and_deliver,on_demand,next_day,True,15,6,7.58,8.969999999999999,0.0,1.751,4.249,2.536,13.6,mixed,True,1
18.007,11.275,6.732,0.3738,35.9,240.0,True,s1->s2->c2->c1,Birmingham,O2899,O3139,shop_and_deliver,delivery_only,same_day,next_day,True,8,6,8.15,7.9,0.0,8.458,7.595,2.817,24.5,mixed,True,1
14.814,8.095,6.72,0.4536,45.5,240.0,True,s1->s2->c2->c1,Birmingham,O4611,O5350,shop_and_deliver,delivery_only,next_day,same_day,True,6,15,12.42,14.54,0.0,7.479,7.099,0.615,29.2,mixed,True,1
17.166,10.494,6.672,0.3887,35.1,96.6,True,s1->s2->c1->c2,Birmingham,O3143,O5718,shop_and_deliver,delivery_only,same_day,on_demand,True,10,9,8.93,8.79,0.0,6.587,3.907,9.351,23.4,mixed,True,1
18.764,12.097,6.668,0.3553,79.3,117.7,True,s1->s2->c2->c1,Birmingham,O1281,O4648,shop_and_deliver,shop_and_deliver,same_day,on_demand,True,29,7,14.0,6.38,0.0,10.286,8.477,1.811,2.3,both_shop,True,1
11.31,4.702,6.608,0.5843,32.7,85.5,True,s1->s2->c2->c1,Birmingham,O1561,O5435,shop_and_deliver,shop_and_deliver,on_demand,on_demand,True,4,3,9.03,6.45,0.0,0.941,3.775,3.76,34.5,both_shop,True,1
12.309,5.798,6.51,0.5289,27.9,110.6,True,s1->s2->c2->c1,Birmingham,O124,O551,delivery_only,shop_and_deliver,same_day,on_demand,True,13,2,7.3,6.32,0.0,5.084,5.797,0.714,9.4,mixed,True,1
16.186,9.695,6.492,0.4011,31.5,214.1,True,s1->s2->c2->c1,Birmingham,O4266,O5546,shop_and_deliver,delivery_only,same_day,next_day,True,2,16,5.68,7.64,0.0,7.539,7.015,2.156,25.9,mixed,True,1
17.337,10.878,6.459,0.3726,62.4,120.0,True,s1->s2->c1->c2,Birmingham,O976,O4487,delivery_only,shop_and_deliver,on_demand,same_day,True,11,11,10.05,6.67,0.0,7.567,3.311,10.716,33.5,mixed,True,1
18.83,12.373,6.457,0.3429,47.9,120.0,True,s1->s2->c2->c1,Birmingham,O2305,O5706,shop_and_deliver,shop_and_deliver,same_day,on_demand,True,6,5,7.7,7.58,0.0,10.371,8.414,2.001,14.9,both_shop,True,1
11.176,4.724,6.452,0.5773,49.2,120.0,True,s1->s2->c2->c1,Birmingham,O3232,O3472,delivery_only,shop_and_deliver,same_day,on_demand,True,2,12,6.49,11.97,0.0,1.755,4.103,2.969,21.3,mixed,True,1
12.313,5.874,6.439,0.5229,47.6,118.3,True,s1->s2->c2->c1,Birmingham,O2151,O3418,shop_and_deliver,shop_and_deliver,on_demand,on_demand,True,6,7,6.01,7.92,0.0,5.124,5.781,0.751,1.7,both_shop,True,1
15.648,9.234,6.414,0.4099,44.2,1404.2,True,s1->s2->c2->c1,Birmingham,O568,O2685,delivery_only,shop_and_deliver,next_day,next_day,True,14,6,8.08,6.07,0.0,8.292,7.353,0.942,35.8,mixed,True,1
10.638,4.264,6.375,0.5992,27.4,91.9,True,s1->s2->c2->c1,Birmingham,O3270,O5963,delivery_only,shop_and_deliver,on_demand,next_day,True,22,6,11.11,7.74,0.0,1.832,4.103,2.432,28.1,mixed,True,1
14.703,8.342,6.361,0.4326,41.7,211.5,True,s1->s2->c2->c1,Birmingham,O4576,O4741,shop_and_deliver,delivery_only,same_day,same_day,True,22,8,10.99,9.03,0.0,4.831,5.596,3.512,28.5,mixed,True,1
12.264,5.935,6.329,0.516,49.6,106.0,True,s1->s2->c1->c2,Birmingham,O2709,O5813,shop_and_deliver,shop_and_deliver,same_day,on_demand,True,14,20,7.24,10.84,0.0,2.605,3.331,5.602,14.0,both_shop,True,1
15.207,8.908,6.299,0.4142,39.2,79.4,True,s1->s2->c2->c1,Birmingham,O410,O2793,delivery_only,shop_and_deliver,on_demand,on_demand,True,21,11,10.58,8.46,0.0,7.665,6.982,1.243,40.6,mixed,True,1
13.627,7.333,6.294,0.4619,22.5,100.5,True,s1->s2->c2->c1,Birmingham,O2125,O3745,delivery_only,delivery_only,on_demand,on_demand,True,16,12,10.0,6.9,0.0,3.738,5.016,3.595,19.5,both_delivery,True,1
17.233,10.961,6.272,0.3639,35.3,110.1,True,s1->s2->c1->c2,Birmingham,O2040,O4518,shop_and_deliver,delivery_only,on_demand,on_demand,True,6,6,5.05,5.22,0.0,6.909,4.052,9.128,9.9,mixed,True,1
18.592,12.339,6.253,0.3363,45.1,76.6,True,s1->s2->c2->c1,Birmingham,O536,O3445,shop_and_deliver,delivery_only,on_demand,on_demand,True,5,11,7.19,12.2,0.0,9.004,7.628,3.335,43.4,mixed,True,1
12.54,6.294,6.246,0.4981,19.7,234.7,True,s1->s2->c1->c2,Birmingham,O125,O4124,delivery_only,delivery_only,same_day,same_day,True,13,15,8.09,8.81,0.0,3.126,3.168,6.203,5.3,both_delivery,True,1
15.276,9.033,6.242,0.4086,37.9,212.7,True,s1->s2->c2->c1,Birmingham,O1442,O5459,shop_and_deliver,delivery_only,same_day,same_day,True,13,18,7.45,9.88,0.0,5.909,6.076,3.124,27.3,mixed,True,1
12.172,5.954,6.218,0.5109,21.3,120.0,True,s1->s2->c2->c1,Birmingham,O4337,O4814,delivery_only,delivery_only,on_demand,same_day,True,3,24,5.51,12.4,0.0,5.602,5.91,0.352,16.7,both_delivery,True,1
12.55,6.347,6.203,0.4942,40.8,92.3,True,s1->s2->c2->c1,Birmingham,O3088,O5563,shop_and_deliver,delivery_only,on_demand,on_demand,True,10,13,6.71,8.96,0.0,2.661,4.432,3.686,27.7,mixed,True,1
12.038,5.851,6.187,0.514,32.9,218.1,True,s1->s2->c2->c1,Birmingham,O3386,O3555,delivery_only,shop_and_deliver,same_day,same_day,True,18,12,10.73,8.870000000000001,0.0,4.031,5.109,1.82,21.9,mixed,True,1
17.458,11.331,6.127,0.351,43.4,94.0,True,s1->s2->c2->c1,Birmingham,O2107,O3599,delivery_only,shop_and_deliver,on_demand,on_demand,True,2,1,6.5,5.55,0.0,9.34,7.734,1.991,26.0,mixed,True,1
13.827,7.719,6.108,0.4418,51.1,205.5,True,s1->s2->c1->c2,Birmingham,O1625,O1650,delivery_only,shop_and_deliver,same_day,same_day,True,6,12,7.07,8.16,0.0,4.007,3.712,6.403,34.5,mixed,True,1
18.531,12.5,6.031,0.3254,61.8,104.9,True,s1->s2->c1->c2,Birmingham,O1786,O4027,shop_and_deliver,shop_and_deliver,on_demand,on_demand,True,9,16,7.57,11.04,0.0,8.026,4.474,9.583,15.1,both_shop,True,1
10.927,4.898,6.028,0.5517,49.4,240.0,True,s1->s2->c2->c1,Birmingham,O884,O5129,shop_and_deliver,shop_and_deliver,next_day,same_day,True,7,8,9.94,7.57,0.0,3.602,4.815,1.297,17.7,both_shop,True,1
14.347,8.322,6.024,0.4199,49.5,197.6,True,s1->s2->c1->c2,Birmingham,O1677,O1739,shop_and_deliver,shop_and_deliver,same_day,next_day,True,1,16,4.48,8.23,0.0,4.196,4.127,6.093,42.4,both_shop,True,1
15.323,9.325,5.999,0.3915,55.7,233.6,True,s1->s2->c1->c2,Birmingham,O1201,O1362,shop_and_deliver,shop_and_deliver,same_day,same_day,True,12,5,9.44,9.41,0.0,4.809,4.516,6.291,6.4,both_shop,True,1
11.711,5.748,5.963,0.5092,26.2,85.3,True,s1->s2->c2->c1,Birmingham,O469,O2257,shop_and_deliver,delivery_only,next_day,on_demand,True,4,19,6.56,9.87,0.0,4.724,5.344,1.024,34.7,mixed,True,1
15.153,9.191,5.963,0.3935,28.7,120.0,True,s1->s2->c1->c2,Birmingham,O4783,O4810,delivery_only,delivery_only,same_day,on_demand,True,4,20,7.38,9.96,0.0,5.895,3.296,8.562,9.1,both_delivery,True,1
15.477,9.531,5.946,0.3842,40.6,95.7,True,s1->s2->c2->c1,Birmingham,O2718,O5932,shop_and_deliver,shop_and_deliver,on_demand,next_day,True,10,16,8.77,10.25,0.0,7.534,6.74,1.997,24.3,both_shop,True,1
16.665,10.723,5.942,0.3565,60.3,113.4,True,s1->s2->c2->c1,Birmingham,O1016,O2295,shop_and_deliver,shop_and_deliver,on_demand,on_demand,True,13,8,11.01,6.19,0.0,6.876,6.409,3.847,6.6,both_shop,True,1
11.969,6.028,5.941,0.4964,34.6,120.0,True,s1->s2->c1->c2,Birmingham,O4540,O4670,shop_and_deliver,delivery_only,next_day,on_demand,True,12,19,9.23,9.08,0.0,3.057,2.971,6.028,24.5,mixed,True,1
18.212,12.279,5.933,0.3258,81.9,120.0,True,s1->s2->c2->c1,Birmingham,O4104,O4615,shop_and_deliver,shop_and_deliver,next_day,on_demand,True,12,15,9.38,8.67,0.0,7.751,6.842,4.528,5.1,both_shop,True,1
26.601,20.673,5.928,0.2228,62.0,115.1,True,s1->s2->c1->c2,Birmingham,O2073,O2297,shop_and_deliver,shop_and_deliver,on_demand,same_day,True,9,10,7.91,9.21,0.0,12.241,8.432,9.736,4.9,both_shop,True,1
10.338,4.416,5.923,0.5729,23.3,89.6,True,s1->s2->c2->c1,Birmingham,O1443,O5530,shop_and_deliver,delivery_only,on_demand,on_demand,True,7,13,9.31,7.5,0.0,2.858,4.39,1.558,30.4,mixed,True,1
17.611,11.695,5.916,0.3359,39.3,120.0,True,s1->s2->c2->c1,Birmingham,O35,O77,shop_and_deliver,delivery_only,same_day,on_demand,True,3,7,6.1,8.52,0.0,9.361,7.638,2.334,21.5,mixed,True,1
10.324,4.418,5.906,0.5721,43.8,107.9,True,s1->s2->c2->c1,Birmingham,O4646,O5951,shop_and_deliver,delivery_only,same_day,on_demand,True,17,5,9.94,5.2,0.0,1.101,3.504,3.317,12.1,mixed,True,1
13.121,7.217,5.904,0.4499,46.6,120.0,True,s1->s2->c2->c1,Birmingham,O793,O4357,delivery_only,shop_and_deliver,on_demand,same_day,True,6,16,5.5,9.15,0.0,3.403,4.654,3.814,0.7,mixed,True,1
17.084,11.208,5.876,0.344,58.2,1423.0,True,s1->s2->c1->c2,Birmingham,O232,O2518,delivery_only,shop_and_deliver,next_day,next_day,True,25,26,14.2,14.13,0.0,7.989,3.219,10.647,17.0,mixed,True,1
14.621,8.838,5.783,0.3955,55.3,90.9,True,s1->s2->c1->c2,Birmingham,O103,O1777,shop_and_deliver,shop_and_deliver,same_day,on_demand,True,22,17,12.81,10.74,0.0,5.9,2.938,8.744,29.1,both_shop,True,1
11.441,5.67,5.771,0.5044,31.7,90.1,True,s1->s2->c2->c1,Birmingham,O4412,O4525,delivery_only,shop_and_deliver,next_day,on_demand,True,27,7,11.25,8.370000000000001,0.0,4.872,5.322,0.798,29.9,mixed,True,1
12.316,6.555,5.761,0.4678,31.0,118.6,True,s1->s2->c1->c2,Birmingham,O1928,O3234,shop_and_deliver,delivery_only,on_demand,same_day,True,11,9,6.61,9.17,0.0,2.997,3.558,5.2,1.4,mixed,True,1
9.427,3.738,5.689,0.6035,34.3,120.0,True,s1->s2->c2->c1,Birmingham,O1558,O2702,delivery_only,shop_and_deliver,on_demand,next_day,True,5,8,7.29,6.53,0.0,1.787,3.738,1.951,30.9,mixed,True,1
11.424,5.737,5.687,0.4978,36.5,105.9,True,s1->s2->c2->c1,Birmingham,O2388,O4939,shop_and_deliver,shop_and_deliver,on_demand,same_day,True,5,3,5.12,6.67,0.0,3.903,4.795,1.834,14.1,both_shop,True,1
12.249,6.565,5.684,0.4641,21.7,120.0,True,s1->s2->c2->c1,Birmingham,O210,O2081,delivery_only,delivery_only,on_demand,same_day,True,6,17,7.2,10.16,0.0,4.136,4.91,2.429,15.1,both_delivery,True,1
12.209,6.535,5.674,0.4647,33.2,204.7,True,s1->s2->c2->c1,Birmingham,O3829,O5155,delivery_only,shop_and_deliver,next_day,same_day,True,14,7,7.8,6.28,0.0,5.447,5.561,1.088,35.3,mixed,True,1
18.295,12.639,5.656,0.3092,54.2,88.5,True,s1->s2->c1->c2,Birmingham,O1234,O3999,shop_and_deliver,delivery_only,on_demand,same_day,True,12,11,8.82,7.62,0.0,7.586,5.053,8.189,31.5,mixed,True,1
16.063,10.421,5.641,0.3512,70.7,240.0,True,s1->s2->c2->c1,Birmingham,O4805,O5261,shop_and_deliver,shop_and_deliver,same_day,next_day,True,18,15,8.02,7.66,0.0,8.808,7.225,1.613,0.4,both_shop,True,1
20.162,14.539,5.623,0.2789,43.8,84.4,True,s1->s2->c2->c1,Birmingham,O2451,O3974,shop_and_deliver,delivery_only,same_day,on_demand,True,9,12,7.45,8.88,0.0,11.427,8.525,3.113,35.6,mixed,True,1
8.791,3.19,5.601,0.6371,32.1,97.8,True,s1->s2->c2->c1,Birmingham,O1519,O4894,delivery_only,shop_and_deliver,next_day,on_demand,True,13,7,8.05,7.71,0.0,0.753,3.177,2.438,22.2,mixed,True,1
11.715,6.119,5.595,0.4776,34.7,120.0,True,s1->s2->c2->c1,Birmingham,O734,O3470,delivery_only,shop_and_deliver,on_demand,next_day,True,27,6,12.55,9.57,0.0,5.626,5.611,0.493,35.4,mixed,True,1
10.496,5.054,5.442,0.5185,20.0,120.0,True,s1->s2->c1->c2,Birmingham,O3046,O3859,delivery_only,delivery_only,same_day,on_demand,True,12,8,13.83,6.35,0.0,2.143,2.911,4.674,7.9,both_delivery,True,1
13.052,7.61,5.442,0.417,36.6,120.0,True,s1->s2->c2->c1,Birmingham,O889,O4995,shop_and_deliver,delivery_only,same_day,on_demand,True,4,15,6.2,7.64,0.0,3.804,4.623,3.806,10.6,mixed,True,1
11.521,6.178,5.343,0.4638,33.5,120.0,True,s1->s2->c1->c2,Birmingham,O2573,O5203,delivery_only,shop_and_deliver,next_day,on_demand,True,9,13,11.5,8.17,0.0,3.494,2.684,6.153,1.4,mixed,True,1
15.254,9.943,5.311,0.3482,39.0,120.0,True,s1->s2->c1->c2,Birmingham,O4755,O4811,shop_and_deliver,shop_and_deliver,same_day,on_demand,True,8,2,7.68,7.24,0.0,6.957,2.986,9.282,3.7,both_shop,True,1
16.605,11.328,5.277,0.3178,41.5,214.7,True,s1->s2->c2->c1,Birmingham,O1193,O3772,delivery_only,shop_and_deliver,same_day,same_day,True,4,8,5.62,7.9,0.0,8.988,7.133,2.34,25.3,mixed,True,1
20.758,15.484,5.274,0.2541,38.7,80.6,True,s1->s2->c1->c2,Birmingham,O829,O3753,shop_and_deliver,delivery_only,on_demand,on_demand,True,6,6,7.11,8.870000000000001,0.0,8.747,6.737,7.284,39.4,mixed,True,1
13.259,8.037,5.222,0.3939,65.8,97.6,True,s1->s2->c1->c2,Birmingham,O1809,O4236,shop_and_deliver,shop_and_deliver,on_demand,next_day,True,18,11,10.08,6.27,0.0,5.414,2.624,8.012,22.4,both_shop,True,1
11.784,6.567,5.216,0.4427,37.5,120.0,True,s1->s2->c1->c2,Birmingham,O401,O4693,delivery_only,shop_and_deliver,next_day,on_demand,True,12,5,8.57,4.85,0.0,3.727,2.841,6.102,42.9,mixed,True,1
14.222,9.111,5.11,0.3593,41.8,106.6,True,s1->s2->c2->c1,Birmingham,O2329,O4254,shop_and_deliver,delivery_only,on_demand,on_demand,True,8,12,11.14,9.42,0.0,5.994,5.552,3.118,13.4,mixed,True,1
15.673,10.591,5.083,0.3243,52.5,93.4,True,s1->s2->c2->c1,Birmingham,O1209,O4031,shop_and_deliver,shop_and_deliver,on_demand,on_demand,True,2,27,5.76,10.48,0.0,6.618,5.85,3.972,26.6,both_shop,True,1
12.382,7.351,5.032,0.4064,37.9,79.3,True,s1->s2->c1->c2,Birmingham,O703,O2369,delivery_only,shop_and_deliver,same_day,on_demand,True,8,13,5.81,8.44,0.0,4.706,2.645,7.092,40.7,mixed,True,1
16.038,11.014,5.024,0.3133,65.1,91.4,True,s1->s2->c1->c2,Birmingham,O1782,O4218,shop_and_deliver,shop_and_deliver,on_demand,on_demand,True,2,28,4.68,14.63,0.0,6.553,4.461,7.116,28.6,both_shop,True,1
10.69,5.688,5.003,0.468,34.4,120.0,True,s1->s2->c2->c1,Birmingham,O3849,O5165,delivery_only,shop_and_deliver,same_day,on_demand,True,12,14,6.51,9.17,0.0,4.752,4.878,0.935,30.5,mixed,True,1
9.782,4.825,4.957,0.5067,60.8,120.0,True,s1->s2->c2->c1,Birmingham,O705,O3121,shop_and_deliver,shop_and_deliver,same_day,on_demand,True,15,6,11.36,7.45,0.0,4.045,4.501,0.78,44.3,both_shop,True,1
12.122,7.176,4.946,0.408,50.6,91.8,True,s1->s2->c1->c2,Birmingham,O1111,O5331,shop_and_deliver,shop_and_deliver,on_demand,on_demand,True,3,9,6.23,7.06,0.0,3.377,3.799,4.523,28.2,both_shop,True,1
21.906,16.978,4.928,0.2249,63.9,100.5,True,s1->s2->c2->c1,Birmingham,O2113,O3305,shop_and_deliver,shop_and_deliver,on_demand,on_demand,True,13,12,9.25,11.32,0.0,12.959,8.943,4.02,19.5,both_shop,True,1
20.342,15.426,4.916,0.2417,52.1,224.5,True,s1->s2->c2->c1,Birmingham,O420,O649,delivery_only,shop_and_deliver,same_day,same_day,True,16,2,8.15,5.66,0.0,9.38,7.148,6.046,15.5,mixed,True,1
8.711,3.84,4.871,0.5591,56.6,216.4,True,s1->s2->c2->c1,Birmingham,O4398,O5427,shop_and_deliver,shop_and_deliver,same_day,same_day,True,22,9,13.01,6.11,0.0,2.77,3.82,1.07,23.6,both_shop,True,1
21.013,16.155,4.858,0.2312,61.7,206.2,True,s1->s2->c2->c1,Birmingham,O1322,O5539,shop_and_deliver,shop_and_deliver,same_day,next_day,True,16,20,8.63,9.79,0.0,10.639,7.749,5.516,33.8,both_shop,True,1
10.022,5.219,4.802,0.4792,40.2,85.6,True,s1->s2->c2->c1,Birmingham,O1931,O3320,shop_and_deliver,delivery_only,on_demand,on_demand,True,6,10,9.5,8.21,0.0,3.335,4.069,1.884,34.4,mixed,True,1
23.18,18.383,4.797,0.207,56.5,220.8,True,s1->s2->c2->c1,Birmingham,O700,O5033,delivery_only,shop_and_deliver,next_day,same_day,True,5,15,5.9,8.76,0.0,13.854,9.326,4.529,19.2,mixed,True,1
9.832,5.044,4.787,0.4869,44.1,118.6,True,s1->s2->c1->c2,Birmingham,O272,O3278,shop_and_deliver,shop_and_deliver,same_day,on_demand,True,8,5,6.18,7.64,0.0,2.649,2.395,5.041,1.4,both_shop,True,1
25.251,20.468,4.783,0.1894,56.0,102.1,True,s1->s2->c2->c1,Birmingham,O585,O3306,shop_and_deliver,shop_and_deliver,on_demand,same_day,True,12,3,6.73,4.82,0.0,12.246,8.514,8.222,17.9,both_shop,True,1
14.226,9.468,4.757,0.3344,51.1,235.0,True,s1->s2->c1->c2,Birmingham,O3796,O5630,shop_and_deliver,shop_and_deliver,next_day,same_day,True,3,15,6.11,10.12,0.0,6.536,2.932,8.362,5.0,both_shop,True,1
10.012,5.258,4.755,0.4749,20.0,120.0,True,s2->s1->c1->c2,Birmingham,O57,O1969,delivery_only,delivery_only,same_day,on_demand,False,25,2,10.49,5.24,0.19,2.727,2.341,5.18,21.8,both_delivery,True,1
10.378,5.673,4.705,0.4534,61.1,75.4,True,s1->s2->c1->c2,Birmingham,O362,O2821,shop_and_deliver,shop_and_deliver,on_demand,on_demand,True,13,11,7.84,7.58,0.0,2.244,3.43,3.519,44.6,both_shop,True,1
12.688,7.986,4.702,0.3706,34.5,109.9,True,s1->s2->c1->c2,Birmingham,O2749,O4765,shop_and_deliver,delivery_only,on_demand,same_day,True,5,18,10.07,12.46,0.0,4.372,3.614,5.46,10.1,mixed,True,1
10.926,6.231,4.694,0.4296,63.5,203.0,True,s1->s2->c1->c2,Birmingham,O1032,O1645,shop_and_deliver,shop_and_deliver,same_day,same_day,True,11,31,7.68,11.31,0.0,2.98,3.251,4.424,37.0,both_shop,True,1
10.352,5.717,4.634,0.4477,27.2,117.8,True,s1->s2->c1->c2,Birmingham,O4459,O5322,delivery_only,shop_and_deliver,on_demand,same_day,True,5,8,5.27,7.94,0.0,3.025,2.693,4.966,2.2,mixed,True,1
14.22,9.608,4.613,0.3244,52.9,202.4,True,s1->s2->c1->c2,Birmingham,O2524,O5416,delivery_only,shop_and_deliver,same_day,same_day,True,13,15,10.12,9.5,0.0,6.691,2.917,8.387,37.6,mixed,True,1
12.659,8.067,4.592,0.3627,33.7,85.7,True,s1->s2->c1->c2,Birmingham,O1534,O5226,delivery_only,shop_and_deliver,on_demand,on_demand,True,3,23,5.57,11.29,0.0,5.305,2.762,7.135,34.3,mixed,True,1
10.057,5.477,4.58,0.4554,44.4,120.0,True,s1->s2->c1->c2,Birmingham,O2768,O5035,shop_and_deliver,shop_and_deliver,same_day,on_demand,True,8,6,7.01,6.59,0.0,3.048,2.43,5.198,33.8,both_shop,True,1
7.339,2.769,4.57,0.6227,34.1,224.1,True,s1->s2->c1->c2,Birmingham,O1001,O4632,shop_and_deliver,shop_and_deliver,same_day,same_day,True,7,3,7.45,5.71,0.0,0.336,2.433,2.473,15.9,both_shop,True,1
13.863,9.295,4.568,0.3295,69.9,1429.9,True,s1->s2->c1->c2,Birmingham,O3130,O5712,shop_and_deliver,shop_and_deliver,next_day,next_day,True,14,8,9.79,6.28,0.0,6.105,3.19,7.482,10.1,both_shop,True,1
8.027,3.462,4.565,0.5687,21.5,120.0,True,s1->s2->c2->c1,Birmingham,O1444,O3940,delivery_only,delivery_only,on_demand,same_day,True,12,11,9.31,7.81,0.0,2.357,3.461,1.105,12.7,both_delivery,True,1
14.7,10.149,4.551,0.3096,56.9,109.4,True,s1->s2->c1->c2,Birmingham,O450,O2372,shop_and_deliver,delivery_only,on_demand,same_day,True,9,7,5.92,8.8,0.0,7.059,3.09,8.52,10.6,mixed,True,1
8.881,4.34,4.54,0.5113,31.3,120.0,True,s1->s2->c1->c2,Birmingham,O945,O1240,delivery_only,shop_and_deliver,next_day,on_demand,True,34,24,14.17,12.25,0.0,1.657,2.684,3.513,2.4,mixed,True,1
13.926,9.429,4.498,0.323,54.3,112.7,True,s1->s2->c2->c1,Birmingham,O1448,O3282,shop_and_deliver,shop_and_deliver,on_demand,next_day,True,5,12,7.62,6.81,0.0,7.785,6.141,1.644,7.3,both_shop,True,1
14.023,9.549,4.474,0.319,60.5,120.0,True,s1->s2->c2->c1,Birmingham,O4112,O5544,shop_and_deliver,shop_and_deliver,on_demand,same_day,True,6,14,7.6,9.22,0.0,7.068,5.771,2.481,10.4,both_shop,True,1
15.507,11.048,4.459,0.2876,56.0,214.5,True,s1->s2->c1->c2,Birmingham,O1953,O4430,shop_and_deliver,shop_and_deliver,same_day,same_day,True,7,11,5.88,8.24,0.0,5.973,5.074,5.358,25.5,both_shop,True,1
10.277,5.864,4.413,0.4294,40.1,77.3,True,s1->s2->c2->c1,Birmingham,O493,O4626,shop_and_deliver,shop_and_deliver,on_demand,on_demand,True,15,13,7.57,9.85,0.0,3.011,3.712,2.853,42.7,both_shop,True,1
11.587,7.193,4.394,0.3792,48.7,219.1,True,s2->s1->c2->c1,Birmingham,O3847,O3899,shop_and_deliver,shop_and_deliver,same_day,same_day,False,4,4,6.61,5.23,0.19,3.413,3.923,3.742,20.9,both_shop,True,1
10.228,5.854,4.374,0.4277,68.8,79.0,True,s1->s2->c1->c2,Birmingham,O1291,O1595,shop_and_deliver,shop_and_deliver,on_demand,on_demand,True,25,9,12.51,7.01,0.0,3.662,2.192,5.844,41.0,both_shop,True,1
8.014,3.684,4.331,0.5404,52.6,202.4,True,s1->s2->c2->c1,Birmingham,O2909,O5826,shop_and_deliver,shop_and_deliver,same_day,same_day,True,6,11,10.95,7.67,0.0,2.559,3.445,1.125,37.6,both_shop,True,1
7.382,3.117,4.266,0.5778,36.9,234.4,True,s1->s2->c1->c2,Birmingham,O2812,O3614,delivery_only,shop_and_deliver,same_day,same_day,True,10,18,9.13,10.18,0.0,0.85,2.266,2.85,5.6,mixed,True,1
9.151,4.917,4.233,0.4626,32.7,85.5,True,s1->s2->c2->c1,Birmingham,O2706,O3089,shop_and_deliver,delivery_only,on_demand,same_day,True,8,18,7.47,10.06,0.0,3.135,3.684,1.783,34.5,mixed,True,1
9.105,4.983,4.122,0.4527,27.8,120.0,True,s1->s2->c2->c1,Birmingham,O1699,O3742,delivery_only,shop_and_deliver,on_demand,same_day,True,10,18,9.87,8.06,0.0,4.313,4.218,0.67,39.2,mixed,True,1
16.239,12.133,4.106,0.2529,64.3,240.0,True,s1->s2->c1->c2,Birmingham,O1600,O5430,shop_and_deliver,delivery_only,same_day,next_day,True,25,12,11.29,8.559999999999999,0.0,7.741,4.391,7.456,19.5,mixed,True,1
12.103,8.016,4.086,0.3376,33.9,89.0,True,s1->s2->c1->c2,Birmingham,O3090,O4794,shop_and_deliver,delivery_only,next_day,on_demand,True,21,6,11.12,5.17,0.0,5.422,2.594,6.914,31.0,mixed,True,1
11.452,7.434,4.017,0.3508,45.7,108.1,True,s1->s2->c2->c1,Birmingham,O1956,O5673,delivery_only,shop_and_deliver,on_demand,on_demand,True,1,19,7.39,10.79,0.0,4.925,4.471,2.509,11.9,mixed,True,1
15.221,11.215,4.006,0.2632,58.8,88.6,True,s1->s2->c1->c2,Birmingham,O3692,O4241,delivery_only,shop_and_deliver,same_day,on_demand,True,1,20,6.9,9.96,0.0,9.209,2.006,11.208,31.4,mixed,True,1
20.639,16.633,4.006,0.1941,73.6,75.9,True,s1->s2->c2->c1,Birmingham,O3034,O5508,shop_and_deliver,delivery_only,on_demand,on_demand,True,16,14,8.64,7.18,0.0,12.101,8.053,4.532,44.1,mixed,True,1
9.668,5.685,3.983,0.4119,61.3,108.4,True,s1->s2->c1->c2,Birmingham,O391,O2356,shop_and_deliver,shop_and_deliver,on_demand,on_demand,True,19,8,9.37,7.61,0.0,2.651,3.035,3.599,11.6,both_shop,True,1
6.852,2.91,3.942,0.5753,23.1,89.5,True,s1->s2->c2->c1,Birmingham,O249,O1082,delivery_only,shop_and_deliver,on_demand,same_day,True,39,8,15.97,9.54,0.0,1.875,2.909,1.035,30.5,mixed,True,1
10.029,6.114,3.915,0.3904,19.3,120.0,True,s1->s2->c2->c1,Birmingham,O4554,O4890,delivery_only,delivery_only,on_demand,same_day,True,12,6,8.36,5.63,0.0,5.091,4.503,1.023,36.5,both_delivery,True,1
8.805,4.933,3.872,0.4397,34.0,226.7,True,s1->s2->c1->c2,Birmingham,O2545,O2638,shop_and_deliver,delivery_only,same_day,same_day,True,6,7,5.28,6.33,0.0,2.967,1.966,4.872,13.3,mixed,True,1
17.822,13.958,3.864,0.2168,73.1,120.0,True,s1->s2->c1->c2,Birmingham,O63,O5220,shop_and_deliver,shop_and_deliver,same_day,on_demand,True,11,12,8.59,7.21,0.0,9.091,4.867,8.088,30.1,both_shop,True,1
16.294,12.533,3.761,0.2308,55.0,120.0,True,s1->s2->c1->c2,Birmingham,O3335,O5205,delivery_only,shop_and_deliver,same_day,on_demand,True,10,16,7.94,11.4,0.0,7.303,5.23,5.834,43.7,mixed,True,1
7.921,4.172,3.748,0.4732,44.1,88.1,True,s1->s2->c1->c2,Birmingham,O772,O1258,shop_and_deliver,shop_and_deliver,same_day,on_demand,True,12,9,9.3,11.0,0.0,1.828,2.344,3.232,31.9,both_shop,True,1
10.877,7.195,3.682,0.3385,49.1,120.0,True,s1->s2->c1->c2,Birmingham,O1857,O4184,shop_and_deliver,shop_and_deliver,on_demand,same_day,True,9,5,6.82,7.16,0.0,4.338,2.857,5.163,25.1,both_shop,True,1
17.359,13.75,3.609,0.2079,64.4,116.5,True,s1->s2->c1->c2,Birmingham,O3838,O4869,shop_and_deliver,shop_and_deliver,on_demand,same_day,True,16,7,8.68,6.7,0.0,9.662,4.088,9.183,3.5,both_shop,True,1
7.035,3.44,3.595,0.5111,28.5,81.1,True,s1->s2->c2->c1,Birmingham,O1879,O2415,shop_and_deliver,delivery_only,on_demand,on_demand,True,6,10,6.35,11.42,0.0,1.202,2.399,2.237,38.9,mixed,True,1
12.552,8.972,3.58,0.2852,44.5,85.0,True,s1->s2->c2->c1,Birmingham,O2607,O5189,shop_and_deliver,shop_and_deliver,on_demand,same_day,True,2,8,6.94,7.92,0.0,6.533,5.056,2.439,35.0,both_shop,True,1
11.33,7.765,3.565,0.3147,40.3,240.0,True,s1->s2->c1->c2,Birmingham,O326,O1813,shop_and_deliver,shop_and_deliver,next_day,same_day,True,2,11,5.29,9.91,0.0,5.436,2.329,6.672,36.9,both_shop,True,1
8.225,4.69,3.535,0.4298,44.0,120.0,True,s1->s2->c1->c2,Birmingham,O41,O1224,delivery_only,shop_and_deliver,on_demand,next_day,True,16,10,10.13,7.02,0.0,2.56,2.13,3.964,10.3,mixed,True,1
6.55,3.022,3.529,0.5387,32.8,203.2,True,s1->s2->c2->c1,Birmingham,O1298,O1613,shop_and_deliver,shop_and_deliver,same_day,same_day,True,17,8,10.57,6.74,0.0,0.844,2.186,2.178,36.8,both_shop,True,1
17.886,14.394,3.493,0.1953,39.1,222.6,True,s1->s2->c1->c2,Birmingham,O1862,O3031,delivery_only,shop_and_deliver,same_day,same_day,True,33,3,15.66,6.53,0.0,8.616,5.778,6.33,17.4,mixed,True,1
7.482,3.994,3.488,0.4662,27.6,116.9,True,s1->s2->c2->c1,Birmingham,O3092,O5138,shop_and_deliver,delivery_only,on_demand,same_day,True,7,3,10.97,4.5,0.0,2.765,3.126,1.229,3.1,mixed,True,1
11.449,7.976,3.473,0.3033,39.5,98.0,True,s1->s2->c1->c2,Birmingham,O2258,O3627,shop_and_deliver,delivery_only,on_demand,same_day,True,7,4,6.49,5.16,0.0,4.629,3.347,4.755,22.0,mixed,True,1
8.795,5.35,3.445,0.3917,42.7,120.0,True,s1->s2->c1->c2,Birmingham,O1886,O4441,shop_and_deliver,delivery_only,same_day,on_demand,True,11,6,6.35,5.29,0.0,3.394,1.956,4.883,1.0,mixed,True,1
14.293,10.885,3.408,0.2385,61.1,231.3,True,s1->s2->c2->c1,Birmingham,O274,O3726,shop_and_deliver,shop_and_deliver,same_day,same_day,True,1,15,7.38,13.47,0.0,6.134,4.771,4.75,8.7,both_shop,True,1
7.654,4.29,3.364,0.4395,45.7,120.0,True,s2->s1->c1->c2,Birmingham,O982,O4963,shop_and_deliver,shop_and_deliver,next_day,on_demand,False,8,7,5.66,5.45,0.19,2.457,1.644,4.207,34.5,both_shop,True,1
6.144,2.785,3.359,0.5468,23.5,100.2,True,s1->s2->c2->c1,Birmingham,O1151,O1963,shop_and_deliver,delivery_only,on_demand,on_demand,True,7,6,6.89,7.44,0.0,1.419,2.389,1.366,19.8,mixed,True,1
5.351,2.005,3.345,0.6252,23.3,227.2,True,s1->s2->c2->c1,Birmingham,O3913,O5269,shop_and_deliver,shop_and_deliver,same_day,same_day,True,3,7,4.56,6.85,0.0,0.666,2.005,1.34,12.8,both_shop,True,1
7.69,4.397,3.293,0.4282,56.3,89.9,True,s1->s2->c2->c1,Birmingham,O254,O2408,shop_and_deliver,shop_and_deliver,same_day,on_demand,False,10,10,8.31,7.95,0.19,2.932,3.258,1.276,30.1,both_shop,True,1
13.887,10.642,3.245,0.2337,52.4,120.0,True,s1->s2->c2->c1,Birmingham,O809,O863,shop_and_deliver,delivery_only,on_demand,same_day,True,15,4,9.81,4.69,0.0,8.15,5.697,2.492,5.9,mixed,True,1
9.792,6.548,3.244,0.3313,33.2,112.1,True,s1->s2->c2->c1,Birmingham,O482,O849,shop_and_deliver,delivery_only,same_day,on_demand,True,13,8,8.86,9.36,0.0,5.444,4.344,1.103,7.9,mixed,True,1
12.826,9.6,3.226,0.2515,39.6,120.0,True,s1->s2->c2->c1,Birmingham,O3224,O3474,shop_and_deliver,shop_and_deliver,same_day,on_demand,True,21,6,10.07,7.57,0.0,7.378,5.302,2.222,38.9,both_shop,True,1
17.107,13.892,3.215,0.1879,38.1,209.9,True,s1->s2->c2->c1,Birmingham,O217,O4021,delivery_only,shop_and_deliver,same_day,next_day,True,9,12,5.75,13.12,0.0,9.854,6.534,4.038,30.1,mixed,True,1
7.18,3.986,3.194,0.4449,30.1,120.0,True,s1->s2->c1->c2,Birmingham,O717,O4660,shop_and_deliver,shop_and_deliver,same_day,on_demand,True,6,9,8.77,10.27,0.0,2.227,1.759,3.663,1.0,both_shop,True,1
8.733,5.574,3.159,0.3618,37.6,87.5,True,s1->s2->c2->c1,Birmingham,O895,O5012,delivery_only,shop_and_deliver,on_demand,same_day,True,5,12,6.09,8.45,0.0,2.842,3.0,2.732,32.5,mixed,True,1
5.799,2.681,3.117,0.5376,32.3,212.2,True,s1->s2->c1->c2,Birmingham,O2246,O3004,shop_and_deliver,shop_and_deliver,same_day,same_day,True,5,8,6.92,6.23,0.0,1.118,1.563,2.672,27.8,both_shop,True,1
8.53,5.434,3.096,0.363,34.7,227.0,True,s1->s2->c1->c2,Birmingham,O2898,O5486,shop_and_deliver,delivery_only,same_day,same_day,True,11,2,7.16,5.58,0.0,3.514,1.92,4.69,13.0,mixed,True,1
7.267,4.176,3.092,0.4254,53.6,120.0,True,s1->s2->c2->c1,Birmingham,O1081,O4988,shop_and_deliver,shop_and_deliver,on_demand,same_day,True,3,10,6.23,8.54,0.0,3.344,3.218,0.832,29.9,both_shop,True,1
16.096,13.01,3.086,0.1917,54.2,117.3,True,s1->s2->c2->c1,Birmingham,O1159,O4235,delivery_only,shop_and_deliver,on_demand,on_demand,True,17,8,8.86,10.45,0.0,8.735,5.91,4.275,2.7,mixed,True,1
6.743,3.66,3.083,0.4573,54.6,80.4,True,s1->s2->c2->c1,Birmingham,O852,O1213,shop_and_deliver,delivery_only,on_demand,on_demand,True,21,6,10.37,5.6,0.0,2.243,2.663,1.417,39.6,mixed,True,1
15.71,12.652,3.058,0.1947,70.0,103.7,True,s1->s2->c1->c2,Birmingham,O2195,O4463,shop_and_deliver,shop_and_deliver,on_demand,next_day,True,5,9,5.27,8.26,0.0,11.122,1.53,12.65,16.3,both_shop,True,1
6.558,3.592,2.965,0.4522,43.5,79.7,True,s1->s2->c1->c2,Birmingham,O1035,O3001,shop_and_deliver,shop_and_deliver,on_demand,same_day,True,7,12,6.29,7.74,0.0,1.454,2.138,2.282,40.3,both_shop,True,1
6.836,3.962,2.874,0.4204,33.4,1420.0,True,s1->s2->c2->c1,Birmingham,O1422,O1718,shop_and_deliver,shop_and_deliver,next_day,next_day,True,10,2,7.51,4.72,0.0,3.071,2.973,0.891,20.0,both_shop,True,1
15.088,12.249,2.839,0.1881,59.1,227.2,True,s1->s2->c1->c2,Birmingham,O3025,O3313,shop_and_deliver,delivery_only,same_day,same_day,True,20,10,12.97,7.04,0.0,10.064,2.184,10.719,12.8,mixed,True,1
7.748,4.91,2.839,0.3663,40.6,1406.1,True,s1->s2->c1->c2,Birmingham,O1373,O1462,shop_and_deliver,shop_and_deliver,next_day,next_day,True,9,1,5.99,7.1,0.0,2.727,2.183,3.383,33.9,both_shop,True,1
10.182,7.358,2.824,0.2774,39.5,87.2,True,s1->s2->c1->c2,Birmingham,O932,O2904,delivery_only,shop_and_deliver,on_demand,same_day,True,32,8,17.490000000000002,9.12,0.0,5.412,1.946,6.289,32.8,mixed,True,1
12.599,9.788,2.811,0.2231,30.7,83.5,True,s1->s2->c1->c2,Birmingham,O25,O5801,delivery_only,shop_and_deliver,on_demand,on_demand,True,12,11,7.66,9.03,0.0,7.359,2.429,7.741,36.5,mixed,True,1
11.268,8.464,2.805,0.2489,41.3,92.1,True,s1->s2->c2->c1,Birmingham,O2497,O5202,delivery_only,shop_and_deliver,same_day,on_demand,True,11,22,11.03,11.8,0.0,5.282,4.043,3.182,27.9,mixed,True,1
13.362,10.728,2.633,0.1971,46.8,120.0,True,s1->s2->c1->c2,Birmingham,O395,O2527,delivery_only,shop_and_deliver,on_demand,same_day,True,7,9,6.61,8.35,0.0,6.445,4.284,4.795,39.1,mixed,True,1
5.172,2.593,2.579,0.4987,47.0,119.5,True,s1->s2->c1->c2,Birmingham,O582,O912,shop_and_deliver,shop_and_deliver,on_demand,on_demand,True,10,2,9.0,4.2,0.0,1.294,1.298,2.575,0.5,both_shop,True,1
4.695,2.193,2.503,0.533,25.2,116.5,True,s1->s2->c2->c1,Birmingham,O2181,O5995,shop_and_deliver,delivery_only,on_demand,same_day,True,9,19,6.39,9.12,0.0,0.64,1.571,1.552,3.5,mixed,True,1
8.216,5.736,2.48,0.3018,41.3,199.1,True,s1->s2->c1->c2,Birmingham,O3349,O4602,shop_and_deliver,delivery_only,same_day,same_day,True,14,3,9.26,4.49,0.0,4.421,1.315,5.585,40.9,mixed,True,1
6.533,4.059,2.474,0.3786,44.3,240.0,True,s1->s2->c1->c2,Birmingham,O1796,O2873,delivery_only,shop_and_deliver,same_day,next_day,True,16,29,8.78,12.21,0.0,2.662,1.397,3.738,31.2,mixed,True,1
10.646,8.365,2.28,0.2142,35.0,120.0,True,s1->s2->c1->c2,Birmingham,O2992,O3133,shop_and_deliver,delivery_only,on_demand,same_day,True,16,8,9.87,8.29,0.0,6.573,1.792,7.062,2.9,mixed,True,1
9.631,7.396,2.235,0.2321,42.2,80.0,True,s1->s2->c1->c2,Birmingham,O2232,O2449,shop_and_deliver,delivery_only,on_demand,on_demand,True,12,11,7.72,10.76,0.0,6.251,1.146,7.34,40.0,mixed,True,1
10.632,8.418,2.214,0.2083,28.7,120.0,True,s1->s2->c1->c2,Birmingham,O86,O5021,shop_and_deliver,delivery_only,same_day,on_demand,True,3,24,6.02,10.25,0.0,6.036,2.382,5.869,34.1,mixed,True,1
4.161,1.964,2.197,0.528,40.6,240.0,True,s1->s2->c1->c2,Birmingham,O2226,O4265,shop_and_deliver,shop_and_deliver,same_day,next_day,True,4,11,6.21,11.94,0.0,0.746,1.218,1.725,22.6,both_shop,True,1
9.825,7.719,2.106,0.2144,49.2,120.0,True,s1->s2->c1->c2,Birmingham,O553,O4001,shop_and_deliver,shop_and_deliver,on_demand,same_day,True,9,8,11.35,6.72,0.0,5.95,1.769,6.287,12.9,both_shop,True,1
4.395,2.296,2.099,0.4776,31.8,197.5,True,s1->s2->c1->c2,Birmingham,O2570,O3731,shop_and_deliver,shop_and_deliver,same_day,same_day,True,6,13,8.14,6.77,0.0,1.11,1.185,2.024,42.5,both_shop,True,1
5.245,3.16,2.085,0.3975,29.3,120.0,True,s1->s2->c2->c1,Birmingham,O48,O662,shop_and_deliver,delivery_only,same_day,on_demand,True,7,20,6.25,9.87,0.0,2.553,2.319,0.607,20.9,mixed,True,1
9.539,7.503,2.036,0.2135,55.4,120.0,True,s1->s2->c1->c2,Birmingham,O4315,O5920,shop_and_deliver,shop_and_deliver,same_day,on_demand,True,13,8,7.93,6.63,0.0,5.073,2.429,4.681,13.6,both_shop,True,1
4.806,2.788,2.019,0.42,26.0,96.9,True,s1->s2->c2->c1,Birmingham,O1296,O2661,shop_and_deliver,delivery_only,next_day,on_demand,True,7,21,6.33,10.29,0.0,2.366,2.192,0.422,23.1,mixed,True,1
8.883,6.952,1.931,0.2174,43.1,120.0,True,s1->s2->c1->c2,Birmingham,O2000,O4039,delivery_only,shop_and_deliver,on_demand,same_day,True,14,5,9.34,7.43,0.0,5.073,1.879,5.125,23.8,mixed,True,1
8.519,6.618,1.901,0.2232,48.3,120.0,True,s1->s2->c1->c2,Birmingham,O1819,O2466,shop_and_deliver,shop_and_deliver,on_demand,same_day,True,10,7,9.08,5.53,0.0,5.45,1.168,6.183,12.6,both_shop,True,1
4.156,2.314,1.842,0.4433,39.2,120.0,True,s1->s2->c1->c2,Birmingham,O40,O5246,shop_and_deliver,shop_and_deliver,same_day,on_demand,True,18,5,10.05,6.63,0.0,1.366,0.948,2.261,17.2,both_shop,True,1
4.574,2.751,1.823,0.3985,37.2,234.0,True,s1->s2->c1->c2,Birmingham,O1798,O3162,delivery_only,shop_and_deliver,same_day,next_day,True,9,19,13.32,10.36,0.0,1.837,0.914,2.746,6.0,mixed,True,1
5.829,4.122,1.707,0.2929,38.3,114.0,True,s1->s2->c1->c2,Birmingham,O1702,O3307,delivery_only,shop_and_deliver,on_demand,on_demand,True,21,18,10.15,9.6,0.0,2.828,1.294,3.241,6.0,mixed,True,1
7.822,6.255,1.567,0.2004,56.1,239.3,True,s1->s2->c2->c1,Birmingham,O1041,O1832,shop_and_deliver,shop_and_deliver,same_day,next_day,True,13,3,9.68,7.04,0.0,4.067,2.817,2.188,0.7,both_shop,True,1
3.555,2.013,1.542,0.4338,49.8,120.0,True,s1->s2->c1->c2,Birmingham,O2966,O4191,shop_and_deliver,shop_and_deliver,on_demand,same_day,True,16,9,9.48,9.52,0.0,1.146,0.867,1.821,24.8,both_shop,True,1
5.11,3.62,1.489,0.2915,31.2,240.0,True,s1->s2->c1->c2,Birmingham,O489,O2658,shop_and_deliver,delivery_only,next_day,same_day,True,11,8,7.95,8.73,0.0,2.793,0.827,3.455,44.8,mixed,True,1
5.689,4.242,1.447,0.2544,52.3,208.2,True,s1->s2->c1->c2,Birmingham,O4215,O5150,shop_and_deliver,shop_and_deliver,next_day,same_day,True,13,6,10.06,7.76,0.0,3.073,1.169,3.352,31.8,both_shop,True,1
5.581,4.573,1.008,0.1806,62.8,115.4,True,s1->s2->c2->c1,Birmingham,O88,O3622,shop_and_deliver,shop_and_deliver,on_demand,on_demand,True,22,12,9.39,7.17,0.0,3.264,2.136,1.309,4.6,both_shop,True,1
58.465,22.504,35.961,0.6151,87.5,98.8,True,s1->s2->c2->c1,Los Angeles,O1532,O5467,delivery_only,shop_and_deliver,on_demand,same_day,True,6,21,7.56,12.5,0.0,7.459,21.71,15.045,21.2,mixed,True,1
61.644,30.249,31.395,0.5093,75.6,211.1,True,s1->s2->c2->c1,Los Angeles,O3713,O5386,delivery_only,shop_and_deliver,same_day,same_day,True,1,12,6.1,7.03,0.0,23.519,27.457,6.73,28.9,mixed,True,1
45.309,15.598,29.711,0.6557,85.1,116.7,True,s1->s2->c2->c1,Los Angeles,O3059,O4594,shop_and_deliver,shop_and_deliver,on_demand,on_demand,True,3,15,6.33,9.45,0.0,1.465,15.588,14.133,3.3,both_shop,True,1
56.457,28.208,28.25,0.5004,66.5,1431.8,True,s1->s2->c2->c1,Los Angeles,O360,O905,shop_and_deliver,delivery_only,next_day,next_day,True,8,21,7.33,10.63,0.0,22.68,25.465,5.528,8.2,mixed,True,1
43.975,16.552,27.423,0.6236,45.5,113.3,True,s1->s2->c2->c1,Los Angeles,O3123,O4121,shop_and_deliver,delivery_only,on_demand,on_demand,True,8,9,6.32,6.38,0.0,5.316,16.369,11.236,6.7,mixed,True,1
42.478,15.729,26.75,0.6297,62.5,239.5,True,s1->s2->c2->c1,Los Angeles,O2281,O3117,shop_and_deliver,shop_and_deliver,same_day,same_day,True,17,8,10.32,8.719999999999999,0.0,1.664,14.207,14.065,0.5,both_shop,True,1
56.491,29.809,26.682,0.4723,65.9,120.0,True,s1->s2->c2->c1,Los Angeles,O358,O1670,delivery_only,delivery_only,on_demand,same_day,True,12,26,6.7,11.73,0.0,27.122,26.902,2.687,32.7,both_delivery,True,1
48.049,22.384,25.665,0.5341,70.5,202.5,True,s1->s2->c2->c1,Los Angeles,O4256,O4863,delivery_only,delivery_only,same_day,same_day,True,12,13,9.43,10.33,0.0,17.946,21.805,4.439,37.5,both_delivery,True,1
39.431,14.052,25.379,0.6436,36.8,120.0,True,s1->s2->c2->c1,Los Angeles,O1742,O4928,delivery_only,delivery_only,same_day,on_demand,True,32,10,18.04,9.31,0.0,2.643,14.011,11.409,35.6,both_delivery,True,1
39.774,14.443,25.331,0.6369,32.5,240.0,True,s1->s2->c1->c2,Los Angeles,O1952,O4979,delivery_only,delivery_only,same_day,next_day,True,16,21,9.71,11.41,0.0,1.314,13.129,13.516,16.0,both_delivery,True,1
38.266,14.057,24.209,0.6326,61.8,207.2,True,s1->s2->c1->c2,Los Angeles,O5002,O5962,shop_and_deliver,shop_and_deliver,same_day,same_day,True,9,7,6.9,6.03,0.0,1.819,12.238,13.789,32.8,both_shop,True,1
41.588,17.47,24.119,0.5799,108.2,108.4,True,s1->s2->c2->c1,Los Angeles,O925,O4685,shop_and_deliver,shop_and_deliver,on_demand,same_day,True,10,30,12.01,13.49,0.0,3.72,13.919,13.75,11.6,both_shop,True,1
41.662,18.141,23.52,0.5646,68.5,100.5,True,s1->s2->c2->c1,Los Angeles,O726,O4466,shop_and_deliver,delivery_only,on_demand,on_demand,True,12,2,8.98,5.67,0.0,11.853,17.687,6.288,19.5,mixed,True,1
50.234,27.076,23.158,0.461,73.8,76.7,True,s1->s2->c2->c1,Los Angeles,O2763,O5287,shop_and_deliver,delivery_only,on_demand,on_demand,True,15,29,12.11,11.36,0.0,15.328,19.243,11.747,43.3,mixed,True,1
38.258,15.283,22.975,0.6005,43.4,240.0,True,s1->s2->c2->c1,Los Angeles,O5240,O5772,delivery_only,delivery_only,same_day,next_day,True,5,11,7.29,7.12,0.0,6.06,14.517,9.223,21.2,both_delivery,True,1
41.83,19.239,22.591,0.5401,74.3,113.9,True,s1->s2->c2->c1,Los Angeles,O253,O5748,delivery_only,shop_and_deliver,on_demand,on_demand,True,8,13,6.37,9.11,0.0,15.794,19.192,3.445,6.1,mixed,True,1
35.967,14.044,21.923,0.6095,47.0,90.2,True,s1->s2->c2->c1,Los Angeles,O3223,O5337,shop_and_deliver,delivery_only,on_demand,on_demand,True,7,5,11.76,6.78,0.0,4.119,13.021,9.925,29.8,mixed,True,1
35.2,13.292,21.908,0.6224,35.1,1399.3,True,s1->s2->c2->c1,Los Angeles,O2495,O3623,delivery_only,delivery_only,next_day,next_day,True,13,40,8.88,14.9,0.0,4.559,13.233,8.733,40.7,both_delivery,True,1
40.599,18.945,21.654,0.5334,41.6,120.0,True,s1->s2->c2->c1,Los Angeles,O552,O4051,delivery_only,delivery_only,on_demand,same_day,True,7,30,7.3,13.02,0.0,7.6,14.627,11.345,33.9,both_delivery,True,1
37.571,16.06,21.511,0.5726,66.0,225.0,True,s1->s2->c2->c1,Los Angeles,O634,O1346,shop_and_deliver,shop_and_deliver,next_day,same_day,True,7,4,7.53,9.53,0.0,8.652,15.081,7.408,15.0,both_shop,True,1
37.162,15.774,21.389,0.5755,43.3,240.0,True,s1->s2->c1->c2,Los Angeles,O3948,O5724,delivery_only,shop_and_deliver,next_day,same_day,True,18,9,12.78,8.3,0.0,4.714,11.06,15.043,24.7,mixed,True,1
38.016,16.791,21.226,0.5583,70.4,81.2,True,s1->s2->c2->c1,Los Angeles,O2030,O3983,shop_and_deliver,shop_and_deliver,next_day,on_demand,True,10,6,9.87,8.98,0.0,5.245,13.235,11.546,38.8,both_shop,True,1
34.631,13.409,21.222,0.6128,30.3,225.3,True,s1->s2->c2->c1,Los Angeles,O3604,O5070,delivery_only,delivery_only,same_day,same_day,True,12,2,12.23,6.91,0.0,5.058,13.14,8.351,14.7,both_delivery,True,1
33.272,12.268,21.005,0.6313,38.1,104.7,True,s1->s2->c2->c1,Los Angeles,O3063,O5372,delivery_only,shop_and_deliver,on_demand,next_day,True,15,4,7.32,5.2,0.0,2.268,11.636,9.999,15.3,mixed,True,1
44.003,23.051,20.951,0.4761,101.9,114.7,True,s1->s2->c2->c1,Los Angeles,O785,O1921,delivery_only,shop_and_deliver,on_demand,same_day,True,9,30,7.67,14.02,0.0,13.836,17.394,9.215,5.3,mixed,True,1
42.293,21.721,20.572,0.4864,71.0,103.7,True,s1->s2->c2->c1,Los Angeles,O2492,O3380,shop_and_deliver,shop_and_deliver,on_demand,on_demand,True,6,8,6.61,8.14,0.0,13.716,17.144,8.005,16.3,both_shop,True,1
33.774,13.351,20.423,0.6047,55.7,205.3,True,s2->s1->c2->c1,Los Angeles,O691,O4363,delivery_only,shop_and_deliver,same_day,same_day,False,6,4,6.92,5.83,0.456,2.323,11.547,10.583,34.7,mixed,True,1
34.004,14.047,19.957,0.5869,42.3,81.8,True,s1->s2->c2->c1,Los Angeles,O743,O5394,delivery_only,delivery_only,same_day,on_demand,True,18,6,11.65,5.88,0.0,4.782,12.37,9.265,38.2,both_delivery,True,1
34.777,14.951,19.826,0.5701,51.0,211.5,True,s1->s2->c1->c2,Los Angeles,O138,O5224,shop_and_deliver,delivery_only,same_day,next_day,True,7,17,5.28,9.24,0.0,4.608,10.344,14.09,28.5,mixed,True,1
30.103,10.284,19.819,0.6584,61.5,81.3,True,s1->s2->c2->c1,Los Angeles,O1430,O3581,delivery_only,shop_and_deliver,on_demand,on_demand,True,14,31,9.95,12.78,0.0,0.741,10.28,9.543,38.7,mixed,True,1
38.021,18.437,19.584,0.5151,67.1,84.4,True,s1->s2->c2->c1,Los Angeles,O5166,O5473,shop_and_deliver,delivery_only,on_demand,on_demand,True,5,6,6.02,7.49,0.0,9.046,14.315,9.391,35.6,mixed,True,1
34.588,15.065,19.522,0.5644,84.7,201.6,True,s1->s2->c2->c1,Los Angeles,O1624,O3407,delivery_only,shop_and_deliver,same_day,same_day,True,9,25,8.67,12.64,0.0,9.353,14.438,5.713,38.4,mixed,True,1
31.467,12.102,19.365,0.6154,37.9,120.0,True,s1->s2->c2->c1,Los Angeles,O1329,O5345,delivery_only,delivery_only,on_demand,same_day,True,9,10,7.56,7.09,0.0,4.477,11.921,7.625,23.6,both_delivery,True,1
34.611,15.528,19.083,0.5514,37.2,227.4,True,s1->s2->c2->c1,Los Angeles,O3000,O3744,delivery_only,delivery_only,same_day,next_day,True,12,16,7.12,10.13,0.0,8.54,13.812,6.988,12.6,both_delivery,True,1
29.112,10.045,19.066,0.6549,46.8,116.8,True,s1->s2->c2->c1,Los Angeles,O3356,O4750,shop_and_deliver,shop_and_deliver,on_demand,on_demand,True,11,6,7.59,7.05,0.0,0.831,9.949,9.214,3.2,both_shop,True,1
30.62,11.598,19.022,0.6212,55.1,120.0,True,s1->s2->c2->c1,Los Angeles,O1013,O1889,delivery_only,shop_and_deliver,on_demand,same_day,True,14,9,7.21,9.52,0.0,3.259,11.14,8.339,2.8,mixed,True,1
39.153,20.197,18.956,0.4841,36.8,120.0,True,s1->s2->c2->c1,Los Angeles,O546,O1998,delivery_only,delivery_only,same_day,on_demand,True,4,12,6.28,8.64,0.0,17.067,18.011,3.13,34.0,both_delivery,True,1
33.291,14.395,18.896,0.5676,50.8,85.3,True,s1->s2->c2->c1,Los Angeles,O766,O5465,shop_and_deliver,shop_and_deliver,on_demand,on_demand,True,11,23,7.7,10.64,0.0,8.97,13.933,5.425,34.7,both_shop,True,1
40.649,21.845,18.804,0.4626,42.6,1408.2,True,s1->s2->c2->c1,Los Angeles,O1563,O5115,delivery_only,delivery_only,next_day,next_day,True,13,9,10.79,7.17,0.0,17.817,18.31,4.028,31.8,both_delivery,True,1
48.383,30.075,18.308,0.3784,79.1,120.0,True,s1->s2->c2->c1,Los Angeles,O452,O5531,shop_and_deliver,delivery_only,same_day,on_demand,True,4,10,6.33,6.63,0.0,23.927,21.117,6.148,23.1,mixed,True,1
31.999,13.865,18.134,0.5667,56.4,120.0,True,s1->s2->c1->c2,Los Angeles,O1230,O5030,shop_and_deliver,delivery_only,on_demand,same_day,True,20,11,10.64,7.65,0.0,4.371,9.494,13.012,18.6,mixed,True,1
36.366,18.344,18.022,0.4956,76.2,214.9,True,s1->s2->c2->c1,Los Angeles,O2669,O3841,shop_and_deliver,delivery_only,same_day,same_day,True,13,7,8.51,10.88,0.0,12.513,15.268,5.83,25.1,mixed,True,1
33.124,15.343,17.782,0.5368,72.0,233.5,True,s1->s2->c1->c2,Los Angeles,O2175,O4475,shop_and_deliver,shop_and_deliver,same_day,same_day,True,7,12,6.95,8.17,0.0,5.225,10.117,12.89,6.5,both_shop,True,1
33.802,16.48,17.323,0.5125,46.5,120.0,True,s1->s2->c2->c1,Los Angeles,O1114,O4479,delivery_only,shop_and_deliver,same_day,on_demand,True,8,5,7.88,7.58,0.0,15.636,16.479,0.844,42.1,mixed,True,1
52.495,35.173,17.322,0.33,125.3,199.4,True,s1->s2->c2->c1,Los Angeles,O3514,O4197,shop_and_deliver,shop_and_deliver,same_day,same_day,True,6,16,6.66,9.63,0.0,23.82,20.571,11.353,40.6,both_shop,True,1
27.505,10.512,16.992,0.6178,43.4,80.5,True,s1->s2->c2->c1,Los Angeles,O2018,O5515,delivery_only,shop_and_deliver,same_day,on_demand,True,3,7,4.62,7.67,0.0,3.776,10.384,6.736,39.5,mixed,True,1
32.262,15.473,16.789,0.5204,61.8,100.4,True,s1->s2->c2->c1,Los Angeles,O1562,O3061,shop_and_deliver,delivery_only,on_demand,same_day,True,20,13,10.32,6.85,0.0,11.578,14.184,3.895,19.6,mixed,True,1
29.394,12.793,16.602,0.5648,40.3,120.0,True,s1->s2->c1->c2,Los Angeles,O2344,O3102,shop_and_deliver,delivery_only,on_demand,same_day,True,2,14,8.1,9.97,0.0,3.018,9.774,9.846,1.5,mixed,True,1
26.538,10.053,16.485,0.6212,69.4,91.7,True,s1->s2->c2->c1,Los Angeles,O1434,O1783,shop_and_deliver,shop_and_deliver,on_demand,on_demand,True,10,16,7.39,9.72,0.0,2.695,9.59,7.357,28.3,both_shop,True,1
37.901,21.449,16.453,0.4341,50.1,94.5,True,s1->s2->c1->c2,Los Angeles,O1772,O3055,delivery_only,delivery_only,on_demand,same_day,True,4,5,6.92,7.47,0.0,10.061,11.388,15.126,25.5,both_delivery,True,1
33.289,16.846,16.443,0.494,49.2,219.3,True,s1->s2->c2->c1,Los Angeles,O4045,O4888,delivery_only,shop_and_deliver,same_day,same_day,True,9,4,7.93,5.25,0.0,7.261,11.852,9.584,20.7,mixed,True,1
33.127,16.816,16.311,0.4924,55.6,201.5,True,s1->s2->c2->c1,Los Angeles,O4080,O5925,shop_and_deliver,delivery_only,same_day,same_day,True,1,11,5.16,6.35,0.0,15.066,15.689,1.75,38.5,mixed,True,1
28.684,12.395,16.289,0.5679,64.4,120.0,True,s1->s2->c2->c1,Los Angeles,O941,O5522,shop_and_deliver,shop_and_deliver,on_demand,next_day,True,9,20,6.55,11.34,0.0,3.054,9.672,9.341,7.0,both_shop,True,1
31.597,15.41,16.187,0.5123,35.9,88.2,True,s1->s2->c2->c1,Los Angeles,O378,O1059,delivery_only,delivery_only,on_demand,on_demand,True,19,27,10.86,10.61,0.0,9.556,12.872,5.853,31.8,both_delivery,True,1
31.906,15.74,16.166,0.5067,55.8,117.1,True,s1->s2->c2->c1,Los Angeles,O3977,O4962,shop_and_deliver,delivery_only,on_demand,on_demand,True,11,2,9.99,6.92,0.0,12.326,14.246,3.414,2.9,mixed,True,1
26.489,10.348,16.142,0.6094,29.3,81.5,True,s1->s2->c1->c2,Los Angeles,O561,O4969,delivery_only,shop_and_deliver,on_demand,next_day,True,8,4,8.4,9.7,0.0,1.785,8.563,9.364,38.5,mixed,True,1
31.34,15.309,16.031,0.5115,65.6,238.6,True,s1->s2->c2->c1,Los Angeles,O2677,O4515,shop_and_deliver,shop_and_deliver,next_day,same_day,True,8,1,8.65,6.55,0.0,13.329,14.68,1.98,1.4,both_shop,True,1
30.509,14.58,15.929,0.5221,52.0,213.2,True,s1->s2->c2->c1,Los Angeles,O46,O5996,shop_and_deliver,delivery_only,same_day,same_day,True,11,10,7.28,9.64,0.0,9.717,12.823,4.863,26.8,mixed,True,1
48.505,32.793,15.712,0.3239,77.2,202.2,True,s1->s2->c2->c1,Los Angeles,O1811,O3204,shop_and_deliver,delivery_only,same_day,next_day,True,27,18,15.61,10.02,0.0,26.265,20.988,6.529,37.8,mixed,True,1
48.058,32.361,15.697,0.3266,99.1,120.0,True,s1->s2->c2->c1,Los Angeles,O738,O1149,shop_and_deliver,shop_and_deliver,same_day,on_demand,True,8,10,7.61,11.09,0.0,21.576,18.637,10.784,10.6,both_shop,True,1
30.037,14.495,15.542,0.5174,68.8,107.1,True,s1->s2->c2->c1,Los Angeles,O5550,O5657,shop_and_deliver,shop_and_deliver,on_demand,on_demand,True,14,7,10.15,6.77,0.0,12.609,14.076,1.886,12.9,both_shop,True,1
24.891,9.527,15.364,0.6172,46.0,120.0,True,s1->s2->c1->c2,Los Angeles,O256,O5916,delivery_only,shop_and_deliver,on_demand,same_day,True,26,21,11.37,14.47,0.0,1.466,8.061,8.77,18.8,mixed,True,1
26.045,10.758,15.287,0.587,38.5,120.0,True,s1->s2->c2->c1,Los Angeles,O1885,O2010,shop_and_deliver,delivery_only,on_demand,same_day,True,12,11,8.59,9.23,0.0,4.325,9.806,6.433,16.5,mixed,True,1
53.045,37.769,15.276,0.288,72.0,120.0,True,s1->s2->c2->c1,Los Angeles,O4494,O5153,delivery_only,shop_and_deliver,same_day,on_demand,True,5,2,8.940000000000001,8.09,0.0,28.252,21.764,9.517,26.8,mixed,True,1
27.49,12.409,15.081,0.5486,35.0,115.5,True,s1->s2->c2->c1,Los Angeles,O1309,O5612,shop_and_deliver,shop_and_deliver,on_demand,on_demand,True,1,7,4.04,6.42,0.0,3.295,9.188,9.113,4.5,both_shop,True,1
34.78,19.991,14.789,0.4252,72.9,204.0,True,s1->s2->c1->c2,Los Angeles,O292,O3699,delivery_only,shop_and_deliver,same_day,same_day,True,8,7,7.18,6.68,0.0,9.36,10.63,13.519,36.0,mixed,True,1
31.601,16.823,14.779,0.4677,54.3,218.7,True,s1->s2->c2->c1,Los Angeles,O2576,O4259,shop_and_deliver,delivery_only,next_day,same_day,True,9,2,7.56,4.83,0.0,15.304,15.041,1.519,21.3,mixed,True,1
27.652,13.0,14.651,0.5298,42.6,120.0,True,s1->s2->c2->c1,Los Angeles,O133,O1668,delivery_only,delivery_only,same_day,on_demand,True,33,11,13.87,8.56,0.0,11.31,12.98,1.691,26.0,both_delivery,True,1
40.879,26.309,14.57,0.3564,62.7,79.0,True,s1->s2->c1->c2,Los Angeles,O1927,O4082,shop_and_deliver,delivery_only,on_demand,same_day,False,3,9,5.71,8.41,0.137,13.307,13.002,15.013,41.0,mixed,True,1
26.81,12.354,14.456,0.5392,44.9,120.0,True,s1->s2->c2->c1,Los Angeles,O3675,O4135,shop_and_deliver,delivery_only,same_day,on_demand,True,7,4,8.1,5.14,0.0,10.136,12.296,2.218,15.9,mixed,True,1
31.217,16.893,14.323,0.4588,64.6,100.5,True,s1->s2->c2->c1,Los Angeles,O2084,O5562,shop_and_deliver,shop_and_deliver,same_day,on_demand,True,4,16,8.98,9.61,0.0,7.095,10.709,9.798,19.5,both_shop,True,1
23.455,9.268,14.188,0.6049,24.4,233.7,True,s1->s2->c2->c1,Los Angeles,O2319,O5564,delivery_only,delivery_only,same_day,same_day,True,31,7,13.73,7.76,0.0,4.333,9.26,4.935,6.3,both_delivery,True,1
25.44,11.265,14.176,0.5572,59.1,216.7,True,s1->s2->c1->c2,Los Angeles,O1135,O3738,shop_and_deliver,delivery_only,next_day,same_day,True,14,6,12.24,7.69,0.0,3.228,8.036,9.368,23.3,mixed,True,1
26.26,12.106,14.154,0.539,41.8,104.4,True,s1->s2->c1->c2,Los Angeles,O1100,O1263,delivery_only,shop_and_deliver,on_demand,same_day,False,8,6,8.29,9.55,0.137,4.812,7.277,11.826,15.6,mixed,True,1
34.437,20.293,14.145,0.4107,49.4,112.8,True,s1->s2->c1->c2,Los Angeles,O488,O968,shop_and_deliver,shop_and_deliver,same_day,on_demand,True,5,8,6.99,7.23,0.0,9.863,10.43,13.578,7.2,both_shop,True,1
22.008,7.989,14.02,0.637,43.5,80.5,True,s1->s2->c2->c1,Los Angeles,O1504,O5404,shop_and_deliver,shop_and_deliver,on_demand,on_demand,True,9,7,7.65,5.69,0.0,1.163,7.591,6.825,39.5,both_shop,True,1
23.08,9.088,13.992,0.6062,34.4,102.3,True,s1->s2->c2->c1,Los Angeles,O689,O2177,shop_and_deliver,delivery_only,on_demand,next_day,True,5,12,5.21,9.44,0.0,3.043,8.517,6.045,17.7,mixed,True,1
26.25,12.412,13.838,0.5272,47.5,120.0,True,s1->s2->c1->c2,Los Angeles,O3142,O4954,shop_and_deliver,shop_and_deliver,on_demand,same_day,True,4,5,6.65,6.69,0.0,5.148,7.264,11.723,10.8,both_shop,True,1
21.711,7.939,13.772,0.6343,38.0,99.2,True,s1->s2->c2->c1,Los Angeles,O1250,O3221,shop_and_deliver,delivery_only,on_demand,same_day,True,15,12,12.49,9.48,0.0,1.877,7.824,6.062,20.8,mixed,True,1
25.599,11.976,13.623,0.5322,39.3,120.0,True,s1->s2->c2->c1,Los Angeles,O1486,O3374,delivery_only,delivery_only,on_demand,same_day,True,9,3,6.43,4.76,0.0,10.328,11.976,1.648,9.9,both_delivery,True,1
27.617,14.206,13.411,0.4856,60.4,105.0,True,s1->s2->c2->c1,Los Angeles,O2328,O2854,shop_and_deliver,delivery_only,on_demand,on_demand,True,29,2,13.73,4.59,0.0,9.206,11.308,5.001,15.0,mixed,True,1
32.654,19.256,13.398,0.4103,58.4,200.6,True,s1->s2->c1->c2,Los Angeles,O3079,O3574,delivery_only,shop_and_deliver,same_day,same_day,True,14,8,8.46,6.68,0.0,9.393,9.863,12.927,39.4,mixed,True,1
33.65,20.309,13.341,0.3965,59.6,120.0,True,s1->s2->c2->c1,Los Angeles,O303,O4350,delivery_only,delivery_only,on_demand,same_day,True,3,9,6.3,6.81,0.0,12.401,12.871,7.908,14.5,both_delivery,True,1
24.473,11.254,13.219,0.5402,65.3,111.0,True,s1->s2->c1->c2,Los Angeles,O1132,O2033,shop_and_deliver,shop_and_deliver,on_demand,on_demand,True,15,17,10.89,11.13,0.0,3.128,8.126,8.221,9.0,both_shop,True,1
30.583,17.377,13.206,0.4318,65.5,212.5,True,s1->s2->c2->c1,Los Angeles,O1644,O5365,delivery_only,delivery_only,same_day,same_day,True,15,1,8.85,4.96,0.0,15.936,14.571,1.44,27.5,both_delivery,True,1
24.922,11.727,13.195,0.5294,76.3,101.4,True,s1->s2->c2->c1,Los Angeles,O1542,O4058,shop_and_deliver,shop_and_deliver,same_day,on_demand,True,10,11,7.73,8.9,0.0,7.744,10.469,3.984,18.6,both_shop,True,1
28.135,14.998,13.138,0.4669,35.6,233.2,True,s1->s2->c2->c1,Los Angeles,O697,O1855,shop_and_deliver,delivery_only,next_day,same_day,True,8,2,6.73,8.16,0.0,13.855,13.496,1.142,6.8,mixed,True,1
25.746,12.644,13.101,0.5089,53.2,115.1,True,s1->s2->c1->c2,Los Angeles,O3903,O4786,shop_and_deliver,delivery_only,on_demand,on_demand,True,7,10,6.85,9.35,0.0,5.226,7.418,10.909,4.9,mixed,True,1
26.21,13.134,13.076,0.4989,54.1,216.8,True,s1->s2->c2->c1,Los Angeles,O302,O1985,shop_and_deliver,shop_and_deliver,same_day,next_day,True,9,10,8.45,7.68,0.0,7.783,10.429,5.351,23.2,both_shop,True,1
43.902,30.888,13.014,0.2964,76.6,226.0,True,s1->s2->c2->c1,Los Angeles,O283,O1002,delivery_only,delivery_only,same_day,same_day,True,10,12,7.3,7.36,0.0,24.678,18.846,6.21,14.0,both_delivery,True,1
25.884,12.907,12.977,0.5014,35.0,120.0,True,s1->s2->c1->c2,Los Angeles,O2991,O5151,delivery_only,delivery_only,same_day,on_demand,True,4,10,8.08,6.77,0.0,6.378,6.528,12.827,1.8,both_delivery,True,1
32.25,19.277,12.972,0.4022,95.8,101.2,True,s1->s2->c2->c1,Los Angeles,O3583,O5135,shop_and_deliver,shop_and_deliver,on_demand,on_demand,True,18,5,9.46,6.5,0.0,15.076,14.024,4.201,18.8,both_shop,True,1
28.383,15.512,12.872,0.4535,69.6,108.8,True,s1->s2->c2->c1,Los Angeles,O1094,O2114,delivery_only,shop_and_deliver,on_demand,on_demand,True,11,17,6.86,11.25,0.0,11.775,12.323,3.737,11.2,mixed,True,1
23.494,10.624,12.869,0.5478,70.7,207.3,True,s1->s2->c1->c2,Los Angeles,O2202,O3516,shop_and_deliver,delivery_only,same_day,same_day,True,19,4,9.07,9.8,0.0,4.064,6.56,10.373,32.7,mixed,True,1
24.896,12.058,12.838,0.5157,54.9,240.0,True,s1->s2->c1->c2,Los Angeles,O1995,O2843,shop_and_deliver,shop_and_deliver,next_day,same_day,True,9,8,10.58,7.29,0.0,5.625,6.433,12.03,39.6,both_shop,True,1
22.063,9.531,12.532,0.568,42.9,120.0,True,s1->s2->c2->c1,Los Angeles,O1688,O3479,shop_and_deliver,delivery_only,on_demand,next_day,True,18,3,11.76,5.47,0.0,6.515,9.524,3.016,16.4,mixed,True,1
29.667,17.162,12.505,0.4215,48.0,108.0,True,s1->s2->c2->c1,Los Angeles,O3056,O4624,delivery_only,delivery_only,next_day,on_demand,True,3,9,8.41,7.27,0.0,13.068,12.786,4.094,12.0,both_delivery,True,1
24.256,11.765,12.492,0.515,52.8,120.0,True,s1->s2->c2->c1,Los Angeles,O2111,O2371,shop_and_deliver,delivery_only,same_day,on_demand,True,18,11,8.2,9.76,0.0,7.705,10.098,4.06,6.8,mixed,True,1
33.041,20.707,12.334,0.3733,77.7,240.0,True,s1->s2->c2->c1,Los Angeles,O350,O1694,shop_and_deliver,shop_and_deliver,next_day,same_day,True,15,17,9.77,9.99,0.0,13.439,12.887,7.268,7.4,both_shop,True,1
31.118,18.851,12.267,0.3942,74.4,86.5,True,s1->s2->c2->c1,Los Angeles,O2514,O4927,shop_and_deliver,shop_and_deliver,on_demand,on_demand,True,14,13,9.24,8.91,0.0,16.591,14.429,2.26,33.5,both_shop,True,1
26.189,13.93,12.259,0.4681,40.0,1420.0,True,s1->s2->c2->c1,Los Angeles,O1428,O3477,shop_and_deliver,delivery_only,next_day,next_day,True,11,20,7.35,11.06,0.0,11.164,11.712,2.766,20.0,mixed,True,1
45.566,33.668,11.898,0.2611,66.5,120.0,True,s1->s2->c2->c1,Los Angeles,O830,O3825,shop_and_deliver,shop_and_deliver,on_demand,same_day,True,2,3,4.72,4.36,0.0,21.62,16.759,12.049,1.1,both_shop,True,1
28.001,16.178,11.823,0.4222,79.1,234.9,True,s1->s2->c1->c2,Los Angeles,O2471,O5581,shop_and_deliver,shop_and_deliver,same_day,same_day,True,14,11,7.51,7.26,0.0,10.232,5.946,16.109,5.1,both_shop,True,1
26.027,14.206,11.821,0.4542,54.8,1415.6,True,s1->s2->c2->c1,Los Angeles,O3500,O5242,shop_and_deliver,delivery_only,next_day,next_day,True,12,6,7.45,8.01,0.0,11.959,11.89,2.247,24.4,mixed,True,1
22.042,10.4,11.642,0.5282,47.5,120.0,True,s1->s2->c2->c1,Los Angeles,O4460,O5113,delivery_only,shop_and_deliver,same_day,on_demand,True,11,7,6.61,7.6,0.0,4.03,7.836,6.37,26.5,mixed,True,1
23.381,11.767,11.615,0.4968,72.4,91.0,True,s1->s2->c1->c2,Los Angeles,O1235,O3846,shop_and_deliver,shop_and_deliver,on_demand,same_day,True,3,7,6.28,6.36,0.0,4.357,7.409,8.562,29.0,both_shop,True,1
20.481,8.928,11.553,0.5641,30.5,227.7,True,s1->s2->c2->c1,Los Angeles,O840,O886,delivery_only,delivery_only,same_day,same_day,True,19,9,9.08,8.37,0.0,4.252,7.903,4.676,12.3,both_delivery,True,1
33.086,21.544,11.542,0.3488,46.5,120.0,True,s1->s2->c1->c2,Los Angeles,O5027,O5870,delivery_only,delivery_only,same_day,on_demand,True,18,17,8.18,9.14,0.0,11.437,10.107,12.872,3.3,both_delivery,True,1
29.332,17.838,11.494,0.3919,102.6,120.0,True,s1->s2->c2->c1,Los Angeles,O2412,O5658,shop_and_deliver,shop_and_deliver,same_day,on_demand,True,9,19,8.21,8.72,0.0,8.128,9.811,9.71,1.2,both_shop,True,1
21.704,10.224,11.48,0.5289,61.7,219.5,True,s1->s2->c2->c1,Los Angeles,O309,O5371,shop_and_deliver,shop_and_deliver,same_day,same_day,True,21,13,11.94,7.0,0.0,8.373,9.926,1.851,20.5,both_shop,True,1
19.877,8.454,11.423,0.5747,47.0,80.3,True,s1->s2->c2->c1,Los Angeles,O1380,O3995,shop_and_deliver,delivery_only,same_day,on_demand,True,7,30,7.38,14.2,0.0,2.085,6.754,6.369,39.7,mixed,True,1
35.262,23.933,11.329,0.3213,72.0,83.0,True,s1->s2->c1->c2,Los Angeles,O3975,O5103,delivery_only,shop_and_deliver,same_day,on_demand,True,8,5,6.2,5.16,0.0,12.875,11.058,13.146,37.0,mixed,True,1
35.264,24.001,11.264,0.3194,69.2,98.4,True,s1->s2->c1->c2,Los Angeles,O1392,O1606,delivery_only,shop_and_deliver,on_demand,same_day,True,15,14,10.44,9.58,0.0,12.802,11.198,12.868,21.6,mixed,True,1
26.404,15.161,11.242,0.4258,38.7,101.5,True,s1->s2->c1->c2,Los Angeles,O1018,O3176,delivery_only,delivery_only,same_day,on_demand,True,1,17,4.02,9.42,0.0,6.534,8.627,9.149,18.5,both_delivery,True,1
18.493,7.279,11.214,0.6064,25.1,114.6,True,s1->s2->c2->c1,Los Angeles,O2797,O4992,delivery_only,delivery_only,on_demand,same_day,True,12,16,9.65,9.62,0.0,3.336,7.275,3.943,5.4,both_delivery,True,1
25.761,14.582,11.179,0.434,69.7,196.2,True,s1->s2->c2->c1,Los Angeles,O2548,O5917,shop_and_deliver,shop_and_deliver,next_day,same_day,True,1,19,5.57,8.95,0.0,11.811,11.495,2.771,43.8,both_shop,True,1
23.854,12.702,11.152,0.4675,44.5,111.6,True,s1->s2->c2->c1,Los Angeles,O1011,O5683,delivery_only,delivery_only,same_day,on_demand,True,13,10,7.84,6.06,0.0,10.768,10.96,1.934,8.4,both_delivery,True,1
19.443,8.358,11.085,0.5701,22.0,205.8,True,s1->s2->c1->c2,Los Angeles,O2551,O3882,delivery_only,delivery_only,same_day,next_day,True,24,29,11.77,16.380000000000003,0.0,2.557,5.801,7.84,34.2,both_delivery,True,1
21.484,10.414,11.07,0.5153,36.7,120.0,True,s1->s2->c1->c2,Los Angeles,O2752,O5628,delivery_only,shop_and_deliver,on_demand,same_day,True,9,7,8.9,9.53,0.0,4.83,5.584,10.315,30.3,mixed,True,1
37.326,26.312,11.015,0.2951,70.7,240.0,True,s1->s2->c1->c2,Los Angeles,O266,O5117,delivery_only,shop_and_deliver,same_day,next_day,True,3,7,4.3,6.9,0.0,14.646,11.666,13.995,20.1,mixed,True,1
18.501,7.504,10.997,0.5944,35.2,80.9,True,s1->s2->c2->c1,Los Angeles,O2918,O4808,shop_and_deliver,delivery_only,on_demand,next_day,True,9,26,5.99,15.61,0.0,1.495,6.246,6.009,39.1,mixed,True,1
24.296,13.434,10.861,0.447,66.1,84.8,True,s1->s2->c2->c1,Los Angeles,O155,O1378,shop_and_deliver,shop_and_deliver,on_demand,on_demand,True,6,4,5.63,7.17,0.0,10.807,10.834,2.628,35.2,both_shop,True,1
18.084,7.267,10.817,0.5981,45.9,120.0,True,s1->s2->c2->c1,Los Angeles,O1686,O2727,delivery_only,shop_and_deliver,next_day,on_demand,True,7,8,11.44,8.32,0.0,1.858,6.337,5.409,18.1,mixed,True,1
28.237,17.531,10.706,0.3791,85.6,113.8,True,s1->s2->c2->c1,Los Angeles,O1507,O2883,shop_and_deliver,shop_and_deliver,same_day,on_demand,True,7,14,6.5,8.19,0.0,12.796,11.751,4.735,6.2,both_shop,True,1
19.407,8.727,10.68,0.5503,55.7,202.1,True,s1->s2->c1->c2,Los Angeles,O827,O4593,shop_and_deliver,delivery_only,same_day,same_day,True,16,6,8.45,7.95,0.0,3.077,5.651,8.106,37.9,mixed,True,1
18.52,7.923,10.596,0.5722,39.0,82.1,True,s2->s1->c1->c2,Los Angeles,O1372,O5841,delivery_only,shop_and_deliver,on_demand,on_demand,False,4,1,6.2,5.55,0.137,2.141,5.645,7.132,37.9,mixed,True,1
19.434,8.872,10.561,0.5435,25.3,106.1,True,s1->s2->c2->c1,Los Angeles,O2265,O4138,delivery_only,delivery_only,on_demand,on_demand,True,5,12,7.42,8.08,0.0,3.836,7.199,5.036,13.9,both_delivery,True,1
27.765,17.329,10.436,0.3759,66.7,91.5,True,s1->s2->c2->c1,Los Angeles,O355,O4930,shop_and_deliver,shop_and_deliver,on_demand,same_day,True,26,9,14.0,6.98,0.0,14.571,12.503,2.758,28.5,both_shop,True,1
19.668,9.272,10.396,0.5286,49.1,195.3,True,s1->s2->c2->c1,Los Angeles,O3361,O4491,shop_and_deliver,shop_and_deliver,same_day,same_day,True,24,15,12.98,11.65,0.0,5.51,7.953,3.762,44.7,both_shop,True,1
24.656,14.292,10.364,0.4203,45.3,87.9,True,s1->s2->c1->c2,Los Angeles,O821,O2278,shop_and_deliver,delivery_only,same_day,on_demand,True,16,5,7.78,6.61,0.0,6.683,7.61,9.437,32.1,mixed,True,1
39.699,29.371,10.328,0.2601,86.6,214.7,True,s2->s1->c1->c2,Los Angeles,O4807,O5038,shop_and_deliver,delivery_only,same_day,same_day,False,2,3,5.14,6.25,0.137,18.879,10.355,18.853,25.3,mixed,True,1
19.328,9.068,10.261,0.5309,41.6,95.1,True,s1->s2->c2->c1,Los Angeles,O1188,O2028,delivery_only,shop_and_deliver,on_demand,on_demand,True,1,9,5.4,8.41,0.0,5.249,7.755,3.819,24.9,mixed,True,1
20.502,10.349,10.153,0.4952,47.4,93.7,True,s1->s2->c2->c1,Los Angeles,O1861,O2780,delivery_only,shop_and_deliver,on_demand,on_demand,True,38,14,13.09,10.29,0.0,7.175,8.664,3.175,26.3,mixed,True,1
20.788,10.64,10.148,0.4882,52.0,205.9,True,s1->s2->c2->c1,Los Angeles,O2967,O4155,delivery_only,shop_and_deliver,same_day,next_day,True,11,9,7.95,7.95,0.0,8.087,9.117,2.553,34.1,mixed,True,1
22.27,12.142,10.127,0.4548,30.9,96.6,True,s1->s2->c1->c2,Los Angeles,O3658,O4496,delivery_only,delivery_only,on_demand,on_demand,True,12,14,9.45,12.44,0.0,5.784,6.358,9.553,23.4,both_delivery,True,1
24.39,14.351,10.039,0.4116,51.3,116.2,True,s1->s2->c1->c2,Los Angeles,O1704,O3028,delivery_only,shop_and_deliver,same_day,on_demand,True,10,9,9.9,7.84,0.0,8.7,5.652,13.087,3.8,mixed,True,1
34.002,24.151,9.851,0.2897,57.1,97.8,True,s1->s2->c1->c2,Los Angeles,O197,O4451,shop_and_deliver,shop_and_deliver,on_demand,on_demand,True,5,1,5.0,5.96,0.0,18.125,6.026,21.95,22.2,both_shop,True,1
21.762,11.963,9.799,0.4503,41.3,97.1,True,s1->s2->c1->c2,Los Angeles,O3157,O4689,delivery_only,delivery_only,on_demand,on_demand,True,5,3,5.8,6.34,0.0,5.577,6.386,8.99,22.9,both_delivery,True,1
19.7,9.926,9.774,0.4961,51.9,230.6,True,s1->s2->c1->c2,Los Angeles,O338,O3520,delivery_only,shop_and_deliver,same_day,next_day,True,20,12,10.66,8.82,0.0,3.449,6.477,6.746,9.4,mixed,True,1
18.178,8.59,9.588,0.5274,51.5,82.5,True,s1->s2->c2->c1,Los Angeles,O2503,O5353,shop_and_deliver,shop_and_deliver,on_demand,on_demand,True,13,17,8.84,13.42,0.0,6.385,7.987,2.205,37.5,both_shop,True,1
18.072,8.496,9.576,0.5299,27.9,240.0,True,s1->s2->c1->c2,Los Angeles,O873,O4114,delivery_only,delivery_only,next_day,same_day,True,5,8,4.84,8.39,0.0,3.267,5.229,7.615,16.7,both_delivery,True,1
19.77,10.21,9.56,0.4835,38.8,212.7,True,s1->s2->c2->c1,Los Angeles,O994,O1042,shop_and_deliver,delivery_only,same_day,next_day,True,4,2,6.93,5.34,0.0,8.32,8.94,1.89,27.3,mixed,True,1
27.011,17.664,9.347,0.3461,59.7,1417.3,True,s1->s2->c2->c1,Los Angeles,O1152,O5032,delivery_only,shop_and_deliver,next_day,next_day,True,4,14,5.7,8.16,0.0,13.858,11.602,3.806,22.7,mixed,True,1
17.634,8.306,9.328,0.529,36.4,239.0,True,s1->s2->c1->c2,Los Angeles,O513,O2283,delivery_only,shop_and_deliver,same_day,same_day,True,4,7,5.17,8.05,0.0,3.638,4.667,8.3,1.0,mixed,True,1
16.668,7.402,9.266,0.5559,39.1,120.0,True,s1->s2->c1->c2,Los Angeles,O1066,O2998,shop_and_deliver,delivery_only,same_day,on_demand,True,8,6,8.44,9.53,0.0,1.886,5.516,5.635,2.0,mixed,True,1
20.096,10.843,9.253,0.4604,40.0,240.0,True,s1->s2->c2->c1,Los Angeles,O571,O2902,shop_and_deliver,shop_and_deliver,same_day,next_day,True,4,5,6.56,5.5,0.0,9.907,9.58,0.936,3.3,both_shop,True,1
19.994,10.76,9.234,0.4619,63.3,81.1,True,s1->s2->c2->c1,Los Angeles,O3862,O4637,shop_and_deliver,shop_and_deliver,on_demand,on_demand,True,13,6,9.26,6.0,0.0,6.3,7.767,4.46,38.9,both_shop,True,1
28.442,19.3,9.142,0.3214,59.3,107.6,True,s1->s2->c2->c1,Los Angeles,O2872,O5247,delivery_only,shop_and_deliver,on_demand,on_demand,True,18,14,11.53,9.29,0.0,12.241,10.691,7.059,12.4,mixed,True,1
23.15,14.141,9.009,0.3892,43.7,120.0,True,s2->c2->s1->c1,Los Angeles,O1482,O1884,shop_and_deliver,delivery_only,on_demand,same_day,False,9,20,8.46,12.4,0.456,12.343,10.552,1.714,31.3,mixed,True,1
23.614,14.677,8.938,0.3785,44.6,120.0,True,s1->s2->c1->c2,Los Angeles,O334,O2122,shop_and_deliver,shop_and_deliver,on_demand,same_day,True,5,3,6.69,5.19,0.0,7.8,6.876,9.861,40.9,both_shop,True,1
32.386,23.479,8.907,0.275,93.5,195.7,True,s1->s2->c1->c2,Los Angeles,O587,O5777,delivery_only,shop_and_deliver,next_day,same_day,True,9,16,8.23,7.88,0.0,14.98,8.499,15.388,44.3,mixed,True,1
15.576,6.793,8.783,0.5639,22.2,240.0,True,s1->s2->c2->c1,Los Angeles,O2392,O4390,delivery_only,delivery_only,next_day,same_day,True,11,11,7.18,7.03,0.0,4.451,6.617,2.342,1.4,both_delivery,True,1
27.627,18.85,8.778,0.3177,66.7,82.5,True,s1->s2->c1->c2,Los Angeles,O1557,O3252,delivery_only,shop_and_deliver,on_demand,on_demand,True,1,24,4.51,11.14,0.0,9.969,8.881,9.865,37.5,mixed,True,1
20.092,11.405,8.687,0.4323,54.6,218.1,True,s1->s2->c1->c2,Los Angeles,O3257,O4642,shop_and_deliver,delivery_only,same_day,same_day,True,9,18,5.75,12.42,0.0,6.965,4.44,11.212,21.9,mixed,True,1
15.452,6.908,8.544,0.5529,53.1,111.6,True,s1->s2->c2->c1,Los Angeles,O3544,O4340,delivery_only,shop_and_deliver,same_day,on_demand,True,5,23,7.54,10.93,0.0,4.944,6.744,1.964,8.4,mixed,True,1
26.111,17.918,8.194,0.3138,38.0,239.1,True,s1->s2->c2->c1,Los Angeles,O154,O5298,delivery_only,delivery_only,next_day,same_day,True,5,6,6.32,7.92,0.0,14.428,11.311,3.49,0.9,both_delivery,True,1
27.161,18.98,8.181,0.3012,43.1,120.0,True,s1->s2->c1->c2,Los Angeles,O3529,O3767,delivery_only,delivery_only,on_demand,next_day,True,10,17,7.58,13.6,0.0,11.8,7.181,12.8,14.1,both_delivery,True,1
18.577,10.517,8.059,0.4338,31.6,98.5,True,s1->s2->c2->c1,Los Angeles,O366,O3694,delivery_only,delivery_only,on_demand,on_demand,True,2,4,6.49,7.66,0.0,8.08,8.07,2.437,21.5,both_delivery,True,1
12.786,4.814,7.972,0.6235,40.8,120.0,True,s1->s2->c1->c2,Los Angeles,O1843,O4295,delivery_only,shop_and_deliver,same_day,on_demand,True,15,14,13.59,12.35,0.0,0.824,3.991,4.805,16.4,mixed,True,1
26.384,18.437,7.947,0.3012,49.9,88.9,True,s1->s2->c1->c2,Los Angeles,O1389,O2773,delivery_only,shop_and_deliver,same_day,on_demand,True,12,2,12.77,7.33,0.0,10.859,7.577,11.229,31.1,mixed,True,1
24.499,16.662,7.838,0.3199,43.8,218.9,True,s1->s2->c2->c1,Los Angeles,O664,O4393,delivery_only,delivery_only,same_day,same_day,True,8,9,8.46,8.21,0.0,12.139,9.988,4.523,21.1,both_delivery,True,1
14.122,6.432,7.69,0.5445,58.5,120.0,True,s1->s2->c2->c1,Los Angeles,O2792,O4866,delivery_only,shop_and_deliver,same_day,on_demand,True,11,15,6.26,13.99,0.0,5.116,6.403,1.316,3.8,mixed,True,1
41.636,33.982,7.655,0.1838,73.0,195.2,True,s1->s2->c2->c1,Los Angeles,O720,O2312,delivery_only,shop_and_deliver,same_day,same_day,True,4,11,5.17,6.98,0.0,24.303,15.979,9.679,44.8,mixed,True,1
21.368,13.842,7.525,0.3522,49.5,120.0,True,s1->s2->c2->c1,Los Angeles,O3585,O4067,delivery_only,shop_and_deliver,same_day,on_demand,True,13,11,7.92,11.15,0.0,7.064,7.295,6.778,9.5,mixed,True,1
21.504,13.99,7.514,0.3494,44.5,214.2,True,s2->s1->c2->c1,Los Angeles,O5811,O5846,shop_and_deliver,delivery_only,same_day,same_day,False,11,22,12.7,11.58,0.137,11.725,9.67,2.219,25.8,mixed,True,1
12.049,4.601,7.448,0.6182,19.7,97.0,True,s2->s1->c2->c1,Los Angeles,O4166,O5282,delivery_only,delivery_only,next_day,on_demand,False,10,18,8.55,9.8,0.456,1.133,4.132,3.394,23.0,both_delivery,True,1
11.752,4.321,7.431,0.6323,23.5,105.6,True,s1->s2->c1->c2,Los Angeles,O287,O1620,shop_and_deliver,delivery_only,on_demand,on_demand,True,11,11,12.11,10.87,0.0,0.595,3.726,4.299,14.4,mixed,True,1
14.291,6.89,7.402,0.5179,29.0,240.0,True,s1->s2->c2->c1,Los Angeles,O708,O3111,shop_and_deliver,delivery_only,next_day,same_day,True,5,4,7.9,5.62,0.0,5.496,6.449,1.393,21.1,mixed,True,1
13.224,5.884,7.34,0.5551,35.7,212.8,True,s1->s2->c1->c2,Los Angeles,O764,O5225,shop_and_deliver,delivery_only,same_day,same_day,True,8,8,7.58,7.96,0.0,1.942,3.942,5.34,27.2,mixed,True,1
24.858,17.532,7.326,0.2947,37.2,205.9,True,s1->s2->c1->c2,Los Angeles,O175,O4634,delivery_only,delivery_only,same_day,same_day,True,19,5,11.17,7.23,0.0,11.701,5.831,13.197,34.1,both_delivery,True,1
24.049,16.737,7.313,0.3041,69.9,110.9,True,s1->s2->c2->c1,Los Angeles,O3378,O5464,shop_and_deliver,shop_and_deliver,on_demand,next_day,True,5,6,5.32,8.49,0.0,11.759,9.536,4.978,9.1,both_shop,True,1
16.637,9.33,7.307,0.4392,50.4,120.0,True,s1->s2->c1->c2,Los Angeles,O220,O4204,shop_and_deliver,shop_and_deliver,on_demand,same_day,True,4,15,5.97,11.79,0.0,4.632,4.698,7.242,41.0,both_shop,True,1
31.399,24.122,7.276,0.2317,83.4,199.2,True,s1->s2->c2->c1,Los Angeles,O930,O1211,delivery_only,shop_and_deliver,same_day,same_day,True,10,25,8.51,11.8,0.0,16.616,11.946,7.507,40.8,mixed,True,1
18.227,11.108,7.119,0.3906,53.5,81.4,True,s1->s2->c1->c2,Los Angeles,O3533,O4710,delivery_only,shop_and_deliver,same_day,on_demand,True,8,15,8.06,10.24,0.0,5.816,5.292,7.643,38.6,mixed,True,1
18.698,11.615,7.083,0.3788,50.3,93.7,True,s2->c2->s1->c1,Los Angeles,O3147,O3293,shop_and_deliver,delivery_only,on_demand,on_demand,False,15,7,8.81,8.27,0.137,10.087,8.56,1.461,26.3,mixed,True,1
14.841,7.947,6.893,0.4645,45.5,120.0,True,s1->s2->c2->c1,Los Angeles,O894,O1994,shop_and_deliver,shop_and_deliver,on_demand,same_day,True,7,11,9.06,6.6,0.0,5.94,6.417,2.008,5.9,both_shop,True,1
16.842,10.015,6.826,0.4053,46.9,120.0,True,s1->s2->c1->c2,Los Angeles,O4896,O5842,delivery_only,shop_and_deliver,same_day,on_demand,True,8,8,7.96,8.48,0.0,6.029,3.986,8.869,40.7,mixed,True,1
15.876,9.181,6.695,0.4217,37.8,86.5,True,s1->s2->c2->c1,Los Angeles,O174,O3681,shop_and_deliver,delivery_only,same_day,on_demand,True,9,9,6.04,10.34,0.0,6.853,6.774,2.328,33.5,mixed,True,1
31.065,24.393,6.672,0.2148,83.8,205.2,True,s1->s2->c2->c1,Los Angeles,O1724,O4619,shop_and_deliver,delivery_only,same_day,next_day,True,5,19,8.940000000000001,11.33,0.0,18.442,12.557,5.951,34.8,mixed,True,1
16.1,9.435,6.665,0.414,49.8,118.4,True,s1->s2->c2->c1,Los Angeles,O2963,O4246,shop_and_deliver,delivery_only,on_demand,on_demand,True,21,16,9.42,10.87,0.0,6.173,6.419,3.261,1.6,mixed,True,1
18.374,11.718,6.655,0.3622,36.1,240.0,True,s1->s2->c1->c2,Los Angeles,O958,O3338,delivery_only,delivery_only,same_day,next_day,True,17,19,11.61,11.16,0.0,7.142,4.577,9.221,19.2,both_delivery,True,1
17.216,10.628,6.589,0.3827,52.0,1419.7,True,s1->s2->c1->c2,Los Angeles,O2435,O2629,delivery_only,shop_and_deliver,next_day,next_day,True,12,9,8.5,6.81,0.0,6.646,3.982,9.253,20.3,mixed,True,1
28.754,22.388,6.367,0.2214,80.3,206.0,True,s1->s2->c2->c1,Los Angeles,O979,O5066,shop_and_deliver,shop_and_deliver,same_day,same_day,True,15,22,9.93,9.24,0.0,16.383,11.375,6.005,34.0,both_shop,True,1
15.995,9.673,6.323,0.3953,46.3,87.9,True,s1->s2->c1->c2,Los Angeles,O1314,O4471,shop_and_deliver,delivery_only,on_demand,on_demand,True,11,13,13.5,9.44,0.0,5.388,4.285,7.426,32.1,mixed,True,1
12.383,6.129,6.254,0.505,45.5,112.3,True,s1->s2->c1->c2,Los Angeles,O3005,O5783,delivery_only,shop_and_deliver,on_demand,on_demand,True,18,17,10.49,9.8,0.0,2.986,3.143,6.096,7.7,mixed,True,1
16.941,10.906,6.035,0.3562,51.2,120.0,True,s1->s2->c1->c2,Los Angeles,O5102,O5575,shop_and_deliver,shop_and_deliver,on_demand,same_day,True,12,2,11.69,6.21,0.0,7.167,3.739,9.462,24.9,both_shop,True,1
31.339,25.364,5.975,0.1907,92.6,240.0,True,s2->c2->s1->c1,Los Angeles,O2640,O5884,delivery_only,shop_and_deliver,same_day,next_day,False,4,8,6.14,9.79,0.456,18.657,12.324,6.292,12.8,mixed,True,1
12.966,7.004,5.962,0.4598,24.2,120.0,True,s1->s2->c1->c2,Los Angeles,O3258,O4522,delivery_only,delivery_only,same_day,on_demand,True,21,22,10.68,9.38,0.0,4.015,2.989,6.988,29.7,both_delivery,True,1
18.153,12.255,5.898,0.3249,51.9,89.3,True,s1->s2->c1->c2,Los Angeles,O2914,O3267,shop_and_deliver,delivery_only,same_day,on_demand,True,17,11,11.89,7.87,0.0,8.923,3.333,11.487,30.7,mixed,True,1
13.432,7.683,5.749,0.428,64.5,219.2,True,s1->s2->c1->c2,Los Angeles,O1350,O2279,shop_and_deliver,shop_and_deliver,same_day,next_day,True,6,28,6.31,13.08,0.0,3.65,4.032,5.367,20.8,both_shop,True,1
9.183,3.52,5.663,0.6167,51.2,99.5,True,s1->s2->c2->c1,Los Angeles,O1089,O1550,delivery_only,shop_and_deliver,on_demand,on_demand,True,22,23,11.14,12.13,0.0,1.358,3.511,2.162,20.5,mixed,True,1
25.697,20.071,5.626,0.2189,67.8,102.3,True,s1->s2->c2->c1,Los Angeles,O1455,O4590,delivery_only,shop_and_deliver,on_demand,on_demand,True,12,10,7.16,9.49,0.0,12.517,9.072,7.554,17.7,mixed,True,1
22.537,16.989,5.548,0.2462,33.4,120.0,True,s1->s2->c1->c2,Los Angeles,O5142,O5408,delivery_only,delivery_only,on_demand,same_day,True,6,6,8.51,7.39,0.0,11.531,5.458,11.621,20.6,both_delivery,True,1
12.46,6.925,5.535,0.4442,64.9,120.0,True,s1->s2->c2->c1,Los Angeles,O180,O1123,shop_and_deliver,delivery_only,next_day,on_demand,True,32,10,13.2,6.24,0.0,5.227,5.381,1.698,33.2,mixed,True,1
23.942,18.559,5.383,0.2248,72.4,90.3,True,s1->s2->c1->c2,Los Angeles,O533,O2952,shop_and_deliver,delivery_only,same_day,on_demand,True,18,13,8.15,7.95,0.0,13.878,4.681,14.58,29.7,mixed,True,1
26.02,20.705,5.315,0.2043,103.8,1427.3,True,s1->s2->c1->c2,Los Angeles,O1908,O5429,shop_and_deliver,shop_and_deliver,next_day,next_day,True,10,28,7.26,13.38,0.0,17.516,3.189,19.642,12.7,both_shop,True,1
19.032,13.858,5.174,0.2719,72.6,111.8,True,s1->s2->c1->c2,Los Angeles,O1178,O3707,shop_and_deliver,shop_and_deliver,same_day,on_demand,True,10,12,8.67,8.58,0.0,11.164,2.694,13.644,8.2,both_shop,True,1
13.709,8.68,5.03,0.3669,40.2,86.7,True,s1->s2->c1->c2,Los Angeles,O1439,O4151,shop_and_deliver,delivery_only,next_day,on_demand,True,5,25,6.08,14.93,0.0,5.921,2.759,8.192,33.3,mixed,True,1
17.408,12.444,4.964,0.2851,45.7,108.6,True,s1->s2->c1->c2,Los Angeles,O4707,O5436,shop_and_deliver,shop_and_deliver,on_demand,same_day,True,11,10,9.05,9.63,0.0,8.773,3.671,10.066,11.4,both_shop,True,1
14.575,9.675,4.899,0.3362,38.7,93.0,True,s1->s2->c2->c1,Los Angeles,O3502,O3637,shop_and_deliver,delivery_only,on_demand,on_demand,True,9,5,9.68,10.63,0.0,6.238,5.569,3.437,27.0,mixed,True,1
17.665,12.767,4.898,0.2773,47.7,120.0,True,s1->s2->c2->c1,Los Angeles,O528,O896,delivery_only,shop_and_deliver,same_day,on_demand,True,3,16,7.0,8.74,0.0,9.783,7.34,2.984,19.8,mixed,True,1
8.747,3.904,4.842,0.5536,45.3,120.0,True,s1->s2->c2->c1,Los Angeles,O2693,O4488,shop_and_deliver,delivery_only,same_day,on_demand,True,13,5,7.73,5.13,0.0,2.84,3.841,1.065,16.5,mixed,True,1
20.102,15.32,4.782,0.2379,71.5,240.0,True,s1->s2->c2->c1,Los Angeles,O2713,O3543,delivery_only,shop_and_deliver,next_day,same_day,True,8,20,7.72,11.95,0.0,11.631,8.207,3.688,9.7,mixed,True,1
25.098,20.391,4.707,0.1875,54.2,120.0,True,s1->s2->c1->c2,Los Angeles,O1290,O1365,delivery_only,shop_and_deliver,next_day,on_demand,True,14,3,7.25,6.24,0.0,12.512,7.879,9.34,39.2,mixed,True,1
18.896,14.327,4.569,0.2418,44.0,231.4,True,s1->s2->c1->c2,Los Angeles,O1366,O3785,shop_and_deliver,delivery_only,same_day,same_day,True,14,5,7.61,6.69,0.0,9.502,4.825,9.247,8.6,mixed,True,1
16.399,11.956,4.442,0.2709,40.6,92.0,True,s1->s2->c1->c2,Los Angeles,O3512,O5623,delivery_only,shop_and_deliver,same_day,on_demand,True,4,1,6.92,6.67,0.0,8.175,3.781,8.837,28.0,mixed,True,1
7.837,3.573,4.264,0.544,16.1,120.0,True,s1->s2->c1->c2,Los Angeles,O4833,O4884,delivery_only,delivery_only,next_day,on_demand,True,31,50,11.54,16.46,0.0,1.239,2.334,3.169,10.4,both_delivery,True,1
16.927,12.668,4.259,0.2516,53.0,120.0,True,s1->s2->c1->c2,Los Angeles,O4582,O5418,shop_and_deliver,shop_and_deliver,on_demand,next_day,True,5,9,9.32,5.93,0.0,8.629,4.038,8.85,16.1,both_shop,True,1
19.173,15.124,4.049,0.2112,66.5,112.4,True,s1->s2->c1->c2,Los Angeles,O5241,O5306,shop_and_deliver,delivery_only,on_demand,on_demand,True,8,12,7.29,8.879999999999999,0.0,9.23,5.894,7.385,7.6,mixed,True,1
15.754,11.81,3.944,0.2503,55.2,84.4,True,s1->s2->c1->c2,Los Angeles,O688,O5333,delivery_only,shop_and_deliver,same_day,on_demand,False,4,19,6.95,8.9,0.456,7.804,3.661,8.543,35.6,mixed,True,1
11.584,7.661,3.923,0.3386,42.6,120.0,True,s1->s2->c2->c1,Los Angeles,O2625,O3970,delivery_only,shop_and_deliver,next_day,on_demand,True,6,5,8.1,8.01,0.0,5.634,4.778,2.027,44.7,mixed,True,1
18.246,14.543,3.703,0.2029,40.4,79.2,True,s1->s2->c1->c2,Los Angeles,O1310,O2724,delivery_only,delivery_only,on_demand,on_demand,True,9,19,9.24,10.83,0.0,11.251,3.292,11.662,40.8,both_delivery,True,1
7.957,4.266,3.691,0.4638,20.0,116.5,True,s1->s2->c2->c1,Los Angeles,O1303,O4180,delivery_only,delivery_only,on_demand,on_demand,True,6,7,7.21,7.88,0.0,2.878,3.284,1.389,3.5,both_delivery,True,1
16.484,12.925,3.559,0.2159,43.5,107.3,True,s1->s2->c1->c2,Los Angeles,O3633,O5611,shop_and_deliver,shop_and_deliver,on_demand,on_demand,True,3,2,7.17,9.44,0.0,11.112,1.813,12.858,12.7,both_shop,True,1
15.047,11.49,3.557,0.2364,33.0,120.0,True,s1->s2->c1->c2,Los Angeles,O2532,O5498,delivery_only,shop_and_deliver,same_day,on_demand,True,12,5,9.92,5.21,0.0,9.435,2.055,10.937,5.5,mixed,True,1
12.368,8.816,3.552,0.2872,47.0,103.8,True,s1->s2->c1->c2,Los Angeles,O202,O5847,shop_and_deliver,shop_and_deliver,on_demand,same_day,True,12,13,9.08,7.4,0.0,6.722,2.094,8.181,16.2,both_shop,True,1
9.443,6.008,3.435,0.3638,26.0,240.0,True,s2->s1->c1->c2,Los Angeles,O2591,O3231,shop_and_deliver,delivery_only,next_day,same_day,False,6,2,7.96,5.53,0.456,4.051,1.501,5.987,0.6,mixed,True,1
11.727,8.318,3.409,0.2907,42.5,120.0,True,s1->s2->c2->c1,Los Angeles,O1990,O5505,shop_and_deliver,shop_and_deliver,on_demand,next_day,True,10,12,8.84,12.43,0.0,6.489,4.949,1.829,43.1,both_shop,True,1
12.026,8.668,3.359,0.2793,62.6,120.0,True,s1->s2->c1->c2,Los Angeles,O4353,O5370,shop_and_deliver,shop_and_deliver,on_demand,next_day,True,33,7,13.78,8.66,0.0,5.271,3.397,5.232,41.0,both_shop,True,1
11.457,8.105,3.352,0.2926,42.4,120.0,True,s1->s2->c1->c2,Los Angeles,O3180,O4453,shop_and_deliver,delivery_only,on_demand,same_day,True,7,18,7.1,10.27,0.0,4.981,3.124,5.209,12.5,mixed,True,1
14.932,11.699,3.232,0.2165,54.4,120.0,True,s1->s2->c1->c2,Los Angeles,O1631,O4530,delivery_only,shop_and_deliver,next_day,on_demand,True,9,11,6.16,8.85,0.0,9.101,2.598,9.735,20.7,mixed,True,1
14.418,11.192,3.226,0.2238,38.4,114.5,True,s1->s2->c1->c2,Los Angeles,O102,O3564,shop_and_deliver,delivery_only,next_day,on_demand,True,1,2,7.51,7.63,0.0,7.325,3.866,6.685,5.5,mixed,True,1
9.627,6.455,3.172,0.3295,60.1,240.0,True,s1->s2->c1->c2,Los Angeles,O188,O5358,shop_and_deliver,delivery_only,same_day,next_day,True,22,5,10.42,6.95,0.0,4.653,1.802,6.023,12.8,mixed,True,1
14.008,11.065,2.942,0.2101,45.7,225.8,True,s1->s2->c1->c2,Los Angeles,O165,O4600,delivery_only,delivery_only,next_day,same_day,True,20,12,10.7,9.04,0.0,7.138,3.927,6.153,14.2,both_delivery,True,1
14.909,12.188,2.72,0.1825,45.7,120.0,True,s1->s2->c2->c1,Los Angeles,O4416,O4722,delivery_only,shop_and_deliver,on_demand,same_day,True,1,4,8.52,6.22,0.0,8.929,5.824,3.26,23.8,mixed,True,1
6.549,4.109,2.44,0.3726,17.0,120.0,True,s1->s2->c1->c2,Los Angeles,O3057,O5640,delivery_only,delivery_only,on_demand,next_day,True,9,14,6.39,9.91,0.0,2.883,1.226,4.097,4.4,both_delivery,True,1
11.953,9.603,2.35,0.1966,46.5,98.3,True,s1->s2->c1->c2,Los Angeles,O459,O2461,shop_and_deliver,delivery_only,on_demand,on_demand,True,18,28,11.32,13.86,0.0,8.404,1.199,9.555,21.7,mixed,True,1
6.707,4.375,2.332,0.3477,43.7,101.2,True,s1->s2->c1->c2,Los Angeles,O658,O4293,shop_and_deliver,shop_and_deliver,on_demand,on_demand,True,5,18,8.39,8.1,0.0,2.954,1.422,3.864,18.8,both_shop,True,1
8.03,6.194,1.836,0.2287,40.6,92.4,True,s1->s2->c2->c1,Los Angeles,O2373,O3440,delivery_only,shop_and_deliver,on_demand,same_day,True,5,5,4.81,9.93,0.0,4.715,3.275,1.479,27.6,mixed,True,1
3.339,2.121,1.218,0.3648,52.4,118.2,True,s1->s2->c1->c2,Los Angeles,O3269,O4769,shop_and_deliver,shop_and_deliver,on_demand,same_day,True,6,13,6.86,8.91,0.0,1.48,0.641,2.058,1.8,both_shop,True,1
25.522,10.532,14.991,0.5874,64.8,80.6,True,s1->s2->c2->c1,San Francisco,O765,O1789,shop_and_deliver,shop_and_deliver,same_day,on_demand,True,4,17,8.120000000000001,11.56,0.0,5.383,10.187,5.148,39.4,both_shop,True,1
25.006,10.548,14.458,0.5782,25.7,79.2,True,s1->s2->c2->c1,San Francisco,O1635,O4403,delivery_only,delivery_only,same_day,on_demand,True,7,9,6.67,8.27,0.0,4.827,9.643,5.721,40.8,both_delivery,True,1
22.136,8.616,13.52,0.6108,23.5,76.3,True,s1->s2->c1->c2,San Francisco,O2355,O4534,delivery_only,delivery_only,on_demand,same_day,True,7,17,7.66,10.57,0.0,1.855,6.76,8.615,43.7,both_delivery,True,1
21.0,7.524,13.476,0.6417,47.8,112.2,True,s1->s2->c2->c1,San Francisco,O944,O2795,delivery_only,shop_and_deliver,same_day,on_demand,True,9,9,9.65,7.36,0.0,1.052,7.264,6.472,7.8,mixed,True,1
23.83,10.759,13.071,0.5485,27.7,117.1,True,s1->s2->c2->c1,San Francisco,O1105,O3697,delivery_only,delivery_only,same_day,on_demand,True,13,4,10.63,8.469999999999999,0.0,7.218,10.145,3.541,2.9,both_delivery,True,1
22.756,9.778,12.978,0.5703,36.8,120.0,True,s1->s2->c2->c1,San Francisco,O411,O3051,shop_and_deliver,delivery_only,same_day,on_demand,False,9,6,8.98,6.18,0.288,3.669,8.576,5.821,27.6,mixed,True,1
20.137,7.404,12.734,0.6323,35.1,120.0,True,s1->s2->c2->c1,San Francisco,O3350,O3777,delivery_only,shop_and_deliver,on_demand,next_day,True,9,13,7.83,9.51,0.0,2.05,7.392,5.354,31.7,mixed,True,1
21.257,8.577,12.68,0.5965,38.3,85.0,True,s1->s2->c2->c1,San Francisco,O2971,O3145,shop_and_deliver,delivery_only,on_demand,next_day,True,9,14,9.71,9.55,0.0,3.41,8.045,5.167,35.0,mixed,True,1
21.934,9.292,12.642,0.5764,52.6,100.4,True,s1->s2->c2->c1,San Francisco,O7,O5476,shop_and_deliver,delivery_only,on_demand,on_demand,True,22,3,12.55,7.61,0.0,5.47,9.056,3.822,19.6,mixed,True,1
20.411,7.869,12.542,0.6145,23.9,120.0,True,s1->s2->c2->c1,San Francisco,O4321,O4687,delivery_only,delivery_only,on_demand,same_day,True,17,7,9.93,7.78,0.0,2.208,7.375,5.661,27.6,both_delivery,True,1
22.673,10.257,12.416,0.5476,48.7,120.0,True,s1->s2->c1->c2,San Francisco,O2271,O5267,shop_and_deliver,shop_and_deliver,same_day,on_demand,False,19,2,10.44,8.129999999999999,0.288,2.694,7.553,7.845,36.6,both_shop,True,1
20.01,8.167,11.843,0.5919,34.6,227.7,True,s1->s2->c1->c2,San Francisco,O2740,O3040,delivery_only,shop_and_deliver,same_day,same_day,False,6,10,6.05,10.15,0.288,1.916,6.18,7.867,12.3,mixed,True,1
20.529,8.691,11.838,0.5767,27.2,78.8,True,s1->s2->c2->c1,San Francisco,O1628,O4574,delivery_only,delivery_only,on_demand,same_day,True,6,25,5.94,12.4,0.0,5.485,8.662,3.206,41.2,both_delivery,True,1
19.327,7.618,11.709,0.6058,27.1,120.0,True,s1->s2->c2->c1,San Francisco,O279,O5843,delivery_only,shop_and_deliver,on_demand,same_day,True,29,12,13.18,11.66,0.0,3.518,7.614,4.099,6.3,mixed,True,1
22.59,10.974,11.615,0.5142,51.1,120.0,True,s1->s2->c2->c1,San Francisco,O943,O5381,shop_and_deliver,shop_and_deliver,same_day,on_demand,False,6,6,9.53,6.74,0.119,7.042,9.447,3.813,6.8,both_shop,True,1
19.656,8.123,11.533,0.5868,35.5,120.0,True,s1->s2->c2->c1,San Francisco,O308,O2871,shop_and_deliver,delivery_only,same_day,on_demand,True,3,19,6.99,9.66,0.0,2.398,6.966,5.725,26.9,mixed,True,1
21.286,9.761,11.526,0.5415,52.1,91.1,True,s1->s2->c2->c1,San Francisco,O525,O644,delivery_only,shop_and_deliver,on_demand,same_day,True,14,13,10.87,9.83,0.0,3.847,7.686,5.914,28.9,mixed,True,1
18.259,6.918,11.341,0.6211,47.0,82.2,True,s1->s2->c2->c1,San Francisco,O467,O2478,shop_and_deliver,shop_and_deliver,on_demand,on_demand,True,8,9,6.41,8.41,0.0,2.463,6.902,4.455,37.8,both_shop,True,1
18.287,7.322,10.965,0.5996,63.2,120.0,True,s1->s2->c2->c1,San Francisco,O1088,O1637,shop_and_deliver,shop_and_deliver,on_demand,next_day,True,19,7,10.52,9.15,0.0,1.724,6.344,5.598,28.9,both_shop,True,1
18.576,7.622,10.954,0.5897,39.3,83.2,True,s1->s2->c2->c1,San Francisco,O1817,O1847,shop_and_deliver,shop_and_deliver,on_demand,on_demand,True,6,5,9.73,5.7,0.0,4.091,7.522,3.531,36.8,both_shop,True,1
24.656,13.811,10.845,0.4399,34.3,225.1,True,s1->s2->c2->c1,San Francisco,O1523,O2342,shop_and_deliver,delivery_only,same_day,same_day,True,6,2,10.25,6.34,0.0,9.049,9.947,4.762,14.9,mixed,True,1
17.354,6.744,10.611,0.6114,45.2,92.2,True,s1->s2->c2->c1,San Francisco,O3095,O5106,shop_and_deliver,shop_and_deliver,on_demand,on_demand,True,9,14,6.73,7.13,0.0,2.302,6.456,4.442,27.8,both_shop,True,1
21.251,10.64,10.611,0.4993,40.4,106.4,True,s1->s2->c1->c2,San Francisco,O792,O5344,shop_and_deliver,delivery_only,on_demand,on_demand,True,14,8,8.4,9.1,0.0,4.803,5.837,9.578,13.6,mixed,True,1
16.849,6.42,10.429,0.619,82.5,120.0,True,s1->s2->c2->c1,San Francisco,O2787,O4348,shop_and_deliver,shop_and_deliver,same_day,on_demand,True,15,16,9.83,8.93,0.0,1.422,5.926,4.998,32.7,both_shop,True,1
16.726,6.303,10.422,0.6231,43.1,240.0,True,s2->s1->c1->c2,San Francisco,O3184,O5626,shop_and_deliver,shop_and_deliver,same_day,next_day,False,20,5,11.33,6.68,0.376,0.611,5.317,5.986,37.0,both_shop,True,1
21.162,10.885,10.276,0.4856,62.8,236.1,True,s1->s2->c2->c1,San Francisco,O394,O5052,shop_and_deliver,delivery_only,same_day,same_day,True,20,3,10.86,8.51,0.0,3.908,7.092,6.978,3.9,mixed,True,1
17.378,7.186,10.192,0.5865,25.3,120.0,True,s1->s2->c2->c1,San Francisco,O2716,O5437,delivery_only,shop_and_deliver,on_demand,same_day,True,15,2,10.26,9.18,0.0,4.158,7.175,3.028,27.9,mixed,True,1
18.449,8.293,10.156,0.5505,50.3,120.0,True,s1->s2->c2->c1,San Francisco,O3817,O4410,shop_and_deliver,shop_and_deliver,on_demand,same_day,True,6,4,9.28,4.99,0.0,6.172,8.164,2.121,28.8,both_shop,True,1
15.871,5.727,10.144,0.6392,22.9,75.6,True,s1->s2->c2->c1,San Francisco,O3976,O4354,delivery_only,delivery_only,on_demand,next_day,True,8,5,11.56,5.8,0.0,1.308,5.726,4.419,44.4,both_delivery,True,1
15.995,5.894,10.102,0.6315,22.2,114.9,True,s1->s2->c1->c2,San Francisco,O507,O586,delivery_only,delivery_only,on_demand,on_demand,True,26,35,11.9,12.27,0.0,0.798,5.095,5.805,5.1,both_delivery,True,1
16.756,6.679,10.078,0.6014,24.3,224.5,True,s1->s2->c2->c1,San Francisco,O956,O1510,delivery_only,delivery_only,same_day,same_day,True,7,20,14.72,11.28,0.0,3.279,6.678,3.4,15.5,both_delivery,True,1
17.655,7.648,10.007,0.5668,27.6,203.4,True,s1->s2->c1->c2,San Francisco,O3170,O4263,delivery_only,delivery_only,same_day,same_day,True,22,8,9.89,6.92,0.0,2.627,5.022,7.612,36.6,both_delivery,True,1
16.556,6.576,9.98,0.6028,28.6,120.0,True,s1->s2->c2->c1,San Francisco,O2359,O4994,delivery_only,delivery_only,same_day,on_demand,True,14,8,10.25,8.03,0.0,2.948,6.464,3.629,22.3,both_delivery,True,1
15.297,5.377,9.92,0.6485,23.7,89.5,True,s1->s2->c2->c1,San Francisco,O465,O2630,shop_and_deliver,delivery_only,on_demand,next_day,True,8,5,7.3,7.14,0.0,0.736,5.328,4.641,30.5,mixed,True,1
18.449,8.547,9.903,0.5367,41.5,110.2,True,s1->s2->c2->c1,San Francisco,O1468,O5894,shop_and_deliver,shop_and_deliver,same_day,on_demand,True,17,15,10.0,7.33,0.0,3.696,6.799,4.851,9.8,both_shop,True,1
17.127,7.299,9.828,0.5738,44.7,225.6,True,s1->s2->c2->c1,San Francisco,O1420,O1669,shop_and_deliver,shop_and_deliver,next_day,same_day,True,10,2,8.23,5.69,0.0,4.736,7.282,2.563,14.4,both_shop,True,1
17.227,7.404,9.823,0.5702,29.6,120.0,True,s1->s2->c2->c1,San Francisco,O21,O2842,shop_and_deliver,delivery_only,same_day,on_demand,True,4,18,4.57,10.86,0.0,2.783,6.303,4.62,7.5,mixed,True,1
17.363,7.585,9.778,0.5632,48.5,211.6,True,s1->s2->c1->c2,San Francisco,O3377,O5600,shop_and_deliver,shop_and_deliver,same_day,same_day,True,7,6,5.59,6.96,0.0,2.42,5.165,7.032,28.4,both_shop,True,1
17.388,7.668,9.72,0.559,53.0,117.5,True,s1->s2->c2->c1,San Francisco,O1665,O3636,shop_and_deliver,shop_and_deliver,same_day,on_demand,True,7,8,8.46,9.13,0.0,4.11,6.915,3.558,2.5,both_shop,True,1
17.677,7.983,9.693,0.5484,30.7,95.9,True,s1->s2->c2->c1,San Francisco,O961,O3171,delivery_only,delivery_only,on_demand,same_day,True,3,16,4.48,9.5,0.0,2.401,6.047,5.582,24.1,both_delivery,True,1
18.903,9.219,9.684,0.5123,46.8,105.1,True,s1->s2->c2->c1,San Francisco,O4152,O5818,shop_and_deliver,delivery_only,on_demand,on_demand,True,23,5,10.08,7.01,0.0,7.256,8.47,1.963,14.9,mixed,True,1
17.143,7.501,9.642,0.5625,87.4,109.1,True,s1->s2->c2->c1,San Francisco,O913,O3054,shop_and_deliver,shop_and_deliver,on_demand,on_demand,True,10,25,7.38,11.97,0.0,4.016,6.829,3.485,10.9,both_shop,True,1
16.339,6.712,9.627,0.5892,64.0,106.3,True,s1->s2->c2->c1,San Francisco,O1130,O5998,shop_and_deliver,shop_and_deliver,on_demand,on_demand,True,29,11,12.1,9.55,0.0,3.054,6.341,3.658,13.7,both_shop,True,1
15.639,6.071,9.568,0.6118,38.2,120.0,True,s1->s2->c1->c2,San Francisco,O5219,O5336,shop_and_deliver,delivery_only,on_demand,same_day,True,4,8,6.54,11.86,0.0,1.153,4.918,5.803,19.2,mixed,True,1
14.8,5.282,9.518,0.6431,44.3,98.5,True,s1->s2->c1->c2,San Francisco,O686,O1367,delivery_only,shop_and_deliver,on_demand,same_day,True,23,14,15.26,8.81,0.0,0.502,4.78,5.24,21.5,mixed,True,1
18.066,8.715,9.351,0.5176,37.6,94.0,True,s1->s2->c2->c1,San Francisco,O2041,O2523,delivery_only,shop_and_deliver,on_demand,on_demand,True,10,4,7.21,6.36,0.0,6.946,8.148,1.769,26.0,mixed,True,1
19.0,9.753,9.247,0.4867,50.5,237.4,True,s1->s2->c1->c2,San Francisco,O580,O2536,shop_and_deliver,shop_and_deliver,same_day,same_day,True,14,17,10.59,9.48,0.0,3.915,5.838,7.323,2.6,both_shop,True,1
15.344,6.166,9.177,0.5981,60.6,92.6,True,s1->s2->c2->c1,San Francisco,O2623,O4427,shop_and_deliver,shop_and_deliver,same_day,on_demand,True,6,18,7.84,9.65,0.0,1.294,5.236,4.873,27.4,both_shop,True,1
16.346,7.25,9.096,0.5565,21.8,195.5,True,s2->s1->c1->c2,San Francisco,O2893,O3459,delivery_only,delivery_only,same_day,same_day,False,7,5,7.09,11.38,0.119,2.395,4.736,6.756,44.5,both_delivery,True,1
16.489,7.408,9.081,0.5508,38.2,99.7,True,s1->s2->c1->c2,San Francisco,O2434,O3442,delivery_only,shop_and_deliver,on_demand,on_demand,True,7,5,6.17,6.97,0.0,2.565,4.842,6.805,20.3,mixed,True,1
14.709,5.671,9.038,0.6145,20.1,232.4,True,s1->s2->c1->c2,San Francisco,O1221,O3632,delivery_only,delivery_only,same_day,same_day,True,11,13,13.85,7.21,0.0,0.824,4.847,5.015,7.6,both_delivery,True,1
14.879,5.848,9.031,0.607,57.3,82.5,True,s1->s2->c2->c1,San Francisco,O500,O5701,shop_and_deliver,shop_and_deliver,on_demand,on_demand,True,8,12,6.11,8.13,0.0,2.458,5.744,3.39,37.5,both_shop,True,1
15.887,6.868,9.02,0.5677,22.9,119.2,True,s1->s2->c2->c1,San Francisco,O1547,O4498,delivery_only,shop_and_deliver,on_demand,on_demand,True,10,5,7.25,6.52,0.0,4.6,6.81,2.268,0.8,mixed,True,1
14.988,5.969,9.019,0.6018,19.1,99.1,True,s1->s2->c2->c1,San Francisco,O374,O4837,delivery_only,delivery_only,next_day,on_demand,True,10,6,8.05,6.27,0.0,2.919,5.969,3.05,20.9,both_delivery,True,1
15.796,6.827,8.97,0.5678,35.5,240.0,True,s1->s2->c2->c1,San Francisco,O1537,O4406,shop_and_deliver,delivery_only,next_day,same_day,True,6,5,7.08,7.32,0.0,2.786,5.878,4.041,31.6,mixed,True,1
16.881,7.921,8.96,0.5308,56.0,200.4,True,s1->s2->c1->c2,San Francisco,O1939,O5169,delivery_only,shop_and_deliver,same_day,same_day,True,21,16,16.619999999999997,10.44,0.0,3.407,4.514,7.853,39.6,mixed,True,1
15.551,6.626,8.925,0.5739,19.0,240.0,True,s1->s2->c2->c1,San Francisco,O3784,O4856,delivery_only,delivery_only,same_day,next_day,True,10,1,8.74,8.33,0.0,4.14,6.532,2.486,39.0,both_delivery,True,1
19.519,10.616,8.903,0.4561,51.0,209.6,True,s1->s2->c1->c2,San Francisco,O3696,O5063,delivery_only,shop_and_deliver,next_day,same_day,True,20,15,9.99,9.99,0.0,4.132,6.484,6.551,30.4,mixed,True,1
15.376,6.566,8.811,0.573,20.9,224.5,True,s1->s2->c2->c1,San Francisco,O564,O2859,delivery_only,delivery_only,next_day,same_day,True,29,10,11.37,6.83,0.0,3.612,6.211,2.954,15.5,both_delivery,True,1
15.124,6.329,8.795,0.5815,36.3,211.6,True,s2->s1->c2->c1,San Francisco,O1522,O2916,shop_and_deliver,delivery_only,same_day,same_day,False,2,20,9.93,12.03,0.119,2.175,5.428,4.149,28.4,mixed,True,1
25.915,17.159,8.756,0.3379,60.8,222.3,True,s1->s2->c2->c1,San Francisco,O556,O2690,shop_and_deliver,delivery_only,same_day,same_day,True,7,13,8.85,10.54,0.0,12.472,10.614,4.687,17.7,mixed,True,1
15.174,6.564,8.61,0.5674,41.3,120.0,True,s1->s2->c2->c1,San Francisco,O1641,O5411,shop_and_deliver,shop_and_deliver,next_day,on_demand,True,3,8,6.68,6.86,0.0,4.07,6.34,2.493,11.1,both_shop,True,1
15.743,7.156,8.588,0.5455,34.3,81.2,True,s1->s2->c2->c1,San Francisco,O4636,O5492,shop_and_deliver,delivery_only,on_demand,on_demand,True,3,5,5.05,4.93,0.0,4.047,6.317,3.109,38.8,mixed,True,1
17.198,8.629,8.57,0.4983,42.9,222.1,True,s1->s2->c2->c1,San Francisco,O2513,O2537,shop_and_deliver,delivery_only,next_day,same_day,True,10,16,6.15,10.26,0.0,7.391,7.98,1.238,17.9,mixed,True,1
18.636,10.113,8.523,0.4574,52.2,116.6,True,s1->s2->c1->c2,San Francisco,O673,O2701,shop_and_deliver,shop_and_deliver,on_demand,same_day,True,5,6,5.34,7.76,0.0,4.758,5.354,7.927,3.4,both_shop,True,1
14.365,5.843,8.523,0.5933,43.1,113.5,True,s1->s2->c2->c1,San Francisco,O3253,O3768,shop_and_deliver,shop_and_deliver,on_demand,on_demand,False,14,5,9.66,9.0,0.288,2.55,5.805,3.005,6.5,both_shop,True,1
14.661,6.15,8.511,0.5805,21.2,195.4,True,s1->s2->c2->c1,San Francisco,O3327,O5216,delivery_only,delivery_only,same_day,same_day,True,1,8,5.55,8.27,0.0,1.936,5.224,4.214,44.6,both_delivery,True,1
15.155,6.652,8.504,0.5611,29.1,101.3,True,s1->s2->c2->c1,San Francisco,O4462,O5872,shop_and_deliver,shop_and_deliver,same_day,on_demand,True,1,9,4.28,6.9,0.0,2.36,5.432,4.292,18.7,both_shop,True,1
14.355,5.863,8.492,0.5916,40.9,120.0,True,s1->s2->c1->c2,San Francisco,O2931,O3711,shop_and_deliver,shop_and_deliver,same_day,on_demand,True,2,15,4.53,9.97,0.0,1.606,4.257,5.841,3.9,both_shop,True,1
13.764,5.301,8.464,0.6149,33.5,102.3,True,s1->s2->c2->c1,San Francisco,O4828,O5521,shop_and_deliver,delivery_only,on_demand,on_demand,True,14,11,9.16,6.74,0.0,2.062,5.263,3.238,17.7,mixed,True,1
18.451,9.996,8.455,0.4582,39.6,216.9,True,s1->s2->c1->c2,San Francisco,O4953,O5983,shop_and_deliver,shop_and_deliver,same_day,same_day,True,2,11,5.3,7.89,0.0,5.718,4.278,9.894,23.1,both_shop,True,1
21.304,12.918,8.386,0.3936,62.1,202.6,True,s1->s2->c2->c1,San Francisco,O231,O1721,shop_and_deliver,shop_and_deliver,same_day,next_day,True,15,19,9.38,11.36,0.0,9.149,8.768,3.769,37.4,both_shop,True,1
13.477,5.143,8.333,0.6183,21.2,213.9,True,s1->s2->c2->c1,San Francisco,O2823,O4086,delivery_only,delivery_only,same_day,same_day,True,13,13,7.25,9.5,0.0,1.873,5.103,3.27,26.1,both_delivery,True,1
13.486,5.194,8.292,0.6149,51.0,230.7,True,s2->s1->c2->c1,San Francisco,O2717,O3641,shop_and_deliver,shop_and_deliver,same_day,same_day,False,11,7,8.33,8.11,0.288,1.789,4.897,3.405,9.3,both_shop,True,1
15.554,7.385,8.169,0.5252,44.9,1411.1,True,s1->s2->c2->c1,San Francisco,O2988,O5928,shop_and_deliver,shop_and_deliver,next_day,next_day,True,11,2,7.25,4.5,0.0,4.607,6.388,2.778,28.9,both_shop,True,1
12.864,4.696,8.168,0.635,28.7,116.3,True,s1->s2->c1->c2,San Francisco,O1640,O3493,shop_and_deliver,delivery_only,on_demand,on_demand,True,3,3,8.190000000000001,5.54,0.0,0.436,4.26,4.345,3.7,mixed,True,1
14.899,6.738,8.161,0.5477,36.1,93.9,True,s2->s1->c1->c2,San Francisco,O1349,O5909,shop_and_deliver,delivery_only,next_day,on_demand,False,4,24,5.34,11.54,0.119,1.782,4.837,5.12,26.1,mixed,True,1
17.089,8.94,8.149,0.4769,45.2,111.2,True,s2->c2->s1->c1,San Francisco,O280,O3579,delivery_only,shop_and_deliver,on_demand,same_day,False,3,6,6.18,7.96,0.376,8.232,8.216,0.345,8.8,mixed,True,1
12.99,4.846,8.143,0.6269,31.1,111.5,True,s1->s2->c1->c2,San Francisco,O650,O2331,shop_and_deliver,delivery_only,same_day,on_demand,True,5,5,6.7,6.41,0.0,0.769,4.077,4.836,8.5,mixed,True,1
14.182,6.042,8.14,0.574,38.3,224.4,True,s1->s2->c2->c1,San Francisco,O2192,O5425,delivery_only,shop_and_deliver,same_day,same_day,True,20,5,13.27,10.69,0.0,1.449,4.795,4.593,15.6,mixed,True,1
20.174,12.042,8.132,0.4031,33.3,91.8,True,s1->s2->c2->c1,San Francisco,O3816,O5557,delivery_only,delivery_only,same_day,on_demand,True,5,19,5.1,10.57,0.0,5.822,6.977,6.22,28.2,both_delivery,True,1
20.343,12.211,8.131,0.3997,56.3,120.0,True,s1->s2->c2->c1,San Francisco,O728,O4424,shop_and_deliver,shop_and_deliver,same_day,on_demand,True,8,18,7.98,11.99,0.0,8.913,8.522,3.299,28.0,both_shop,True,1
13.995,5.873,8.123,0.5804,40.4,120.0,True,s1->s2->c2->c1,San Francisco,O1887,O2273,shop_and_deliver,delivery_only,on_demand,same_day,True,36,7,13.63,11.56,0.0,3.149,5.636,2.723,7.4,mixed,True,1
14.952,6.887,8.065,0.5394,37.8,82.8,True,s1->s2->c2->c1,San Francisco,O3357,O4730,delivery_only,shop_and_deliver,on_demand,same_day,True,17,12,10.62,8.98,0.0,4.584,6.325,2.303,37.2,mixed,True,1
17.638,9.605,8.033,0.4554,73.6,233.3,True,s1->s2->c1->c2,San Francisco,O929,O1285,shop_and_deliver,shop_and_deliver,same_day,same_day,True,10,7,10.71,6.02,0.0,4.556,5.049,7.54,6.7,both_shop,True,1
18.68,10.667,8.014,0.429,39.1,78.4,True,s1->s2->c2->c1,San Francisco,O1117,O2584,shop_and_deliver,delivery_only,on_demand,on_demand,True,5,9,7.78,6.59,0.0,8.371,8.192,2.296,41.6,mixed,True,1
13.629,5.635,7.994,0.5865,47.3,117.6,True,s2->s1->c2->c1,San Francisco,O2761,O4360,shop_and_deliver,shop_and_deliver,on_demand,next_day,False,11,8,7.64,7.64,0.288,2.619,5.338,2.836,2.4,both_shop,True,1
14.927,6.964,7.964,0.5335,42.8,110.6,True,s1->s2->c2->c1,San Francisco,O951,O4062,shop_and_deliver,shop_and_deliver,on_demand,same_day,True,6,3,5.21,4.69,0.0,5.964,6.964,1.0,9.4,both_shop,True,1
22.085,14.126,7.959,0.3604,41.1,111.3,True,s1->s2->c2->c1,San Francisco,O1993,O5114,shop_and_deliver,delivery_only,same_day,on_demand,True,7,10,6.54,7.67,0.0,8.786,8.373,5.34,8.7,mixed,True,1
14.85,6.926,7.923,0.5336,57.8,86.2,True,s1->s2->c2->c1,San Francisco,O2582,O3733,shop_and_deliver,shop_and_deliver,on_demand,next_day,True,12,11,8.629999999999999,8.12,0.0,5.928,6.926,0.999,33.8,both_shop,True,1
15.221,7.302,7.919,0.5203,50.7,78.7,True,s1->s2->c2->c1,San Francisco,O4,O3869,shop_and_deliver,shop_and_deliver,on_demand,on_demand,True,7,11,11.48,9.2,0.0,4.795,6.357,2.507,41.3,both_shop,True,1
17.488,9.581,7.908,0.4522,50.7,107.4,True,s1->s2->c2->c1,San Francisco,O3127,O4763,delivery_only,shop_and_deliver,on_demand,on_demand,True,5,10,6.45,12.98,0.0,7.188,7.548,2.392,12.6,mixed,True,1
13.554,5.809,7.744,0.5714,42.7,102.6,True,s1->s2->c2->c1,San Francisco,O855,O1375,shop_and_deliver,shop_and_deliver,on_demand,same_day,True,21,12,9.17,8.52,0.0,3.199,5.472,2.61,17.4,both_shop,True,1
16.278,8.571,7.706,0.4734,29.4,120.0,True,s1->s2->c2->c1,San Francisco,O1579,O4601,shop_and_deliver,delivery_only,on_demand,same_day,True,12,7,8.74,6.91,0.0,8.163,7.935,0.408,41.7,mixed,True,1
13.925,6.226,7.699,0.5529,25.9,101.2,True,s1->s2->c2->c1,San Francisco,O22,O1073,shop_and_deliver,delivery_only,on_demand,on_demand,True,7,13,7.51,7.74,0.0,2.795,5.247,3.431,18.8,mixed,True,1
12.802,5.12,7.681,0.6,34.3,101.2,True,s1->s2->c2->c1,San Francisco,O1833,O3508,shop_and_deliver,delivery_only,on_demand,same_day,True,13,21,8.84,11.13,0.0,2.544,5.113,2.577,18.8,mixed,True,1
15.235,7.572,7.663,0.503,39.2,110.7,True,s1->s2->c1->c2,San Francisco,O3027,O5985,delivery_only,shop_and_deliver,on_demand,on_demand,True,9,7,12.14,8.76,0.0,3.03,4.543,6.15,9.3,mixed,True,1
15.329,7.682,7.647,0.4988,29.7,120.0,True,s1->s2->c1->c2,San Francisco,O4392,O4806,delivery_only,delivery_only,on_demand,same_day,True,7,5,7.51,5.93,0.0,3.003,4.679,5.971,15.0,both_delivery,True,1
19.643,12.012,7.631,0.3885,56.9,120.0,True,s1->s2->c2->c1,San Francisco,O3851,O5295,shop_and_deliver,shop_and_deliver,same_day,on_demand,True,22,10,12.96,8.67,0.0,8.694,8.163,3.318,40.9,both_shop,True,1
14.466,6.842,7.625,0.5271,25.3,202.3,True,s1->s2->c2->c1,San Francisco,O579,O1881,delivery_only,delivery_only,same_day,same_day,True,11,24,9.19,10.42,0.0,5.794,6.709,1.048,37.7,both_delivery,True,1
12.811,5.198,7.614,0.5943,36.5,120.0,True,s1->s2->c2->c1,San Francisco,O529,O659,delivery_only,shop_and_deliver,same_day,on_demand,True,11,19,10.21,8.91,0.0,2.316,4.965,2.882,27.1,mixed,True,1
12.699,5.108,7.591,0.5978,33.7,112.4,True,s1->s2->c2->c1,San Francisco,O1673,O3177,shop_and_deliver,delivery_only,on_demand,on_demand,True,5,9,7.49,5.77,0.0,2.616,5.104,2.492,7.6,mixed,True,1
13.196,5.62,7.576,0.5741,40.1,111.8,True,s1->s2->c2->c1,San Francisco,O2541,O3839,shop_and_deliver,shop_and_deliver,on_demand,same_day,True,21,8,11.96,7.11,0.0,3.649,5.612,1.971,8.2,both_shop,True,1
13.787,6.215,7.572,0.5492,47.5,120.0,True,s1->s2->c2->c1,San Francisco,O2080,O5119,delivery_only,shop_and_deliver,same_day,on_demand,True,25,12,11.12,8.68,0.0,4.08,5.826,2.135,1.5,mixed,True,1
13.432,5.878,7.554,0.5624,53.1,105.3,True,s1->s2->c2->c1,San Francisco,O81,O5819,shop_and_deliver,shop_and_deliver,next_day,on_demand,True,7,8,9.78,8.870000000000001,0.0,1.544,4.549,4.334,14.7,both_shop,True,1
16.527,9.014,7.513,0.4546,24.5,211.4,True,s1->s2->c2->c1,San Francisco,O2191,O5258,delivery_only,delivery_only,same_day,same_day,True,30,14,12.19,9.36,0.0,4.48,5.996,4.534,28.6,both_delivery,True,1
12.048,4.576,7.471,0.6201,37.5,76.6,True,s1->s2->c2->c1,San Francisco,O156,O1521,shop_and_deliver,delivery_only,on_demand,on_demand,True,12,14,8.5,8.07,0.0,1.671,4.571,2.905,43.4,mixed,True,1
14.949,7.489,7.46,0.499,35.5,120.0,True,s1->s2->c2->c1,San Francisco,O1807,O1946,shop_and_deliver,delivery_only,on_demand,same_day,False,10,35,6.68,13.88,0.376,2.71,5.424,4.404,7.6,mixed,True,1
16.825,9.375,7.45,0.4428,33.7,217.2,True,s1->s2->c2->c1,San Francisco,O4848,O5759,delivery_only,shop_and_deliver,same_day,same_day,False,8,3,7.16,5.63,0.376,3.805,5.789,5.195,22.8,mixed,True,1
16.205,8.76,7.445,0.4594,65.7,119.9,True,s1->s2->c2->c1,San Francisco,O2349,O5227,shop_and_deliver,shop_and_deliver,same_day,on_demand,True,9,26,9.13,15.29,0.0,5.684,6.564,3.076,0.1,both_shop,True,1
14.139,6.75,7.389,0.5226,55.0,1429.1,True,s1->s2->c2->c1,San Francisco,O90,O3998,shop_and_deliver,shop_and_deliver,next_day,next_day,True,9,10,6.08,13.73,0.0,2.175,4.782,4.575,10.9,both_shop,True,1
17.383,10.014,7.37,0.4239,37.7,209.2,True,s1->s2->c1->c2,San Francisco,O5082,O5214,delivery_only,shop_and_deliver,next_day,same_day,True,14,15,11.02,9.47,0.0,5.346,4.668,8.047,30.8,mixed,True,1
15.221,7.882,7.339,0.4822,24.0,120.0,True,s1->s2->c2->c1,San Francisco,O3412,O4142,delivery_only,delivery_only,on_demand,same_day,True,10,8,10.01,8.07,0.0,6.303,6.821,1.58,39.6,both_delivery,True,1
11.326,4.013,7.313,0.6457,34.7,118.2,True,s1->s2->c1->c2,San Francisco,O559,O5466,delivery_only,shop_and_deliver,on_demand,next_day,True,20,16,9.69,10.22,0.0,0.347,3.666,3.993,1.8,mixed,True,1
14.836,7.546,7.29,0.4914,37.0,120.0,True,s1->s2->c1->c2,San Francisco,O466,O4125,shop_and_deliver,delivery_only,on_demand,same_day,True,2,14,4.37,7.16,0.0,3.854,3.693,7.451,41.5,mixed,True,1
14.971,7.692,7.279,0.4862,38.8,104.3,True,s1->s2->c2->c1,San Francisco,O2199,O3860,shop_and_deliver,delivery_only,next_day,on_demand,True,9,7,7.81,6.32,0.0,7.022,7.151,0.67,15.7,mixed,True,1
11.665,4.387,7.277,0.6239,19.4,80.3,True,s2->s1->c2->c1,San Francisco,O1487,O4173,delivery_only,delivery_only,on_demand,on_demand,False,17,11,9.02,6.77,0.376,0.889,3.906,3.482,39.7,both_delivery,True,1
13.437,6.23,7.207,0.5363,44.5,239.6,True,s1->s2->c2->c1,San Francisco,O1344,O2694,shop_and_deliver,delivery_only,same_day,same_day,True,13,12,8.04,8.43,0.0,5.021,6.114,1.209,0.4,mixed,True,1
12.117,4.911,7.206,0.5947,33.3,230.9,True,s1->s2->c2->c1,San Francisco,O1419,O2112,delivery_only,shop_and_deliver,same_day,next_day,True,16,10,9.1,6.89,0.0,0.95,4.078,3.962,9.1,mixed,True,1
12.898,5.706,7.192,0.5576,29.9,120.0,True,s1->s2->c1->c2,San Francisco,O1701,O3634,delivery_only,shop_and_deliver,same_day,on_demand,True,10,12,8.14,7.11,0.0,2.062,3.644,5.609,0.7,mixed,True,1
12.759,5.599,7.16,0.5612,38.3,225.0,True,s1->s2->c1->c2,San Francisco,O3116,O3214,shop_and_deliver,shop_and_deliver,same_day,same_day,True,3,5,7.17,7.14,0.0,1.966,3.633,5.494,15.0,both_shop,True,1
16.609,9.45,7.159,0.431,69.7,88.6,True,s1->s2->c2->c1,San Francisco,O2441,O5048,shop_and_deliver,shop_and_deliver,on_demand,on_demand,True,16,7,10.17,6.09,0.0,6.425,6.792,3.025,31.4,both_shop,True,1
11.344,4.191,7.153,0.6305,26.4,120.0,True,s1->s2->c2->c1,San Francisco,O548,O1020,shop_and_deliver,delivery_only,on_demand,same_day,False,9,8,8.11,7.86,0.119,0.676,3.971,3.396,34.8,mixed,True,1
13.527,6.379,7.149,0.5285,44.0,205.9,True,s1->s2->c2->c1,San Francisco,O3279,O4546,shop_and_deliver,shop_and_deliver,same_day,same_day,True,8,11,8.190000000000001,7.0,0.0,3.415,5.282,2.963,34.1,both_shop,True,1
13.263,6.127,7.136,0.538,25.3,105.7,True,s1->s2->c1->c2,San Francisco,O2747,O4020,delivery_only,delivery_only,on_demand,on_demand,True,9,13,8.059999999999999,9.28,0.0,1.765,4.363,4.538,14.3,both_delivery,True,1
13.75,6.622,7.128,0.5184,43.2,120.0,True,s1->s2->c1->c2,San Francisco,O2115,O5317,shop_and_deliver,delivery_only,on_demand,next_day,False,21,29,12.57,11.96,0.119,2.458,4.055,5.65,30.5,mixed,True,1
11.041,3.92,7.121,0.645,34.8,1397.8,True,s1->s2->c2->c1,San Francisco,O1295,O4128,shop_and_deliver,delivery_only,next_day,next_day,True,10,11,9.68,7.39,0.0,0.618,3.87,3.302,42.2,mixed,True,1
12.75,5.631,7.119,0.5584,19.7,99.5,True,s1->s2->c1->c2,San Francisco,O1671,O1716,delivery_only,delivery_only,on_demand,next_day,True,3,11,5.13,8.03,0.0,1.734,3.897,4.956,20.5,both_delivery,True,1
10.847,3.763,7.084,0.6531,29.1,232.8,True,s1->s2->c2->c1,San Francisco,O516,O2126,delivery_only,shop_and_deliver,next_day,same_day,True,5,16,8.95,8.35,0.0,0.187,3.635,3.576,7.2,mixed,True,1
13.973,6.897,7.076,0.5064,72.6,80.6,True,s1->s2->c1->c2,San Francisco,O2254,O2804,shop_and_deliver,shop_and_deliver,same_day,on_demand,True,18,25,10.46,11.97,0.0,3.079,3.818,6.337,39.4,both_shop,True,1
12.619,5.575,7.044,0.5582,36.1,98.5,True,s1->s2->c2->c1,San Francisco,O149,O795,shop_and_deliver,delivery_only,same_day,on_demand,True,4,10,6.74,9.15,0.0,2.15,4.597,3.425,21.5,mixed,True,1
11.827,4.8,7.028,0.5942,49.9,222.7,True,s1->s2->c2->c1,San Francisco,O3524,O4947,shop_and_deliver,shop_and_deliver,same_day,same_day,True,12,17,8.49,9.01,0.0,2.004,4.516,2.796,17.3,both_shop,True,1
14.422,7.409,7.013,0.4863,41.9,198.1,True,s2->s1->c2->c1,San Francisco,O169,O1991,delivery_only,shop_and_deliver,same_day,next_day,False,21,8,8.81,6.75,0.119,4.917,6.039,2.41,41.9,mixed,True,1
14.259,7.25,7.009,0.4915,49.9,120.0,True,s1->s2->c1->c2,San Francisco,O492,O3120,shop_and_deliver,shop_and_deliver,on_demand,same_day,True,6,9,7.01,6.59,0.0,2.856,4.395,5.47,43.2,both_shop,True,1
11.534,4.537,6.997,0.6067,16.5,120.0,True,s1->s2->c2->c1,San Francisco,O4091,O4387,delivery_only,delivery_only,on_demand,same_day,True,12,2,9.43,5.52,0.0,0.801,3.899,3.736,17.0,both_delivery,True,1
12.866,5.874,6.992,0.5434,25.5,95.5,True,s1->s2->c2->c1,San Francisco,O1539,O5585,delivery_only,shop_and_deliver,on_demand,on_demand,True,20,3,10.02,9.02,0.0,4.608,5.8,1.266,24.5,mixed,True,1
14.426,7.468,6.958,0.4823,35.2,231.2,True,s1->s2->c2->c1,San Francisco,O16,O5967,delivery_only,shop_and_deliver,same_day,same_day,True,6,14,6.74,9.24,0.0,3.993,5.476,3.475,8.8,mixed,True,1
11.448,4.517,6.931,0.6055,23.8,120.0,True,s1->s2->c2->c1,San Francisco,O3405,O5158,shop_and_deliver,delivery_only,same_day,on_demand,True,6,13,6.28,12.16,0.0,1.908,4.419,2.609,36.7,mixed,True,1
12.159,5.235,6.924,0.5694,33.2,237.5,True,s1->s2->c1->c2,San Francisco,O2318,O5549,shop_and_deliver,delivery_only,same_day,same_day,True,7,12,6.32,8.71,0.0,1.765,3.47,5.219,2.5,mixed,True,1
14.15,7.233,6.917,0.4888,37.5,120.0,True,s1->s2->c2->c1,San Francisco,O1667,O3893,delivery_only,shop_and_deliver,same_day,on_demand,True,27,8,12.8,8.13,0.0,4.515,5.716,2.718,34.3,mixed,True,1
13.571,6.655,6.916,0.5096,57.0,120.0,True,s1->s2->c2->c1,San Francisco,O225,O2711,shop_and_deliver,shop_and_deliver,on_demand,same_day,True,11,7,6.48,5.8,0.0,3.454,5.185,3.201,32.1,both_shop,True,1
12.382,5.54,6.842,0.5526,46.8,113.2,True,s1->s2->c2->c1,San Francisco,O33,O3288,shop_and_deliver,shop_and_deliver,on_demand,same_day,True,16,13,9.18,7.32,0.0,2.924,4.883,2.616,6.8,both_shop,True,1
14.282,7.449,6.833,0.4784,32.4,103.9,True,s1->s2->c2->c1,San Francisco,O2465,O4740,shop_and_deliver,delivery_only,on_demand,on_demand,True,6,16,5.77,10.39,0.0,6.026,6.43,1.422,16.1,mixed,True,1
10.803,3.999,6.804,0.6299,74.5,240.0,True,s1->s2->c2->c1,San Francisco,O2249,O2759,shop_and_deliver,shop_and_deliver,same_day,next_day,True,21,6,10.46,10.06,0.0,1.144,3.974,2.855,32.5,both_shop,True,1
11.244,4.453,6.792,0.604,45.4,1422.5,True,s1->s2->c2->c1,San Francisco,O1584,O4686,delivery_only,shop_and_deliver,next_day,next_day,True,11,17,10.4,8.69,0.0,1.461,4.126,2.991,17.5,mixed,True,1
17.536,10.746,6.79,0.3872,67.1,115.2,True,s2->s1->c1->c2,San Francisco,O2498,O3201,shop_and_deliver,shop_and_deliver,same_day,on_demand,False,8,11,6.91,7.89,0.119,4.878,5.75,5.931,4.8,both_shop,True,1
12.346,5.564,6.782,0.5494,31.0,120.0,True,s1->s2->c2->c1,San Francisco,O5412,O5696,delivery_only,shop_and_deliver,next_day,on_demand,True,15,2,11.55,6.55,0.0,2.348,4.565,3.216,34.1,mixed,True,1
10.753,3.979,6.774,0.63,44.4,114.4,True,s1->s2->c2->c1,San Francisco,O2508,O5489,shop_and_deliver,delivery_only,on_demand,on_demand,False,24,4,12.49,5.61,0.119,0.475,3.729,3.386,5.6,mixed,True,1
11.743,4.971,6.771,0.5767,36.4,216.4,True,s1->s2->c2->c1,San Francisco,O903,O3413,shop_and_deliver,shop_and_deliver,same_day,same_day,False,6,5,6.51,5.78,0.376,1.884,4.52,2.712,23.6,both_shop,True,1
13.813,7.047,6.766,0.4898,41.2,87.4,True,s1->s2->c1->c2,San Francisco,O2490,O4011,delivery_only,shop_and_deliver,on_demand,on_demand,True,5,18,12.12,9.62,0.0,3.113,3.934,5.946,32.6,mixed,True,1
13.498,6.764,6.734,0.4989,32.8,85.9,True,s1->s2->c2->c1,San Francisco,O696,O1802,shop_and_deliver,delivery_only,on_demand,next_day,True,2,27,6.55,12.63,0.0,4.007,5.371,2.757,34.1,mixed,True,1
11.66,4.95,6.71,0.5754,48.7,92.0,True,s1->s2->c2->c1,San Francisco,O3240,O5838,delivery_only,shop_and_deliver,same_day,on_demand,True,19,18,10.12,12.54,0.0,1.931,4.32,3.019,28.0,mixed,True,1
12.085,5.415,6.67,0.5519,39.5,120.0,True,s1->s2->c2->c1,San Francisco,O723,O2277,shop_and_deliver,shop_and_deliver,next_day,on_demand,True,5,10,7.35,12.68,0.0,3.371,5.02,2.045,4.2,both_shop,True,1
11.457,4.816,6.641,0.5796,21.9,115.9,True,s1->s2->c1->c2,San Francisco,O1815,O5364,delivery_only,delivery_only,on_demand,on_demand,True,13,11,6.93,8.71,0.0,1.004,3.812,3.833,4.1,both_delivery,True,1
10.928,4.293,6.635,0.6072,33.8,120.0,True,s1->s2->c2->c1,San Francisco,O636,O823,shop_and_deliver,shop_and_deliver,same_day,on_demand,True,10,4,9.81,4.59,0.0,1.556,4.095,2.737,33.5,both_shop,True,1
12.089,5.459,6.63,0.5484,54.9,120.0,True,s2->s1->c1->c2,San Francisco,O1007,O2227,shop_and_deliver,shop_and_deliver,same_day,on_demand,False,7,8,5.48,11.27,0.288,1.571,3.6,4.671,12.2,both_shop,True,1
25.024,18.44,6.584,0.2631,86.1,207.8,True,s1->s2->c2->c1,San Francisco,O117,O2884,delivery_only,shop_and_deliver,same_day,same_day,True,3,9,5.5,7.51,0.0,14.236,10.41,4.204,32.2,mixed,True,1
13.177,6.629,6.548,0.4969,23.4,120.0,True,s1->s2->c2->c1,San Francisco,O1916,O4175,delivery_only,delivery_only,on_demand,same_day,True,11,6,10.06,5.89,0.0,5.783,6.166,0.845,30.4,both_delivery,True,1
14.606,8.059,6.547,0.4482,43.5,120.0,True,s1->s2->c1->c2,San Francisco,O4510,O4918,delivery_only,shop_and_deliver,on_demand,next_day,True,22,12,11.04,7.58,0.0,4.261,3.798,7.01,43.6,mixed,True,1
13.988,7.448,6.54,0.4675,50.3,101.9,True,s1->s2->c1->c2,San Francisco,O2308,O5817,shop_and_deliver,shop_and_deliver,on_demand,on_demand,True,4,4,6.24,5.18,0.0,3.666,3.782,6.424,18.1,both_shop,True,1
11.602,5.072,6.53,0.5628,31.5,120.0,True,s1->s2->c2->c1,San Francisco,O1049,O2058,shop_and_deliver,delivery_only,same_day,on_demand,False,10,29,10.76,11.83,0.376,1.036,4.14,3.661,3.0,mixed,True,1
11.916,5.392,6.524,0.5475,30.9,202.5,True,s1->s2->c2->c1,San Francisco,O652,O5577,delivery_only,shop_and_deliver,same_day,same_day,True,13,9,10.7,8.22,0.0,4.151,5.337,1.241,37.5,mixed,True,1
12.217,5.696,6.521,0.5337,22.0,240.0,True,s1->s2->c2->c1,San Francisco,O1323,O2139,delivery_only,shop_and_deliver,same_day,next_day,True,26,2,10.81,6.89,0.0,2.878,4.699,2.818,6.1,mixed,True,1
10.988,4.48,6.508,0.5923,30.3,238.5,True,s1->s2->c2->c1,San Francisco,O3603,O5789,shop_and_deliver,shop_and_deliver,same_day,same_day,True,4,15,6.36,8.94,0.0,2.208,4.358,2.271,1.5,both_shop,True,1
15.692,9.203,6.489,0.4135,30.8,80.8,True,s1->s2->c2->c1,San Francisco,O3029,O3401,delivery_only,delivery_only,same_day,on_demand,True,9,10,8.1,11.22,0.0,6.083,6.286,3.12,39.2,both_delivery,True,1
11.397,4.92,6.477,0.5683,36.7,1416.8,True,s1->s2->c2->c1,San Francisco,O2095,O2157,shop_and_deliver,shop_and_deliver,next_day,next_day,True,11,7,8.71,5.43,0.0,1.683,4.08,3.237,23.2,both_shop,True,1
12.355,5.906,6.449,0.522,31.5,92.4,True,s1->s2->c2->c1,San Francisco,O1955,O2910,delivery_only,shop_and_deliver,on_demand,next_day,True,7,4,6.77,8.29,0.0,4.898,5.674,1.008,27.6,mixed,True,1
14.199,7.753,6.446,0.454,28.5,107.2,True,s2->s1->c2->c1,San Francisco,O5939,O5946,delivery_only,shop_and_deliver,on_demand,same_day,False,13,2,8.6,4.54,0.376,6.574,6.791,0.943,12.8,mixed,True,1
11.087,4.664,6.423,0.5793,33.5,103.0,True,s1->s2->c2->c1,San Francisco,O2969,O5409,shop_and_deliver,shop_and_deliver,on_demand,on_demand,True,10,13,8.47,9.36,0.0,2.144,4.283,2.521,17.0,both_shop,True,1
11.945,5.548,6.396,0.5355,43.3,93.4,True,s1->s2->c2->c1,San Francisco,O5003,O5931,shop_and_deliver,shop_and_deliver,on_demand,same_day,True,7,13,7.27,11.72,0.0,3.92,5.158,1.629,26.6,both_shop,True,1
11.864,5.469,6.395,0.539,38.6,120.0,True,s1->s2->c2->c1,San Francisco,O1028,O3537,delivery_only,shop_and_deliver,on_demand,same_day,True,12,9,10.14,11.65,0.0,2.886,4.641,2.583,21.5,mixed,True,1
15.306,8.918,6.387,0.4173,49.1,203.5,True,s1->s2->c2->c1,San Francisco,O1678,O4925,shop_and_deliver,delivery_only,same_day,same_day,True,13,36,11.63,14.75,0.0,7.863,7.125,1.055,36.5,mixed,True,1
12.94,6.572,6.368,0.4921,59.7,218.5,True,s1->s2->c2->c1,San Francisco,O3560,O5743,shop_and_deliver,shop_and_deliver,same_day,same_day,True,24,6,12.2,6.62,0.0,3.428,4.898,3.144,21.5,both_shop,True,1
12.476,6.115,6.361,0.5099,27.8,218.6,True,s1->s2->c2->c1,San Francisco,O2960,O4902,delivery_only,shop_and_deliver,same_day,same_day,True,6,2,6.4,5.36,0.0,2.906,4.634,3.209,21.4,mixed,True,1
12.781,6.427,6.354,0.4972,45.9,240.0,True,s1->s2->c2->c1,San Francisco,O2957,O5335,shop_and_deliver,shop_and_deliver,same_day,next_day,True,18,10,10.12,8.19,0.0,4.412,5.383,2.015,1.4,both_shop,True,1
10.723,4.445,6.279,0.5855,25.9,207.2,True,s1->s2->c1->c2,San Francisco,O275,O4102,shop_and_deliver,delivery_only,same_day,same_day,True,1,4,6.67,9.41,0.0,1.091,3.353,4.016,32.8,mixed,True,1
15.922,9.671,6.251,0.3926,39.7,234.9,True,s1->s2->c2->c1,San Francisco,O92,O3421,shop_and_deliver,shop_and_deliver,same_day,same_day,True,22,5,11.3,7.3,0.0,7.833,7.042,1.838,5.1,both_shop,True,1
10.711,4.478,6.233,0.5819,47.6,104.4,True,s1->s2->c2->c1,San Francisco,O4061,O4482,shop_and_deliver,shop_and_deliver,on_demand,same_day,True,12,6,8.99,5.84,0.0,1.367,3.8,3.112,15.6,both_shop,True,1
9.578,3.357,6.221,0.6495,43.7,120.0,True,s1->s2->c2->c1,San Francisco,O802,O5449,shop_and_deliver,shop_and_deliver,on_demand,same_day,True,5,10,5.65,6.81,0.0,0.494,3.357,2.864,30.8,both_shop,True,1
12.168,5.959,6.209,0.5103,18.6,240.0,True,s1->s2->c2->c1,San Francisco,O917,O1060,delivery_only,delivery_only,same_day,next_day,True,3,16,5.5,9.75,0.0,2.648,4.429,3.311,9.3,both_delivery,True,1
10.417,4.224,6.193,0.5945,53.5,203.3,True,s1->s2->c2->c1,San Francisco,O965,O3141,shop_and_deliver,shop_and_deliver,same_day,same_day,True,5,20,7.61,11.36,0.0,1.97,4.081,2.254,36.7,both_shop,True,1
10.938,4.751,6.187,0.5656,52.8,94.7,True,s2->s1->c2->c1,San Francisco,O2554,O4650,shop_and_deliver,shop_and_deliver,on_demand,on_demand,False,12,8,6.64,6.6,0.119,1.412,3.746,3.328,25.3,both_shop,True,1
10.878,4.715,6.163,0.5665,48.7,224.3,True,s1->s2->c1->c2,San Francisco,O1034,O4269,shop_and_deliver,shop_and_deliver,same_day,same_day,True,6,30,6.43,12.78,0.0,1.387,3.328,4.221,15.7,both_shop,True,1
10.758,4.616,6.143,0.571,23.8,1420.2,True,s1->s2->c2->c1,San Francisco,O1304,O2087,delivery_only,shop_and_deliver,next_day,next_day,True,8,2,8.24,4.31,0.0,2.95,4.546,1.666,19.8,mixed,True,1
11.757,5.641,6.115,0.5202,19.7,213.7,True,s1->s2->c2->c1,San Francisco,O4059,O4729,delivery_only,delivery_only,same_day,same_day,True,5,2,8.43,10.9,0.0,5.132,5.623,0.51,26.3,both_delivery,True,1
11.631,5.518,6.113,0.5256,30.5,120.0,True,s1->s2->c2->c1,San Francisco,O1169,O2445,delivery_only,shop_and_deliver,on_demand,same_day,True,4,11,6.86,7.17,0.0,4.642,5.378,0.876,43.8,mixed,True,1
14.88,8.783,6.097,0.4097,55.3,120.0,True,s1->s2->c2->c1,San Francisco,O4222,O4989,delivery_only,shop_and_deliver,on_demand,same_day,False,18,8,9.0,9.56,0.288,5.152,5.661,3.344,17.9,mixed,True,1
10.153,4.109,6.044,0.5953,55.4,120.0,True,s1->s2->c2->c1,San Francisco,O2605,O2783,shop_and_deliver,shop_and_deliver,on_demand,same_day,True,14,23,11.76,10.58,0.0,0.942,3.493,3.167,31.3,both_shop,True,1
12.106,6.109,5.997,0.4954,47.4,210.5,True,s1->s2->c1->c2,San Francisco,O788,O5869,delivery_only,shop_and_deliver,same_day,same_day,True,12,14,9.5,8.4,0.0,2.414,3.695,4.716,29.5,mixed,True,1
13.44,7.474,5.966,0.4439,28.3,232.5,True,s1->s2->c2->c1,San Francisco,O1971,O4711,delivery_only,shop_and_deliver,same_day,same_day,True,6,15,9.27,13.51,0.0,4.667,5.316,2.807,7.5,mixed,True,1
11.48,5.532,5.948,0.5181,34.8,80.7,True,s1->s2->c2->c1,San Francisco,O1003,O3355,shop_and_deliver,delivery_only,on_demand,on_demand,True,1,5,4.65,5.57,0.0,2.871,4.409,2.661,39.3,mixed,True,1
16.879,10.935,5.944,0.3522,61.2,198.0,True,s1->s2->c2->c1,San Francisco,O2306,O4867,shop_and_deliver,shop_and_deliver,same_day,same_day,True,9,6,9.77,6.1,0.0,9.182,7.563,1.754,42.0,both_shop,True,1
12.768,6.844,5.924,0.464,41.7,120.0,True,s1->s2->c2->c1,San Francisco,O1491,O1548,shop_and_deliver,shop_and_deliver,same_day,on_demand,True,22,2,11.71,6.29,0.0,5.05,5.487,1.794,23.8,both_shop,True,1
9.889,3.977,5.912,0.5979,18.2,81.1,True,s1->s2->c2->c1,San Francisco,O1497,O1633,delivery_only,delivery_only,next_day,on_demand,True,15,19,9.64,10.55,0.0,1.996,3.954,1.981,38.9,both_delivery,True,1
11.634,5.727,5.907,0.5077,35.3,120.0,True,s2->s1->c2->c1,San Francisco,O1340,O3126,shop_and_deliver,delivery_only,on_demand,same_day,False,6,11,5.97,12.17,0.119,4.156,4.985,1.57,35.1,mixed,True,1
16.899,10.999,5.9,0.3491,84.8,120.0,True,s1->s2->c1->c2,San Francisco,O1273,O5832,shop_and_deliver,shop_and_deliver,next_day,on_demand,True,6,18,9.01,14.33,0.0,7.668,3.331,10.237,12.5,both_shop,True,1
17.903,12.015,5.888,0.3289,45.9,120.0,True,s1->s2->c2->c1,San Francisco,O3332,O3547,delivery_only,shop_and_deliver,same_day,on_demand,True,18,5,13.89,7.55,0.0,9.966,7.927,2.049,40.7,mixed,True,1
11.076,5.202,5.875,0.5304,38.4,214.8,True,s1->s2->c1->c2,San Francisco,O140,O1147,delivery_only,shop_and_deliver,same_day,same_day,True,7,6,11.99,5.98,0.0,1.777,3.425,4.226,25.2,mixed,True,1
11.971,6.108,5.862,0.4897,55.4,76.1,True,s1->s2->c2->c1,San Francisco,O1630,O5329,shop_and_deliver,shop_and_deliver,same_day,on_demand,True,12,6,8.98,10.24,0.0,3.591,4.726,2.518,43.9,both_shop,True,1
9.843,4.013,5.831,0.5923,33.5,221.6,True,s1->s2->c2->c1,San Francisco,O3077,O5265,shop_and_deliver,delivery_only,same_day,same_day,True,9,2,8.84,8.76,0.0,0.997,3.414,3.015,18.4,mixed,True,1
9.81,3.983,5.827,0.594,65.7,240.0,True,s1->s2->c2->c1,San Francisco,O2229,O4795,shop_and_deliver,shop_and_deliver,next_day,same_day,True,17,10,12.5,7.39,0.0,2.133,3.98,1.85,18.8,both_shop,True,1
16.991,11.171,5.82,0.3425,59.5,84.5,True,s1->s2->c1->c2,San Francisco,O1559,O5589,shop_and_deliver,delivery_only,on_demand,on_demand,True,15,13,12.88,8.21,0.0,6.086,5.085,6.822,35.5,mixed,True,1
13.378,7.573,5.804,0.4339,52.7,115.7,True,s1->s2->c1->c2,San Francisco,O3856,O4695,shop_and_deliver,shop_and_deliver,on_demand,on_demand,True,11,6,10.6,6.95,0.0,4.206,3.367,6.643,4.3,both_shop,True,1
16.245,10.479,5.766,0.3549,38.5,240.0,True,s1->s2->c2->c1,San Francisco,O1923,O3761,delivery_only,shop_and_deliver,same_day,next_day,True,11,7,9.29,9.19,0.0,5.791,5.778,4.689,0.2,mixed,True,1
10.782,5.019,5.763,0.5345,47.0,120.0,True,s1->s2->c1->c2,San Francisco,O4473,O5728,shop_and_deliver,shop_and_deliver,next_day,on_demand,False,8,18,5.97,10.07,0.376,1.582,3.418,4.302,23.6,both_shop,True,1
12.367,6.615,5.752,0.4651,35.2,218.4,True,s2->s1->c1->c2,San Francisco,O54,O1938,delivery_only,shop_and_deliver,same_day,same_day,False,24,10,13.75,8.35,0.376,3.374,2.865,6.308,21.6,mixed,True,1
11.513,5.771,5.743,0.4988,26.8,237.8,True,s1->s2->c2->c1,San Francisco,O2491,O2720,delivery_only,shop_and_deliver,same_day,same_day,True,31,10,14.06,6.37,0.0,2.262,4.002,3.509,2.2,mixed,True,1
10.313,4.57,5.743,0.5568,40.4,240.0,True,s1->s2->c2->c1,San Francisco,O4009,O4490,shop_and_deliver,shop_and_deliver,same_day,next_day,True,7,1,7.88,6.16,0.0,2.962,4.352,1.608,22.6,both_shop,True,1
10.487,4.756,5.731,0.5465,25.8,120.0,True,s1->s2->c2->c1,San Francisco,O638,O1276,shop_and_deliver,delivery_only,on_demand,same_day,True,18,15,9.54,8.49,0.0,3.308,4.519,1.448,19.6,mixed,True,1
10.447,4.73,5.717,0.5472,32.9,75.3,True,s1->s2->c1->c2,San Francisco,O2375,O2974,shop_and_deliver,shop_and_deliver,on_demand,on_demand,True,7,6,10.93,5.92,0.0,1.834,2.896,4.655,44.7,both_shop,True,1
11.547,5.833,5.713,0.4948,27.6,199.2,True,s1->s2->c2->c1,San Francisco,O667,O4936,shop_and_deliver,delivery_only,same_day,same_day,True,13,5,10.42,6.56,0.0,4.486,5.1,1.347,40.8,mixed,True,1
9.718,4.051,5.667,0.5832,43.8,208.4,True,s1->s2->c2->c1,San Francisco,O2620,O2875,shop_and_deliver,shop_and_deliver,next_day,same_day,True,14,3,9.04,6.87,0.0,1.534,3.601,2.517,31.6,both_shop,True,1
10.621,4.966,5.656,0.5325,61.8,120.0,True,s1->s2->c2->c1,San Francisco,O139,O1190,shop_and_deliver,shop_and_deliver,on_demand,next_day,True,17,17,9.93,11.35,0.0,4.082,4.869,0.883,13.8,both_shop,True,1
12.293,6.636,5.656,0.4601,53.2,116.0,True,s1->s2->c2->c1,San Francisco,O4960,O5926,shop_and_deliver,shop_and_deliver,on_demand,on_demand,True,9,16,8.63,9.14,0.0,6.259,5.958,0.377,4.0,both_shop,True,1
9.656,4.0,5.655,0.5857,37.2,120.0,True,s1->s2->c2->c1,San Francisco,O602,O5314,shop_and_deliver,delivery_only,on_demand,same_day,True,7,11,7.71,7.34,0.0,2.299,3.977,1.701,2.4,mixed,True,1
13.622,7.974,5.648,0.4146,49.7,78.1,True,s1->s2->c1->c2,San Francisco,O747,O5768,shop_and_deliver,shop_and_deliver,on_demand,next_day,True,4,4,6.77,11.58,0.0,3.725,4.249,5.125,41.9,both_shop,True,1
14.278,8.639,5.638,0.3949,43.7,87.7,True,s1->s2->c2->c1,San Francisco,O1586,O3646,shop_and_deliver,delivery_only,on_demand,same_day,True,7,10,11.77,9.31,0.0,7.01,6.324,1.629,32.3,mixed,True,1
16.912,11.331,5.58,0.33,37.3,108.0,True,s1->s2->c2->c1,San Francisco,O2947,O4840,delivery_only,shop_and_deliver,same_day,on_demand,True,21,14,11.33,9.89,0.0,8.961,7.271,2.37,12.0,mixed,True,1
10.594,5.024,5.57,0.5258,17.2,96.3,True,s1->s2->c1->c2,San Francisco,O305,O2997,delivery_only,delivery_only,same_day,on_demand,True,10,6,7.57,9.16,0.0,1.775,3.249,4.095,23.7,both_delivery,True,1
14.68,9.157,5.523,0.3762,67.3,232.3,True,s1->s2->c2->c1,San Francisco,O1162,O5181,shop_and_deliver,delivery_only,same_day,same_day,True,23,14,14.69,7.85,0.0,5.526,5.525,3.63,7.7,mixed,True,1
9.537,4.048,5.49,0.5756,24.2,89.5,True,s1->s2->c2->c1,San Francisco,O265,O3833,delivery_only,shop_and_deliver,next_day,on_demand,True,19,6,8.73,8.59,0.0,2.43,3.96,1.617,30.5,mixed,True,1
12.127,6.718,5.41,0.4461,47.2,214.6,True,s1->s2->c2->c1,San Francisco,O2468,O3757,shop_and_deliver,delivery_only,same_day,same_day,True,13,10,10.76,7.33,0.0,5.563,5.486,1.155,25.4,mixed,True,1
11.879,6.469,5.41,0.4554,21.5,216.3,True,s1->s2->c2->c1,San Francisco,O2046,O4966,delivery_only,delivery_only,same_day,next_day,True,7,23,8.89,12.19,0.0,5.71,5.56,0.759,23.7,both_delivery,True,1
12.603,7.199,5.404,0.4288,30.6,96.0,True,s1->s2->c2->c1,San Francisco,O1797,O3071,shop_and_deliver,delivery_only,on_demand,on_demand,True,7,7,6.5,8.98,0.0,3.202,4.303,3.997,24.0,mixed,True,1
9.999,4.604,5.395,0.5396,43.2,233.3,True,s1->s2->c2->c1,San Francisco,O2890,O5177,delivery_only,shop_and_deliver,next_day,same_day,True,14,11,9.05,7.02,0.0,3.066,4.23,1.539,6.7,mixed,True,1
9.184,3.802,5.381,0.586,64.0,114.7,True,s1->s2->c1->c2,San Francisco,O388,O908,shop_and_deliver,shop_and_deliver,on_demand,same_day,True,20,6,9.27,11.89,0.0,0.931,2.871,3.441,5.3,both_shop,True,1
11.938,6.573,5.364,0.4494,31.7,203.1,True,s1->s2->c1->c2,San Francisco,O4207,O4818,shop_and_deliver,delivery_only,next_day,same_day,True,10,5,9.8,6.47,0.0,3.249,3.325,5.289,36.9,mixed,True,1
9.033,3.689,5.344,0.5916,19.3,77.1,True,s2->s1->c1->c2,San Francisco,O4499,O5730,delivery_only,delivery_only,on_demand,on_demand,False,7,34,7.04,13.62,0.288,0.623,2.778,3.298,42.9,both_delivery,True,1
13.524,8.182,5.342,0.395,48.1,1424.1,True,s1->s2->c2->c1,San Francisco,O639,O1785,delivery_only,shop_and_deliver,next_day,next_day,True,4,14,8.79,8.28,0.0,7.175,6.258,1.008,15.9,mixed,True,1
9.075,3.735,5.34,0.5885,35.6,120.0,True,s1->s2->c1->c2,San Francisco,O2228,O3828,delivery_only,shop_and_deliver,same_day,on_demand,True,15,16,9.78,8.6,0.0,0.852,2.882,3.31,43.0,mixed,True,1
9.7,4.367,5.333,0.5498,71.8,100.3,True,s1->s2->c2->c1,San Francisco,O4178,O5989,shop_and_deliver,shop_and_deliver,on_demand,same_day,True,10,25,7.65,13.61,0.0,3.129,4.231,1.238,19.7,both_shop,True,1
11.461,6.132,5.33,0.465,58.2,120.0,True,s1->s2->c2->c1,San Francisco,O631,O1753,shop_and_deliver,shop_and_deliver,on_demand,same_day,True,3,18,4.42,10.36,0.0,4.909,5.119,1.223,32.9,both_shop,True,1
16.105,10.795,5.31,0.3297,61.2,107.5,True,s1->s2->c2->c1,San Francisco,O177,O3748,shop_and_deliver,shop_and_deliver,on_demand,next_day,True,6,4,5.7,10.25,0.0,5.465,5.388,5.33,12.5,both_shop,True,1
10.499,5.197,5.302,0.505,81.1,105.1,True,s1->s2->c2->c1,San Francisco,O630,O2134,shop_and_deliver,shop_and_deliver,on_demand,on_demand,True,15,33,9.92,14.47,0.0,3.278,4.29,1.919,14.9,both_shop,True,1
9.717,4.418,5.3,0.5454,42.9,120.0,True,s1->s2->c2->c1,San Francisco,O2833,O5342,shop_and_deliver,delivery_only,same_day,on_demand,True,20,9,12.12,7.36,0.0,3.527,4.413,0.891,41.8,mixed,True,1
14.069,8.8,5.269,0.3745,60.4,1422.8,True,s1->s2->c2->c1,San Francisco,O3159,O3594,shop_and_deliver,delivery_only,next_day,next_day,True,29,17,11.55,7.76,0.0,5.556,5.413,3.244,17.2,mixed,True,1
13.911,8.673,5.239,0.3766,44.7,220.4,True,s1->s2->c2->c1,San Francisco,O509,O4725,shop_and_deliver,delivery_only,same_day,same_day,True,12,4,11.27,9.64,0.0,6.291,5.765,2.382,19.6,mixed,True,1
11.292,6.057,5.236,0.4636,33.1,98.2,True,s1->s2->c2->c1,San Francisco,O4262,O5018,delivery_only,shop_and_deliver,on_demand,same_day,True,10,8,6.96,8.22,0.0,5.218,5.227,0.839,21.8,mixed,True,1
10.486,5.263,5.223,0.4981,27.8,120.0,True,s1->s2->c2->c1,San Francisco,O2289,O4792,shop_and_deliver,shop_and_deliver,same_day,on_demand,True,8,2,7.99,6.83,0.0,2.13,3.676,3.133,20.4,both_shop,True,1
17.359,12.139,5.219,0.3007,56.2,120.0,True,s1->s2->c2->c1,San Francisco,O1511,O4643,delivery_only,shop_and_deliver,on_demand,same_day,True,12,6,8.33,6.5,0.0,6.678,5.949,5.461,11.4,mixed,True,1
9.148,3.942,5.205,0.569,42.1,240.0,True,s1->s2->c1->c2,San Francisco,O2268,O2667,delivery_only,shop_and_deliver,next_day,same_day,True,22,9,11.15,8.870000000000001,0.0,1.109,2.834,3.48,42.9,mixed,True,1
12.414,7.227,5.187,0.4179,50.6,81.7,True,s2->s1->c2->c1,San Francisco,O2540,O4990,shop_and_deliver,shop_and_deliver,on_demand,on_demand,False,20,14,11.07,7.94,0.119,3.372,4.272,3.842,38.3,both_shop,True,1
13.594,8.409,5.185,0.3814,57.1,101.1,True,s1->s2->c2->c1,San Francisco,O3615,O4127,shop_and_deliver,shop_and_deliver,same_day,on_demand,True,2,16,4.26,10.17,0.0,7.189,6.187,1.219,18.9,both_shop,True,1
10.655,5.493,5.163,0.4845,41.5,236.9,True,s1->s2->c2->c1,San Francisco,O4758,O5380,shop_and_deliver,shop_and_deliver,same_day,same_day,True,9,13,7.67,7.39,0.0,5.205,5.184,0.288,3.1,both_shop,True,1
9.052,3.906,5.146,0.5684,32.9,120.0,True,s2->s1->c2->c1,San Francisco,O1225,O2184,shop_and_deliver,shop_and_deliver,on_demand,same_day,False,8,4,5.65,5.68,0.376,1.587,3.425,2.041,28.2,both_shop,True,1
11.895,6.75,5.145,0.4325,40.0,120.0,True,s1->s2->c2->c1,San Francisco,O5414,O5682,shop_and_deliver,delivery_only,same_day,on_demand,True,7,4,7.12,5.94,0.0,6.196,5.67,0.554,34.9,mixed,True,1
17.855,12.711,5.144,0.2881,27.6,234.7,True,s1->s2->c2->c1,San Francisco,O5558,O5735,delivery_only,delivery_only,same_day,same_day,True,5,3,7.35,4.77,0.0,10.072,7.608,2.639,5.3,both_delivery,True,1
10.113,4.968,5.144,0.5087,24.9,84.5,True,s1->s2->c2->c1,San Francisco,O1725,O2008,shop_and_deliver,delivery_only,on_demand,same_day,True,10,1,9.86,5.890000000000001,0.0,4.111,4.628,0.858,35.5,mixed,True,1
7.926,2.796,5.129,0.6472,32.9,240.0,True,s1->s2->c1->c2,San Francisco,O3402,O4958,shop_and_deliver,shop_and_deliver,next_day,same_day,True,5,21,9.53,11.74,0.0,0.232,2.565,2.796,12.8,both_shop,True,1
12.155,7.028,5.127,0.4218,56.5,115.5,True,s1->s2->c2->c1,San Francisco,O3144,O4073,shop_and_deliver,delivery_only,next_day,on_demand,True,28,10,12.04,10.43,0.0,3.568,4.347,3.46,4.5,mixed,True,1
9.314,4.186,5.127,0.5505,30.3,1413.4,True,s1->s2->c2->c1,San Francisco,O3076,O3501,shop_and_deliver,delivery_only,next_day,next_day,True,11,5,11.79,7.64,0.0,2.668,3.898,1.518,26.6,mixed,True,1
10.189,5.065,5.124,0.5029,38.5,223.4,True,s1->s2->c2->c1,San Francisco,O612,O5672,shop_and_deliver,delivery_only,next_day,same_day,False,11,19,10.46,10.15,0.376,3.71,4.785,0.98,16.6,mixed,True,1
10.882,5.758,5.123,0.4708,32.5,120.0,True,s1->s2->c2->c1,San Francisco,O93,O3558,delivery_only,shop_and_deliver,on_demand,same_day,True,11,6,8.8,9.24,0.0,3.305,4.214,2.454,0.6,mixed,True,1
9.462,4.372,5.091,0.538,22.4,85.6,True,s1->s2->c2->c1,San Francisco,O2284,O4074,delivery_only,delivery_only,on_demand,same_day,False,9,8,7.35,6.72,0.376,1.685,3.56,2.311,34.4,both_delivery,True,1
9.464,4.375,5.089,0.5377,42.6,120.0,True,s1->s2->c1->c2,San Francisco,O1102,O2379,shop_and_deliver,delivery_only,next_day,on_demand,True,18,10,9.76,7.26,0.0,1.829,2.546,4.371,40.0,mixed,True,1
10.765,5.69,5.075,0.4715,35.5,120.0,True,s1->s2->c2->c1,San Francisco,O221,O3990,shop_and_deliver,delivery_only,same_day,on_demand,True,11,14,8.46,11.58,0.0,2.654,3.865,3.036,39.5,mixed,True,1
13.96,8.902,5.057,0.3623,21.0,120.0,True,s1->s2->c1->c2,San Francisco,O2801,O3443,delivery_only,delivery_only,on_demand,same_day,True,5,8,6.82,8.19,0.0,4.353,4.549,4.861,17.9,both_delivery,True,1
10.568,5.522,5.046,0.4775,36.3,110.9,True,s1->s2->c1->c2,San Francisco,O47,O4381,shop_and_deliver,delivery_only,on_demand,same_day,True,8,9,7.51,8.3,0.0,2.672,2.85,4.867,9.1,mixed,True,1
15.115,10.09,5.026,0.3325,30.7,230.5,True,s1->s2->c2->c1,San Francisco,O1440,O2402,shop_and_deliver,delivery_only,same_day,same_day,True,4,7,5.94,10.13,0.0,5.997,5.511,4.093,9.5,mixed,True,1
12.882,7.864,5.018,0.3895,20.4,111.9,True,s1->s2->c1->c2,San Francisco,O2556,O4195,delivery_only,delivery_only,on_demand,same_day,True,6,10,6.79,7.18,0.0,4.252,3.613,5.657,8.1,both_delivery,True,1
8.072,3.066,5.006,0.6202,39.0,82.9,True,s1->s2->c2->c1,San Francisco,O3021,O4230,shop_and_deliver,shop_and_deliver,on_demand,on_demand,True,1,16,7.98,10.02,0.0,1.012,3.009,2.054,37.1,both_shop,True,1
7.785,2.836,4.948,0.6356,62.8,86.5,True,s2->s1->c1->c2,San Francisco,O654,O5912,shop_and_deliver,delivery_only,same_day,on_demand,False,23,4,11.22,5.59,0.119,0.244,2.474,2.765,33.5,mixed,True,1
8.481,3.538,4.943,0.5828,24.5,86.1,True,s1->s2->c2->c1,San Francisco,O1846,O3284,delivery_only,shop_and_deliver,on_demand,next_day,True,11,14,10.83,7.6,0.0,1.221,3.082,2.317,33.9,mixed,True,1
10.57,5.679,4.891,0.4627,46.9,120.0,True,s1->s2->c1->c2,San Francisco,O356,O2848,shop_and_deliver,shop_and_deliver,on_demand,next_day,True,5,5,8.52,6.8,0.0,2.504,3.175,4.221,0.7,both_shop,True,1
8.251,3.37,4.882,0.5916,27.0,201.7,True,s1->s2->c2->c1,San Francisco,O768,O5620,delivery_only,shop_and_deliver,same_day,same_day,True,12,25,8.17,13.42,0.0,0.787,2.834,2.583,38.3,mixed,True,1
11.5,6.625,4.876,0.424,26.3,94.9,True,s1->s2->c2->c1,San Francisco,O5362,O5756,delivery_only,delivery_only,same_day,on_demand,True,13,14,13.18,9.73,0.0,4.232,4.554,2.392,25.1,both_delivery,True,1
8.843,3.983,4.86,0.5495,26.8,199.0,True,s2->s1->c2->c1,San Francisco,O1636,O3844,delivery_only,shop_and_deliver,same_day,same_day,False,9,14,6.69,9.22,0.288,2.608,3.672,1.282,41.0,mixed,True,1
12.316,7.461,4.855,0.3942,41.2,240.0,True,s1->s2->c2->c1,San Francisco,O427,O3878,shop_and_deliver,shop_and_deliver,same_day,next_day,True,12,18,14.47,12.49,0.0,4.174,4.515,3.287,13.4,both_shop,True,1
8.677,3.824,4.853,0.5593,71.1,235.4,True,s1->s2->c2->c1,San Francisco,O2484,O4377,shop_and_deliver,shop_and_deliver,next_day,same_day,True,22,20,11.47,13.08,0.0,1.153,3.003,2.671,4.6,both_shop,True,1
9.844,4.994,4.85,0.4927,59.5,120.0,True,s1->s2->c1->c2,San Francisco,O3779,O5407,shop_and_deliver,shop_and_deliver,same_day,on_demand,True,15,10,9.42,7.65,0.0,1.882,3.112,3.62,22.8,both_shop,True,1
8.356,3.517,4.839,0.5791,29.5,77.0,True,s1->s2->c2->c1,San Francisco,O1893,O2839,shop_and_deliver,shop_and_deliver,on_demand,on_demand,True,9,7,9.45,5.78,0.0,1.418,3.128,2.099,43.0,both_shop,True,1
8.804,3.966,4.838,0.5495,31.9,1400.9,True,s1->s2->c2->c1,San Francisco,O3261,O4361,shop_and_deliver,delivery_only,next_day,next_day,True,16,10,8.0,10.21,0.0,2.466,3.652,1.501,39.1,mixed,True,1
11.269,6.433,4.836,0.4291,36.8,80.5,True,s1->s2->c2->c1,San Francisco,O3661,O4680,delivery_only,shop_and_deliver,on_demand,on_demand,False,15,11,8.02,8.780000000000001,0.119,2.888,3.954,3.426,39.5,mixed,True,1
12.216,7.393,4.822,0.3948,34.4,86.1,True,s1->s2->c1->c2,San Francisco,O2542,O5092,shop_and_deliver,delivery_only,on_demand,on_demand,True,13,18,9.34,9.5,0.0,4.945,2.448,7.319,33.9,mixed,True,1
11.553,6.734,4.819,0.4171,31.8,119.2,True,s1->s2->c2->c1,San Francisco,O3754,O4926,delivery_only,shop_and_deliver,on_demand,on_demand,True,15,5,9.53,6.73,0.0,3.411,4.115,3.323,0.8,mixed,True,1
13.684,8.871,4.813,0.3517,28.9,231.7,True,s1->s2->c1->c2,San Francisco,O4384,O5622,delivery_only,delivery_only,same_day,next_day,True,33,1,13.03,6.19,0.0,4.939,3.932,5.82,8.3,both_delivery,True,1
13.937,9.128,4.809,0.3451,44.1,120.0,True,s1->s2->c2->c1,San Francisco,O3454,O4253,delivery_only,shop_and_deliver,same_day,on_demand,True,33,12,13.07,7.83,0.0,4.973,4.891,4.155,42.6,mixed,True,1
8.307,3.498,4.809,0.5789,28.1,210.3,True,s1->s2->c2->c1,San Francisco,O3249,O3425,delivery_only,shop_and_deliver,same_day,same_day,False,4,5,6.63,6.66,0.376,0.801,3.179,2.322,29.7,mixed,True,1
9.267,4.465,4.802,0.5182,54.0,114.9,True,s1->s2->c2->c1,San Francisco,O1825,O1840,shop_and_deliver,shop_and_deliver,same_day,on_demand,True,17,11,9.04,8.67,0.0,3.088,3.945,1.377,5.1,both_shop,True,1
8.712,3.911,4.801,0.5511,45.3,199.4,True,s1->s2->c2->c1,San Francisco,O832,O5047,shop_and_deliver,shop_and_deliver,same_day,same_day,True,7,14,7.98,9.03,0.0,2.216,3.509,1.695,40.6,both_shop,True,1
10.412,5.616,4.795,0.4606,70.8,120.0,True,s1->s2->c2->c1,San Francisco,O2531,O4847,shop_and_deliver,shop_and_deliver,same_day,on_demand,True,15,12,11.98,7.5,0.0,3.072,3.934,2.544,12.0,both_shop,True,1
9.432,4.64,4.792,0.5081,35.6,120.0,True,s1->s2->c2->c1,San Francisco,O3635,O5654,shop_and_deliver,shop_and_deliver,on_demand,next_day,True,4,6,6.98,10.3,0.0,3.588,4.19,1.051,43.7,both_shop,True,1
7.507,2.734,4.773,0.6358,23.3,105.3,True,s1->s2->c2->c1,San Francisco,O964,O1305,delivery_only,shop_and_deliver,next_day,on_demand,True,10,11,10.13,12.75,0.0,0.69,2.731,2.044,14.7,mixed,True,1
12.819,8.046,4.773,0.3723,55.9,113.9,True,s1->s2->c2->c1,San Francisco,O1282,O1587,shop_and_deliver,shop_and_deliver,same_day,on_demand,True,15,8,10.9,6.88,0.0,6.937,5.855,1.109,6.1,both_shop,True,1
8.835,4.083,4.752,0.5379,17.1,198.0,True,s1->s2->c1->c2,San Francisco,O887,O4552,delivery_only,delivery_only,same_day,same_day,True,10,9,9.38,6.56,0.0,1.262,2.821,3.194,42.0,both_delivery,True,1
7.896,3.153,4.743,0.6007,29.9,120.0,True,s1->s2->c2->c1,San Francisco,O1302,O2889,shop_and_deliver,shop_and_deliver,same_day,on_demand,True,3,11,5.41,8.530000000000001,0.0,1.065,2.904,2.088,11.4,both_shop,True,1
8.236,3.496,4.74,0.5755,36.8,100.6,True,s1->s2->c1->c2,San Francisco,O1079,O1080,shop_and_deliver,shop_and_deliver,on_demand,on_demand,True,5,7,4.77,8.379999999999999,0.0,0.979,2.518,3.2,19.4,both_shop,True,1
16.2,11.471,4.728,0.2919,55.4,109.0,True,s1->s2->c2->c1,San Francisco,O2641,O3600,shop_and_deliver,shop_and_deliver,same_day,on_demand,True,8,13,10.24,10.06,0.0,8.697,6.712,2.775,11.0,both_shop,True,1
12.595,7.867,4.728,0.3754,38.7,112.2,True,s1->s2->c1->c2,San Francisco,O3118,O5678,delivery_only,shop_and_deliver,on_demand,same_day,True,12,14,7.69,7.42,0.0,4.902,2.965,6.665,7.8,mixed,True,1
14.552,9.852,4.7,0.323,62.0,87.2,True,s1->s2->c2->c1,San Francisco,O899,O4712,shop_and_deliver,shop_and_deliver,on_demand,on_demand,True,12,11,7.47,7.58,0.0,5.288,4.994,4.565,32.8,both_shop,True,1
8.32,3.627,4.693,0.5641,19.3,82.6,True,s1->s2->c2->c1,San Francisco,O669,O4025,shop_and_deliver,delivery_only,next_day,on_demand,True,2,8,6.48,7.7,0.0,1.981,3.337,1.646,37.4,mixed,True,1
11.717,7.038,4.679,0.3993,50.4,92.2,True,s1->s2->c2->c1,San Francisco,O5608,O5899,delivery_only,shop_and_deliver,on_demand,same_day,True,5,13,5.85,9.32,0.0,5.333,5.006,1.706,27.8,mixed,True,1
8.591,3.923,4.668,0.5434,35.3,120.0,True,s1->s2->c2->c1,San Francisco,O1112,O3671,shop_and_deliver,delivery_only,next_day,on_demand,True,17,21,9.1,10.77,0.0,1.366,3.017,2.557,24.0,mixed,True,1
8.551,3.93,4.621,0.5405,31.7,114.3,True,s2->s1->c1->c2,San Francisco,O504,O2128,delivery_only,shop_and_deliver,on_demand,same_day,False,1,9,5.81,8.91,0.376,1.147,2.407,3.548,5.7,mixed,True,1
10.366,5.753,4.614,0.4451,47.0,120.0,True,s1->s2->c1->c2,San Francisco,O276,O5289,shop_and_deliver,shop_and_deliver,on_demand,next_day,True,11,4,7.06,8.1,0.0,3.421,2.331,5.704,25.4,both_shop,True,1
7.833,3.221,4.613,0.5889,39.9,214.2,True,s1->s2->c2->c1,San Francisco,O530,O2699,shop_and_deliver,shop_and_deliver,same_day,same_day,True,14,16,10.16,8.69,0.0,1.591,3.102,1.629,25.8,both_shop,True,1
11.777,7.166,4.611,0.3916,48.3,91.2,True,s1->s2->c1->c2,San Francisco,O3347,O5096,shop_and_deliver,shop_and_deliver,on_demand,same_day,True,5,8,4.93,6.9,0.0,4.859,2.306,7.165,28.8,both_shop,True,1
9.309,4.709,4.6,0.4942,29.0,81.6,True,s1->s2->c1->c2,San Francisco,O416,O2169,shop_and_deliver,delivery_only,on_demand,on_demand,True,22,19,10.02,8.67,0.0,1.739,2.97,3.37,38.4,mixed,True,1
9.179,4.583,4.597,0.5008,34.7,119.5,True,s1->s2->c1->c2,San Francisco,O1647,O2814,delivery_only,shop_and_deliver,on_demand,next_day,True,3,16,4.33,8.4,0.0,1.584,2.999,3.182,0.5,mixed,True,1
7.721,3.133,4.588,0.5942,49.3,91.5,True,s1->s2->c2->c1,San Francisco,O2726,O5098,shop_and_deliver,delivery_only,on_demand,same_day,True,17,4,10.04,6.23,0.0,1.096,2.842,2.037,28.5,mixed,True,1
8.943,4.37,4.573,0.5113,19.5,108.0,True,s1->s2->c2->c1,San Francisco,O4079,O5851,delivery_only,delivery_only,on_demand,on_demand,True,18,26,12.95,14.79,0.0,1.66,3.116,2.71,12.0,both_delivery,True,1
7.575,3.014,4.561,0.6021,21.6,114.8,True,s1->s2->c1->c2,San Francisco,O3009,O4013,shop_and_deliver,delivery_only,on_demand,same_day,True,7,32,6.13,14.41,0.0,0.631,2.383,2.809,5.2,mixed,True,1
10.913,6.357,4.556,0.4175,60.0,108.7,True,s1->s2->c2->c1,San Francisco,O246,O4909,shop_and_deliver,shop_and_deliver,on_demand,on_demand,True,17,5,8.37,7.64,0.0,5.052,4.804,1.305,11.3,both_shop,True,1
17.11,12.57,4.541,0.2654,43.1,104.1,True,s1->s2->c1->c2,San Francisco,O1607,O4714,shop_and_deliver,delivery_only,on_demand,same_day,True,3,27,8.68,11.23,0.0,7.336,5.234,6.643,15.9,mixed,True,1
10.087,5.577,4.51,0.4471,33.0,195.8,True,s1->s2->c2->c1,San Francisco,O447,O3946,delivery_only,shop_and_deliver,same_day,same_day,True,25,20,9.8,8.53,0.0,4.902,4.706,0.676,44.2,mixed,True,1
11.829,7.327,4.502,0.3806,54.2,237.7,True,s1->s2->c1->c2,San Francisco,O4521,O4738,shop_and_deliver,shop_and_deliver,same_day,next_day,True,15,14,11.8,7.97,0.0,5.0,2.327,7.176,2.3,both_shop,True,1
8.511,4.01,4.501,0.5288,42.6,115.6,True,s1->s2->c1->c2,San Francisco,O18,O921,shop_and_deliver,shop_and_deliver,on_demand,same_day,True,5,9,12.2,7.26,0.0,1.697,2.313,3.885,4.4,both_shop,True,1
8.663,4.174,4.489,0.5182,27.4,214.3,True,s1->s2->c2->c1,San Francisco,O2493,O3399,delivery_only,shop_and_deliver,same_day,same_day,True,21,2,10.35,8.35,0.0,3.502,3.996,0.671,25.7,mixed,True,1
16.69,12.242,4.448,0.2665,67.2,240.0,True,s1->s2->c2->c1,San Francisco,O3517,O5172,shop_and_deliver,shop_and_deliver,next_day,same_day,True,3,6,6.97,6.44,0.0,9.57,7.009,2.671,2.9,both_shop,True,1
7.331,2.895,4.436,0.6051,43.4,120.0,True,s1->s2->c2->c1,San Francisco,O3842,O4915,shop_and_deliver,shop_and_deliver,on_demand,next_day,True,16,10,8.77,8.93,0.0,1.258,2.847,1.637,35.9,both_shop,True,1
8.31,3.878,4.432,0.5333,57.7,83.2,True,s1->s2->c2->c1,San Francisco,O1097,O1167,shop_and_deliver,shop_and_deliver,on_demand,on_demand,True,7,6,6.46,7.32,0.0,2.544,3.488,1.334,36.8,both_shop,True,1
9.121,4.718,4.403,0.4827,19.0,106.7,True,s1->s2->c1->c2,San Francisco,O313,O1271,shop_and_deliver,delivery_only,on_demand,same_day,True,3,4,6.43,9.44,0.0,2.057,2.661,3.798,13.3,mixed,True,1
11.078,6.684,4.395,0.3967,39.4,240.0,True,s1->s2->c1->c2,San Francisco,O1153,O3710,shop_and_deliver,shop_and_deliver,next_day,same_day,True,9,10,6.25,9.7,0.0,4.046,2.638,5.802,11.4,both_shop,True,1
9.604,5.22,4.384,0.4565,34.7,236.1,True,s1->s2->c1->c2,San Francisco,O2583,O4264,shop_and_deliver,delivery_only,next_day,same_day,True,10,25,8.45,12.29,0.0,2.873,2.347,4.91,3.9,mixed,True,1
14.812,10.439,4.373,0.2952,62.9,116.8,True,s1->s2->c2->c1,San Francisco,O3814,O4502,shop_and_deliver,shop_and_deliver,on_demand,next_day,True,8,7,7.01,7.28,0.0,6.52,5.446,3.919,3.2,both_shop,True,1
9.113,4.75,4.363,0.4788,36.7,120.0,True,s1->s2->c1->c2,San Francisco,O3153,O3864,shop_and_deliver,shop_and_deliver,on_demand,same_day,True,7,4,7.72,7.4,0.0,1.83,2.92,3.274,15.3,both_shop,True,1
8.316,3.96,4.356,0.5238,36.8,120.0,True,s1->s2->c2->c1,San Francisco,O3449,O4047,shop_and_deliver,shop_and_deliver,same_day,on_demand,True,4,7,5.7,6.81,0.0,2.301,3.328,1.659,0.7,both_shop,True,1
10.307,5.954,4.354,0.4224,37.1,218.0,True,s1->s2->c2->c1,San Francisco,O3747,O5798,shop_and_deliver,shop_and_deliver,same_day,same_day,True,8,9,6.84,8.35,0.0,4.951,4.652,1.003,22.0,both_shop,True,1
10.107,5.755,4.352,0.4306,42.9,112.5,True,s1->s2->c2->c1,San Francisco,O4327,O5536,shop_and_deliver,delivery_only,on_demand,on_demand,True,9,10,8.58,7.88,0.0,3.141,3.747,2.613,7.5,mixed,True,1
9.279,4.928,4.35,0.4688,37.5,120.0,True,s1->s2->c2->c1,San Francisco,O2343,O3556,shop_and_deliver,delivery_only,on_demand,next_day,True,10,17,6.63,10.66,0.0,3.943,4.147,0.985,4.8,mixed,True,1
7.509,3.16,4.349,0.5791,19.5,120.0,True,s1->s2->c1->c2,San Francisco,O1140,O1192,delivery_only,delivery_only,same_day,on_demand,True,15,9,8.3,6.82,0.0,0.806,2.355,2.799,1.9,both_delivery,True,1
8.313,3.973,4.34,0.5221,33.2,106.1,True,s1->s2->c2->c1,San Francisco,O2489,O2521,shop_and_deliver,delivery_only,same_day,on_demand,True,5,9,8.620000000000001,6.16,0.0,3.195,3.768,0.778,13.9,mixed,True,1
13.464,9.125,4.338,0.3222,43.3,80.7,True,s1->s2->c2->c1,San Francisco,O453,O3780,shop_and_deliver,delivery_only,on_demand,next_day,True,9,13,8.14,8.96,0.0,5.849,5.093,3.277,39.3,mixed,True,1
6.601,2.289,4.312,0.6533,26.7,120.0,True,s1->s2->c2->c1,San Francisco,O1121,O5571,delivery_only,shop_and_deliver,on_demand,same_day,True,5,7,6.89,6.38,0.0,0.265,2.289,2.023,0.5,mixed,True,1
7.983,3.693,4.29,0.5374,34.2,80.7,True,s1->s2->c2->c1,San Francisco,O314,O3782,shop_and_deliver,delivery_only,on_demand,on_demand,True,14,14,12.38,8.2,0.0,3.062,3.676,0.631,39.3,mixed,True,1
12.342,8.058,4.284,0.3471,43.1,198.9,True,s1->s2->c1->c2,San Francisco,O4454,O4485,shop_and_deliver,shop_and_deliver,same_day,same_day,True,9,7,6.96,5.52,0.0,5.369,2.689,6.965,41.1,both_shop,True,1
9.96,5.677,4.283,0.43,36.2,75.5,True,s1->s2->c2->c1,San Francisco,O4252,O5131,shop_and_deliver,delivery_only,on_demand,same_day,True,12,5,8.27,6.51,0.0,4.335,4.309,1.343,44.5,mixed,True,1
8.957,4.749,4.209,0.4699,42.3,120.0,True,s1->s2->c2->c1,San Francisco,O3053,O5604,shop_and_deliver,shop_and_deliver,same_day,on_demand,True,15,2,10.28,5.24,0.0,2.126,3.167,2.623,23.4,both_shop,True,1
14.533,10.326,4.207,0.2895,37.0,223.6,True,s2->s1->c2->c1,San Francisco,O3621,O5901,shop_and_deliver,shop_and_deliver,same_day,same_day,False,7,9,8.6,6.81,0.288,6.791,5.511,3.535,16.4,both_shop,True,1
7.828,3.624,4.204,0.537,21.4,205.3,True,s1->s2->c2->c1,San Francisco,O3359,O4556,shop_and_deliver,delivery_only,same_day,next_day,True,5,8,5.06,10.4,0.0,3.043,3.623,0.581,34.7,mixed,True,1
6.364,2.173,4.191,0.6585,28.2,212.7,True,s1->s2->c2->c1,San Francisco,O479,O4428,shop_and_deliver,shop_and_deliver,same_day,same_day,True,6,13,6.36,7.26,0.0,0.137,2.164,2.037,27.3,both_shop,True,1
9.431,5.257,4.174,0.4426,51.0,92.2,True,s1->s2->c2->c1,San Francisco,O2835,O4476,shop_and_deliver,shop_and_deliver,on_demand,on_demand,False,5,9,7.9,6.75,0.376,4.593,4.632,0.288,27.8,both_shop,True,1
12.376,8.209,4.167,0.3367,29.5,88.1,True,s1->s2->c2->c1,San Francisco,O2133,O4907,shop_and_deliver,delivery_only,next_day,on_demand,True,4,1,8.7,6.53,0.0,5.802,4.984,2.407,31.9,mixed,True,1
11.023,6.867,4.156,0.3771,37.4,233.4,True,s1->s2->c1->c2,San Francisco,O1895,O5594,delivery_only,shop_and_deliver,same_day,same_day,True,2,21,5.69,11.2,0.0,4.075,2.792,5.439,6.6,mixed,True,1
9.429,5.281,4.148,0.4399,23.3,103.8,True,s1->s2->c1->c2,San Francisco,O1315,O2723,shop_and_deliver,delivery_only,same_day,on_demand,True,11,16,6.69,7.83,0.0,3.189,2.093,5.244,16.2,mixed,True,1
7.306,3.184,4.122,0.5642,39.8,120.0,True,s1->s2->c1->c2,San Francisco,O719,O1396,delivery_only,shop_and_deliver,next_day,on_demand,True,10,16,13.4,8.44,0.0,0.792,2.393,2.521,18.6,mixed,True,1
8.729,4.613,4.117,0.4716,42.9,77.0,True,s1->s2->c1->c2,San Francisco,O2615,O5965,shop_and_deliver,shop_and_deliver,on_demand,next_day,True,13,5,12.54,7.16,0.0,1.865,2.747,3.235,43.0,both_shop,True,1
7.949,3.843,4.106,0.5165,36.0,99.2,True,s1->s2->c2->c1,San Francisco,O2270,O5746,shop_and_deliver,shop_and_deliver,on_demand,next_day,True,8,7,10.03,7.97,0.0,2.222,3.164,1.622,20.8,both_shop,True,1
7.689,3.607,4.082,0.5309,19.4,227.5,True,s1->s2->c1->c2,San Francisco,O2082,O2509,delivery_only,delivery_only,same_day,same_day,True,9,26,6.16,12.65,0.0,1.317,2.29,3.109,12.5,both_delivery,True,1
13.438,9.364,4.075,0.3032,39.2,104.6,True,s1->s2->c2->c1,San Francisco,O2650,O5903,shop_and_deliver,shop_and_deliver,on_demand,same_day,True,2,10,6.7,7.88,0.0,6.922,5.499,2.441,15.4,both_shop,True,1
7.515,3.497,4.019,0.5347,18.8,201.8,True,s1->s2->c2->c1,San Francisco,O538,O2538,delivery_only,delivery_only,same_day,same_day,True,14,8,9.83,6.95,0.0,1.757,2.888,1.739,38.2,both_delivery,True,1
7.082,3.068,4.013,0.5668,28.4,120.0,True,s1->s2->c2->c1,San Francisco,O281,O4583,shop_and_deliver,shop_and_deliver,on_demand,same_day,False,7,9,7.22,8.77,0.119,0.793,2.522,2.156,40.3,both_shop,True,1
9.238,5.239,3.999,0.4329,34.7,240.0,True,s1->s2->c2->c1,San Francisco,O1867,O4544,delivery_only,shop_and_deliver,next_day,same_day,True,6,19,5.52,10.26,0.0,4.287,4.143,0.952,31.1,mixed,True,1
7.627,3.656,3.972,0.5207,51.1,107.5,True,s1->s2->c2->c1,San Francisco,O1335,O5829,shop_and_deliver,shop_and_deliver,on_demand,on_demand,True,2,15,6.75,8.24,0.0,3.137,3.554,0.519,12.5,both_shop,True,1
12.879,8.944,3.935,0.3055,24.7,120.0,True,s1->s2->c1->c2,San Francisco,O2674,O4796,shop_and_deliver,delivery_only,same_day,on_demand,True,2,22,5.73,12.84,0.0,5.61,3.334,6.21,42.5,mixed,True,1
10.704,6.771,3.933,0.3674,57.6,120.0,True,s1->s2->c1->c2,San Francisco,O259,O1689,shop_and_deliver,shop_and_deliver,on_demand,same_day,True,14,7,8.48,7.68,0.0,3.657,3.115,4.475,18.3,both_shop,True,1
10.762,6.832,3.93,0.3652,40.5,92.3,True,s1->s2->c2->c1,San Francisco,O1241,O4193,delivery_only,shop_and_deliver,on_demand,on_demand,True,20,12,11.16,8.93,0.0,3.919,3.925,2.913,27.7,mixed,True,1
12.19,8.261,3.929,0.3223,23.2,111.4,True,s1->s2->c2->c1,San Francisco,O1588,O2879,delivery_only,delivery_only,same_day,on_demand,True,19,16,10.1,9.84,0.0,4.888,4.408,3.373,8.6,both_delivery,True,1
7.081,3.185,3.896,0.5502,29.4,76.1,True,s1->s2->c1->c2,San Francisco,O2093,O2301,shop_and_deliver,delivery_only,on_demand,same_day,True,20,4,10.68,6.63,0.0,1.224,1.961,3.158,43.9,mixed,True,1
6.129,2.26,3.869,0.6312,21.7,120.0,True,s1->s2->c2->c1,San Francisco,O3589,O5496,delivery_only,shop_and_deliver,same_day,on_demand,True,11,12,11.34,7.47,0.0,0.22,2.044,2.041,18.5,mixed,True,1
7.988,4.184,3.805,0.4763,68.6,84.4,True,s1->s2->c1->c2,San Francisco,O744,O4640,shop_and_deliver,shop_and_deliver,on_demand,next_day,True,15,8,8.92,6.62,0.0,2.04,2.143,3.701,35.6,both_shop,True,1
10.044,6.253,3.791,0.3775,37.6,90.2,True,s1->s2->c1->c2,San Francisco,O344,O2644,delivery_only,shop_and_deliver,on_demand,on_demand,True,8,8,7.04,6.97,0.0,3.736,2.517,5.01,29.8,mixed,True,1
7.674,3.887,3.787,0.4935,51.3,120.0,True,s1->s2->c2->c1,San Francisco,O1930,O4964,shop_and_deliver,shop_and_deliver,on_demand,same_day,True,15,11,8.51,9.62,0.0,2.92,3.354,0.967,37.3,both_shop,True,1
9.184,5.416,3.768,0.4103,41.1,240.0,True,s1->s2->c2->c1,San Francisco,O1759,O4311,shop_and_deliver,delivery_only,next_day,same_day,True,10,2,13.69,6.52,0.0,3.047,3.407,2.369,19.3,mixed,True,1
6.633,2.877,3.755,0.5662,37.2,235.6,True,s1->s2->c2->c1,San Francisco,O783,O3912,shop_and_deliver,delivery_only,same_day,same_day,True,11,12,7.77,9.32,0.0,1.855,2.805,1.022,4.4,mixed,True,1
7.473,3.763,3.709,0.4964,37.5,120.0,True,s1->s2->c1->c2,San Francisco,O2938,O3100,shop_and_deliver,delivery_only,on_demand,same_day,True,14,35,9.96,14.62,0.0,1.89,1.873,3.727,16.4,mixed,True,1
10.866,7.159,3.707,0.3412,34.4,85.6,True,s1->s2->c2->c1,San Francisco,O1794,O1860,shop_and_deliver,shop_and_deliver,on_demand,on_demand,True,11,5,9.76,5.2,0.0,5.372,4.54,1.787,34.4,both_shop,True,1
7.275,3.599,3.675,0.5052,20.0,224.4,True,s1->s2->c2->c1,San Francisco,O2561,O3566,delivery_only,delivery_only,same_day,same_day,True,6,16,7.35,9.98,0.0,3.523,3.599,0.076,15.6,both_delivery,True,1
9.033,5.406,3.627,0.4016,35.8,120.0,True,s1->s2->c2->c1,San Francisco,O2321,O2920,shop_and_deliver,shop_and_deliver,on_demand,next_day,True,15,13,9.25,12.83,0.0,3.748,3.688,1.657,25.2,both_shop,True,1
6.71,3.085,3.625,0.5403,60.0,228.7,True,s1->s2->c1->c2,San Francisco,O3178,O4668,shop_and_deliver,shop_and_deliver,same_day,same_day,True,7,35,7.78,15.8,0.0,1.215,1.87,2.971,11.3,both_shop,True,1
6.346,2.729,3.617,0.57,14.6,92.0,True,s1->s2->c1->c2,San Francisco,O1313,O4117,delivery_only,delivery_only,on_demand,on_demand,True,9,10,7.05,9.94,0.0,0.909,1.82,2.706,28.0,both_delivery,True,1
8.837,5.231,3.606,0.408,30.1,120.0,True,s1->s2->c1->c2,San Francisco,O1377,O4385,delivery_only,shop_and_deliver,same_day,on_demand,True,7,2,7.48,7.06,0.0,2.716,2.516,3.806,1.1,mixed,True,1
11.221,7.643,3.577,0.3188,36.9,120.0,True,s1->s2->c1->c2,San Francisco,O3653,O4075,delivery_only,shop_and_deliver,on_demand,same_day,True,4,8,8.780000000000001,8.26,0.0,4.65,2.994,5.233,20.1,mixed,True,1
6.528,2.962,3.566,0.5463,31.3,83.0,True,s2->s1->c1->c2,San Francisco,O880,O4733,delivery_only,shop_and_deliver,on_demand,on_demand,False,8,6,6.0,12.41,0.376,0.596,1.99,2.351,37.0,mixed,True,1
9.984,6.426,3.558,0.3564,28.2,120.0,True,s1->s2->c2->c1,San Francisco,O1053,O3336,delivery_only,delivery_only,on_demand,next_day,True,18,3,12.22,5.87,0.0,4.984,4.271,1.442,23.0,both_delivery,True,1
6.91,3.361,3.549,0.5137,34.2,79.1,True,s1->s2->c2->c1,San Francisco,O476,O1122,shop_and_deliver,delivery_only,on_demand,on_demand,True,7,10,9.18,6.89,0.0,2.189,2.869,1.171,40.9,mixed,True,1
8.102,4.556,3.546,0.4376,47.3,99.5,True,s1->s2->c2->c1,San Francisco,O14,O5848,shop_and_deliver,shop_and_deliver,on_demand,on_demand,True,19,25,12.66,12.81,0.0,2.645,3.095,1.911,20.5,both_shop,True,1
12.101,8.565,3.536,0.2922,44.8,83.6,True,s1->s2->c2->c1,San Francisco,O2275,O5078,shop_and_deliver,shop_and_deliver,on_demand,on_demand,True,12,7,10.26,8.27,0.0,6.822,5.179,1.743,36.4,both_shop,True,1
7.455,3.964,3.49,0.4682,24.5,94.6,True,s1->s2->c2->c1,San Francisco,O960,O2954,shop_and_deliver,shop_and_deliver,same_day,on_demand,False,5,4,7.37,5.34,0.376,2.901,3.268,0.688,25.4,both_shop,True,1
7.552,4.066,3.487,0.4616,20.8,84.2,True,s1->s2->c2->c1,San Francisco,O1204,O4146,delivery_only,delivery_only,on_demand,same_day,True,19,4,12.62,5.91,0.0,2.785,3.136,1.281,35.8,both_delivery,True,1
10.794,7.308,3.485,0.3229,33.6,97.6,True,s1->s2->c2->c1,San Francisco,O2567,O5168,shop_and_deliver,delivery_only,same_day,on_demand,True,14,8,8.85,8.27,0.0,5.264,4.375,2.044,22.4,mixed,True,1
15.647,12.167,3.48,0.2224,34.0,120.0,True,s1->s2->c1->c2,San Francisco,O27,O2282,delivery_only,delivery_only,same_day,on_demand,True,9,7,7.6,7.41,0.0,8.906,3.261,9.125,15.9,both_delivery,True,1
6.954,3.533,3.421,0.492,26.9,120.0,True,s1->s2->c2->c1,San Francisco,O3255,O3557,delivery_only,shop_and_deliver,same_day,on_demand,True,5,17,8.25,9.16,0.0,1.487,2.454,2.045,24.7,mixed,True,1
10.401,6.998,3.403,0.3272,37.0,218.5,True,s1->s2->c2->c1,San Francisco,O3915,O4877,shop_and_deliver,shop_and_deliver,same_day,same_day,True,8,2,5.9,6.6,0.0,4.757,4.08,2.241,21.5,both_shop,True,1
12.692,9.295,3.397,0.2677,35.0,197.2,True,s1->s2->c2->c1,San Francisco,O4134,O4402,shop_and_deliver,delivery_only,next_day,same_day,True,10,17,6.8,10.33,0.0,5.348,4.373,3.946,42.8,mixed,True,1
7.804,4.421,3.384,0.4336,26.3,120.0,True,s1->s2->c1->c2,San Francisco,O49,O5434,delivery_only,shop_and_deliver,same_day,on_demand,True,25,6,10.5,7.93,0.0,2.461,1.959,3.885,0.6,mixed,True,1
8.94,5.559,3.382,0.3782,24.0,216.0,True,s1->s2->c1->c2,San Francisco,O2472,O5458,delivery_only,delivery_only,same_day,same_day,True,7,11,6.97,7.59,0.0,3.16,2.398,4.143,24.0,both_delivery,True,1
11.574,8.203,3.371,0.2913,46.1,76.9,True,s1->s2->c1->c2,San Francisco,O681,O1903,shop_and_deliver,shop_and_deliver,on_demand,same_day,True,19,6,9.42,5.64,0.0,6.166,2.038,7.499,43.1,both_shop,True,1
8.356,4.986,3.37,0.4033,31.1,224.5,True,s1->s2->c2->c1,San Francisco,O3346,O5444,delivery_only,shop_and_deliver,same_day,same_day,True,2,8,9.76,6.74,0.0,3.449,3.409,1.537,15.5,mixed,True,1
7.539,4.216,3.323,0.4408,79.8,79.8,True,s1->s2->c1->c2,San Francisco,O3072,O3227,shop_and_deliver,shop_and_deliver,next_day,on_demand,True,19,13,9.64,12.73,0.0,1.873,2.342,2.854,40.2,both_shop,True,1
14.187,10.884,3.303,0.2328,58.3,120.0,True,s1->s2->c1->c2,San Francisco,O993,O5890,shop_and_deliver,shop_and_deliver,on_demand,same_day,True,17,9,8.35,8.63,0.0,7.721,3.163,7.861,27.6,both_shop,True,1
6.609,3.326,3.282,0.4967,31.2,107.2,True,s1->s2->c1->c2,San Francisco,O55,O142,shop_and_deliver,delivery_only,on_demand,on_demand,True,7,7,10.23,5.46,0.0,1.62,1.706,3.196,12.8,mixed,True,1
7.1,3.84,3.26,0.4592,35.1,108.7,True,s1->s2->c1->c2,San Francisco,O337,O3114,delivery_only,shop_and_deliver,on_demand,on_demand,False,9,14,8.46,9.06,0.288,1.55,2.039,3.058,11.3,mixed,True,1
6.773,3.516,3.257,0.4809,33.6,240.0,True,s1->s2->c2->c1,San Francisco,O2964,O5392,shop_and_deliver,shop_and_deliver,same_day,next_day,True,14,8,8.26,8.27,0.0,2.707,2.982,0.809,37.1,both_shop,True,1
6.08,2.839,3.241,0.5331,32.8,240.0,True,s1->s2->c1->c2,San Francisco,O2504,O4202,shop_and_deliver,shop_and_deliver,next_day,same_day,True,7,2,8.67,4.84,0.0,1.201,1.638,2.804,4.6,both_shop,True,1
5.562,2.329,3.233,0.5813,20.7,120.0,True,s1->s2->c1->c2,San Francisco,O2209,O4409,shop_and_deliver,delivery_only,on_demand,same_day,True,12,7,10.81,6.15,0.0,0.712,1.617,2.329,40.8,mixed,True,1
5.74,2.52,3.22,0.561,57.7,76.7,True,s1->s2->c2->c1,San Francisco,O2926,O3891,shop_and_deliver,shop_and_deliver,same_day,on_demand,True,28,8,13.04,11.07,0.0,0.996,2.108,1.524,43.3,both_shop,True,1
10.268,7.061,3.207,0.3123,68.3,110.7,True,s1->s2->c1->c2,San Francisco,O4332,O4770,shop_and_deliver,shop_and_deliver,on_demand,next_day,True,24,18,9.56,12.12,0.0,4.706,2.356,5.556,9.3,both_shop,True,1
13.309,10.109,3.2,0.2404,81.5,113.9,True,s2->s1->c1->c2,San Francisco,O4072,O4851,shop_and_deliver,shop_and_deliver,on_demand,on_demand,False,12,16,9.3,7.96,0.376,5.592,4.142,4.798,6.1,both_shop,True,1
11.565,8.387,3.178,0.2748,72.3,80.5,True,s1->s2->c1->c2,San Francisco,O2062,O2911,shop_and_deliver,shop_and_deliver,on_demand,on_demand,True,17,22,9.24,10.85,0.0,5.565,2.822,5.921,39.5,both_shop,True,1
6.113,2.949,3.164,0.5175,24.6,119.9,True,s1->s2->c2->c1,San Francisco,O1513,O5060,shop_and_deliver,delivery_only,on_demand,on_demand,True,18,11,12.35,10.31,0.0,1.218,2.191,1.731,0.1,mixed,True,1
5.482,2.321,3.161,0.5766,24.5,85.2,True,s1->s2->c1->c2,San Francisco,O3197,O3220,shop_and_deliver,shop_and_deliver,same_day,on_demand,True,5,6,6.34,7.14,0.0,0.739,1.582,2.317,34.8,both_shop,True,1
6.791,3.635,3.156,0.4647,53.9,88.5,True,s1->s2->c2->c1,San Francisco,O1214,O2158,shop_and_deliver,shop_and_deliver,on_demand,on_demand,True,13,10,13.46,6.49,0.0,2.54,2.848,1.095,31.5,both_shop,True,1
6.699,3.554,3.145,0.4694,22.9,240.0,True,s1->s2->c2->c1,San Francisco,O2124,O4752,delivery_only,shop_and_deliver,next_day,same_day,True,10,1,11.95,5.11,0.0,1.789,2.467,1.765,34.2,mixed,True,1
7.892,4.771,3.121,0.3955,51.3,235.0,True,s1->s2->c2->c1,San Francisco,O977,O4137,shop_and_deliver,delivery_only,same_day,same_day,True,25,8,11.63,6.04,0.0,3.55,3.335,1.222,5.0,mixed,True,1
7.181,4.129,3.052,0.425,43.8,240.0,True,s1->s2->c1->c2,San Francisco,O2452,O5071,shop_and_deliver,shop_and_deliver,next_day,same_day,True,16,12,8.26,11.46,0.0,2.559,1.57,4.041,39.8,both_shop,True,1
8.723,5.671,3.052,0.3499,20.0,78.8,True,s2->s1->c2->c1,San Francisco,O1913,O5573,delivery_only,delivery_only,on_demand,on_demand,False,9,28,6.91,12.19,0.119,2.826,2.901,2.844,41.2,both_delivery,True,1
7.264,4.216,3.048,0.4196,48.7,75.0,True,s1->s2->c2->c1,San Francisco,O2189,O3563,shop_and_deliver,delivery_only,same_day,on_demand,True,30,6,11.77,5.66,0.0,2.396,2.722,1.82,45.0,mixed,True,1
11.034,8.023,3.011,0.2729,53.5,204.9,True,s1->s2->c1->c2,San Francisco,O2731,O4784,shop_and_deliver,shop_and_deliver,same_day,same_day,True,5,14,4.9,8.09,0.0,4.466,3.557,3.92,35.1,both_shop,True,1
8.234,5.238,2.996,0.3638,31.9,92.4,True,s1->s2->c1->c2,San Francisco,O618,O3316,delivery_only,shop_and_deliver,on_demand,next_day,True,11,9,8.56,7.19,0.0,2.524,2.714,2.805,27.6,mixed,True,1
10.313,7.363,2.95,0.286,51.0,201.4,True,s1->s2->c2->c1,San Francisco,O1228,O3186,shop_and_deliver,shop_and_deliver,next_day,same_day,True,15,13,7.78,10.96,0.0,4.593,3.772,2.77,38.6,both_shop,True,1
6.057,3.135,2.922,0.4824,50.8,98.7,True,s1->s2->c1->c2,San Francisco,O68,O4290,shop_and_deliver,shop_and_deliver,same_day,on_demand,True,20,6,11.4,7.08,0.0,1.667,1.468,3.121,21.3,both_shop,True,1
11.184,8.317,2.867,0.2564,47.3,83.9,True,s1->s2->c2->c1,San Francisco,O671,O763,shop_and_deliver,shop_and_deliver,on_demand,on_demand,True,2,13,6.08,11.37,0.0,5.876,4.372,2.441,36.1,both_shop,True,1
6.585,3.722,2.863,0.4348,70.2,85.9,True,s1->s2->c1->c2,San Francisco,O2600,O4122,shop_and_deliver,shop_and_deliver,same_day,on_demand,True,16,31,9.76,14.49,0.0,1.884,1.838,2.91,34.1,both_shop,True,1
5.082,2.248,2.834,0.5576,25.7,236.9,True,s1->s2->c2->c1,San Francisco,O2150,O3429,shop_and_deliver,delivery_only,same_day,same_day,True,5,18,4.84,10.67,0.0,0.971,1.902,1.278,3.1,mixed,True,1
9.926,7.098,2.828,0.2849,60.5,120.0,True,s1->s2->c1->c2,San Francisco,O1160,O1770,shop_and_deliver,shop_and_deliver,next_day,on_demand,True,16,4,11.24,8.0,0.0,5.501,1.597,6.731,27.0,both_shop,True,1
6.078,3.252,2.826,0.4649,13.4,89.3,True,s1->s2->c1->c2,San Francisco,O1056,O3091,delivery_only,delivery_only,on_demand,same_day,True,13,4,9.53,5.24,0.0,1.445,1.807,2.463,30.7,both_delivery,True,1
4.953,2.131,2.821,0.5696,29.6,114.5,True,s1->s2->c2->c1,San Francisco,O3666,O5933,shop_and_deliver,delivery_only,next_day,on_demand,True,8,7,7.32,7.33,0.0,0.684,1.753,1.448,5.5,mixed,True,1
6.54,3.77,2.77,0.4235,45.8,240.0,True,s1->s2->c1->c2,San Francisco,O799,O1778,shop_and_deliver,shop_and_deliver,same_day,next_day,True,12,7,8.99,7.8,0.0,2.252,1.519,3.503,10.5,both_shop,True,1
8.792,6.031,2.76,0.3139,47.2,204.8,True,s1->s2->c2->c1,San Francisco,O105,O4889,shop_and_deliver,shop_and_deliver,same_day,same_day,True,2,6,4.51,7.03,0.0,3.204,2.982,2.828,35.2,both_shop,True,1
6.668,3.956,2.713,0.4068,36.8,120.0,True,s1->s2->c1->c2,San Francisco,O45,O4474,shop_and_deliver,shop_and_deliver,same_day,on_demand,True,16,11,13.04,8.54,0.0,2.16,1.796,3.076,9.0,both_shop,True,1
8.591,5.901,2.69,0.3131,17.7,120.0,True,s1->s2->c1->c2,San Francisco,O511,O5999,delivery_only,delivery_only,same_day,on_demand,True,6,4,12.1,5.69,0.0,4.487,1.414,5.763,42.7,both_delivery,True,1
10.597,7.91,2.687,0.2535,35.2,120.0,True,s1->s2->c2->c1,San Francisco,O3136,O5284,shop_and_deliver,delivery_only,on_demand,same_day,True,4,10,6.48,6.14,0.0,5.183,3.935,2.727,36.6,mixed,True,1
9.154,6.469,2.685,0.2933,30.4,240.0,True,s1->s2->c1->c2,San Francisco,O1806,O3189,delivery_only,shop_and_deliver,next_day,same_day,True,18,7,8.36,6.52,0.0,4.863,1.607,5.941,17.5,mixed,True,1
7.637,4.959,2.677,0.3506,20.7,240.0,True,s2->s1->c1->c2,San Francisco,O1148,O1514,delivery_only,delivery_only,next_day,same_day,False,18,8,9.76,5.59,0.288,2.852,1.819,3.821,6.6,both_delivery,True,1
8.858,6.205,2.654,0.2996,48.1,95.2,True,s1->s2->c1->c2,San Francisco,O2924,O5419,shop_and_deliver,shop_and_deliver,same_day,on_demand,True,4,19,5.78,9.7,0.0,4.858,1.347,6.164,24.8,both_shop,True,1
5.322,2.704,2.618,0.4919,25.9,120.0,True,s1->s2->c2->c1,San Francisco,O535,O4819,shop_and_deliver,shop_and_deliver,same_day,on_demand,True,9,9,6.34,6.12,0.0,1.866,2.242,0.839,38.5,both_shop,True,1
4.866,2.269,2.597,0.5336,41.3,240.0,True,s1->s2->c2->c1,San Francisco,O938,O4736,delivery_only,shop_and_deliver,same_day,next_day,True,10,14,13.2,7.26,0.0,1.576,2.087,0.693,9.1,mixed,True,1
7.562,4.967,2.595,0.3432,32.6,218.5,True,s1->s2->c1->c2,San Francisco,O262,O4589,delivery_only,shop_and_deliver,next_day,same_day,False,9,10,7.29,6.5,0.288,2.351,2.363,2.87,21.5,mixed,True,1
8.57,6.005,2.566,0.2994,77.4,120.0,True,s1->s2->c1->c2,San Francisco,O1174,O4100,shop_and_deliver,shop_and_deliver,on_demand,same_day,True,22,17,13.02,8.75,0.0,3.386,2.618,3.334,26.2,both_shop,True,1
7.192,4.664,2.528,0.3515,18.5,216.2,True,s1->s2->c1->c2,San Francisco,O5309,O5886,delivery_only,delivery_only,same_day,same_day,True,20,10,8.53,9.7,0.0,2.807,1.857,3.478,23.8,both_delivery,True,1
7.192,4.666,2.527,0.3513,39.1,98.0,True,s1->s2->c2->c1,San Francisco,O736,O1026,shop_and_deliver,shop_and_deliver,on_demand,on_demand,False,7,10,7.58,8.92,0.376,3.366,2.999,0.924,22.0,both_shop,True,1
10.869,8.368,2.501,0.2301,57.6,115.5,True,s1->s2->c1->c2,San Francisco,O449,O2025,delivery_only,shop_and_deliver,on_demand,same_day,True,9,27,7.74,16.04,0.0,6.862,1.506,7.857,4.5,mixed,True,1
3.942,1.445,2.497,0.6334,16.9,106.0,True,s1->s2->c2->c1,San Francisco,O1950,O2339,shop_and_deliver,delivery_only,on_demand,same_day,True,6,11,6.97,7.25,0.0,0.319,1.408,1.126,14.0,mixed,True,1
9.352,6.863,2.489,0.2661,41.0,240.0,True,s1->s2->c1->c2,San Francisco,O527,O1110,shop_and_deliver,shop_and_deliver,next_day,same_day,True,15,13,10.51,12.83,0.0,4.771,2.092,5.167,40.3,both_shop,True,1
5.69,3.208,2.481,0.4361,52.2,212.3,True,s1->s2->c1->c2,San Francisco,O3030,O4737,shop_and_deliver,shop_and_deliver,same_day,same_day,True,8,8,7.04,11.07,0.0,1.714,1.495,2.7,27.7,both_shop,True,1
12.358,9.9,2.458,0.1989,46.1,120.0,True,s1->s2->c1->c2,San Francisco,O2019,O5285,shop_and_deliver,shop_and_deliver,on_demand,same_day,True,20,4,10.73,6.67,0.0,5.834,4.067,4.224,0.9,both_shop,True,1
7.202,4.753,2.449,0.34,24.9,240.0,True,s1->s2->c1->c2,San Francisco,O4007,O4598,shop_and_deliver,delivery_only,next_day,same_day,True,8,7,9.6,7.22,0.0,2.722,2.031,3.141,20.2,mixed,True,1
11.277,8.829,2.448,0.2171,72.8,1412.5,True,s1->s2->c1->c2,San Francisco,O161,O1987,shop_and_deliver,shop_and_deliver,next_day,next_day,True,13,17,8.27,12.25,0.0,5.822,3.007,5.263,27.5,both_shop,True,1
7.13,4.69,2.44,0.3422,22.1,78.7,True,s1->s2->c2->c1,San Francisco,O3792,O5587,delivery_only,shop_and_deliver,same_day,on_demand,True,11,5,6.96,4.77,0.0,3.021,2.73,1.669,41.3,mixed,True,1
7.851,5.411,2.44,0.3108,43.2,240.0,True,s1->s2->c1->c2,San Francisco,O981,O5643,shop_and_deliver,shop_and_deliver,same_day,next_day,True,16,11,8.86,9.38,0.0,3.91,1.501,4.85,4.4,both_shop,True,1
8.219,5.794,2.425,0.295,36.9,120.0,True,s1->s2->c1->c2,San Francisco,O1649,O2042,shop_and_deliver,delivery_only,on_demand,next_day,True,15,13,9.02,8.39,0.0,4.329,1.465,5.289,27.5,mixed,True,1
6.048,3.636,2.412,0.3988,41.1,87.2,True,s1->s2->c2->c1,San Francisco,O2092,O4210,shop_and_deliver,shop_and_deliver,on_demand,same_day,True,18,22,8.86,9.89,0.0,2.319,2.365,1.317,32.8,both_shop,True,1
9.618,7.215,2.402,0.2498,29.2,85.2,True,s1->s2->c2->c1,San Francisco,O1894,O2137,shop_and_deliver,shop_and_deliver,on_demand,on_demand,True,4,3,7.36,4.55,0.0,4.59,3.496,2.626,34.8,both_shop,True,1
4.324,1.94,2.383,0.5512,29.8,103.8,True,s1->s2->c2->c1,San Francisco,O971,O3937,shop_and_deliver,shop_and_deliver,same_day,on_demand,True,8,18,7.99,8.45,0.0,1.269,1.826,0.671,16.2,both_shop,True,1
5.623,3.247,2.376,0.4225,16.6,240.0,True,s1->s2->c1->c2,San Francisco,O244,O5053,delivery_only,delivery_only,next_day,same_day,True,18,12,10.62,7.93,0.0,1.392,1.856,1.911,17.6,both_delivery,True,1
4.218,1.857,2.361,0.5597,18.9,79.8,True,s1->s2->c2->c1,San Francisco,O503,O1104,shop_and_deliver,delivery_only,same_day,on_demand,True,8,16,7.01,12.83,0.0,1.215,1.788,0.642,40.2,mixed,True,1
10.703,8.383,2.32,0.2167,37.9,96.4,True,s1->s2->c1->c2,San Francisco,O3889,O4035,delivery_only,shop_and_deliver,on_demand,on_demand,True,18,6,12.17,7.3,0.0,6.417,1.966,6.77,23.6,mixed,True,1
10.094,7.782,2.312,0.229,45.6,95.8,True,s1->s2->c1->c2,San Francisco,O2820,O5112,shop_and_deliver,delivery_only,same_day,on_demand,True,7,8,8.879999999999999,9.99,0.0,5.732,2.05,5.993,24.2,mixed,True,1
11.322,9.079,2.243,0.1981,50.9,211.8,True,s1->s2->c1->c2,San Francisco,O1197,O4347,shop_and_deliver,shop_and_deliver,same_day,same_day,True,13,12,8.07,9.35,0.0,6.719,2.361,6.601,28.2,both_shop,True,1
12.192,9.981,2.211,0.1814,66.7,114.8,True,s1->s2->c2->c1,San Francisco,O794,O1784,shop_and_deliver,shop_and_deliver,on_demand,on_demand,True,18,12,10.7,10.11,0.0,6.302,4.257,3.679,5.2,both_shop,True,1
9.888,7.711,2.177,0.2202,54.2,104.8,True,s1->s2->c2->c1,San Francisco,O434,O4227,shop_and_deliver,shop_and_deliver,same_day,on_demand,True,18,20,9.16,9.3,0.0,5.857,4.017,1.854,15.2,both_shop,True,1
6.571,4.399,2.172,0.3305,32.4,115.6,True,s1->s2->c1->c2,San Francisco,O1046,O4629,delivery_only,shop_and_deliver,on_demand,next_day,True,6,12,6.97,8.3,0.0,3.058,1.342,3.888,4.4,mixed,True,1
11.639,9.477,2.162,0.1858,38.5,120.0,True,s1->s2->c2->c1,San Francisco,O771,O1618,delivery_only,shop_and_deliver,same_day,on_demand,True,13,12,8.77,8.34,0.0,6.99,4.576,2.487,40.4,mixed,True,1
5.94,3.788,2.153,0.3624,34.3,120.0,True,s1->s2->c1->c2,San Francisco,O1397,O5159,shop_and_deliver,shop_and_deliver,on_demand,same_day,True,3,8,4.83,5.73,0.0,2.594,1.194,3.552,39.5,both_shop,True,1
7.032,4.886,2.145,0.3051,76.4,120.0,True,s1->s2->c2->c1,San Francisco,O1205,O3446,shop_and_deliver,shop_and_deliver,same_day,on_demand,True,12,20,9.83,10.95,0.0,2.778,2.462,2.109,23.6,both_shop,True,1
8.316,6.176,2.14,0.2573,51.3,120.0,True,s1->s2->c1->c2,San Francisco,O1383,O3286,shop_and_deliver,delivery_only,on_demand,same_day,True,19,27,9.31,12.21,0.0,3.569,2.607,3.101,36.6,mixed,True,1
5.0,2.864,2.135,0.4271,38.0,239.4,True,s1->s2->c2->c1,San Francisco,O2958,O3935,delivery_only,shop_and_deliver,same_day,same_day,True,4,10,8.92,8.84,0.0,1.783,1.959,1.081,0.6,mixed,True,1
3.747,1.663,2.084,0.5562,50.9,120.0,True,s2->s1->c2->c1,San Francisco,O674,O4116,shop_and_deliver,shop_and_deliver,on_demand,next_day,False,19,11,10.18,7.03,0.119,0.619,1.296,1.037,13.0,both_shop,True,1
9.879,7.806,2.072,0.2098,28.2,216.1,True,s1->s2->c2->c1,San Francisco,O501,O1804,shop_and_deliver,delivery_only,same_day,same_day,True,5,4,7.0,8.18,0.0,5.752,3.912,2.054,23.9,mixed,True,1
8.242,6.176,2.066,0.2507,56.3,120.0,True,s1->s2->c1->c2,San Francisco,O2110,O4789,shop_and_deliver,delivery_only,same_day,on_demand,True,14,10,7.28,7.8,0.0,3.804,2.372,3.499,17.1,mixed,True,1
4.516,2.466,2.05,0.454,24.7,86.3,True,s1->s2->c2->c1,San Francisco,O1748,O2869,shop_and_deliver,shop_and_deliver,on_demand,same_day,True,11,4,9.47,7.33,0.0,2.101,2.076,0.364,33.7,both_shop,True,1
6.639,4.632,2.007,0.3023,45.9,100.3,True,s1->s2->c1->c2,San Francisco,O796,O4891,shop_and_deliver,shop_and_deliver,same_day,on_demand,True,10,8,6.84,6.61,0.0,2.834,1.799,3.042,19.7,both_shop,True,1
5.458,3.469,1.988,0.3643,77.8,120.0,True,s1->s2->c1->c2,San Francisco,O2203,O2422,shop_and_deliver,shop_and_deliver,same_day,on_demand,True,18,23,10.3,10.66,0.0,2.461,1.009,3.44,30.4,both_shop,True,1
8.651,6.697,1.954,0.2259,49.8,202.8,True,s1->s2->c1->c2,San Francisco,O4815,O5568,shop_and_deliver,shop_and_deliver,same_day,same_day,False,6,12,5.79,9.38,0.376,4.975,1.647,5.658,37.2,both_shop,True,1
4.833,2.941,1.892,0.3914,34.1,120.0,True,s1->s2->c2->c1,San Francisco,O3471,O5973,shop_and_deliver,shop_and_deliver,same_day,on_demand,True,9,7,8.69,7.06,0.0,1.823,1.857,1.118,21.4,both_shop,True,1
6.057,4.173,1.884,0.311,33.2,99.0,True,s1->s2->c1->c2,San Francisco,O1942,O3299,delivery_only,shop_and_deliver,same_day,on_demand,True,7,11,6.91,8.370000000000001,0.0,3.106,1.067,3.923,21.0,mixed,True,1
3.466,1.585,1.881,0.5426,57.9,91.5,True,s1->s2->c2->c1,San Francisco,O923,O1810,shop_and_deliver,shop_and_deliver,on_demand,next_day,True,19,15,11.95,8.5,0.0,1.164,1.522,0.421,28.5,both_shop,True,1
3.097,1.254,1.843,0.5951,10.2,120.0,True,s1->s2->c1->c2,San Francisco,O2143,O3704,delivery_only,delivery_only,same_day,on_demand,True,22,12,11.29,7.0,0.0,0.303,0.95,1.196,19.9,both_delivery,True,1
9.129,7.315,1.814,0.1987,37.6,206.4,True,s1->s2->c2->c1,San Francisco,O109,O1072,delivery_only,shop_and_deliver,same_day,same_day,True,8,18,9.86,10.34,0.0,5.466,3.64,1.849,33.6,mixed,True,1
4.771,2.958,1.813,0.3801,45.3,107.3,True,s1->s2->c2->c1,San Francisco,O2172,O4721,shop_and_deliver,delivery_only,on_demand,on_demand,True,13,6,8.35,5.29,0.0,1.544,1.678,1.414,12.7,mixed,True,1
7.33,5.536,1.794,0.2448,50.5,111.9,True,s1->s2->c1->c2,San Francisco,O20,O2006,shop_and_deliver,shop_and_deliver,same_day,on_demand,True,10,7,7.46,5.71,0.0,4.102,1.434,4.462,8.1,both_shop,True,1
5.387,3.604,1.783,0.3309,16.6,205.4,True,s1->s2->c2->c1,San Francisco,O1145,O1347,delivery_only,delivery_only,next_day,same_day,True,3,22,7.85,9.23,0.0,2.085,1.934,1.519,34.6,both_delivery,True,1
8.847,7.07,1.777,0.2009,43.8,240.0,True,s1->s2->c2->c1,San Francisco,O2003,O3732,shop_and_deliver,shop_and_deliver,same_day,next_day,True,10,10,7.97,8.42,0.0,5.063,3.42,2.007,17.6,both_shop,True,1
8.447,6.671,1.776,0.2102,49.7,120.0,True,s1->s2->c2->c1,San Francisco,O1326,O3541,shop_and_deliver,shop_and_deliver,on_demand,same_day,True,8,7,7.38,7.18,0.0,4.027,2.901,2.645,25.2,both_shop,True,1
3.402,1.658,1.745,0.5128,32.4,120.0,True,s1->s2->c2->c1,San Francisco,O1316,O2108,shop_and_deliver,shop_and_deliver,on_demand,same_day,True,8,22,6.96,16.17,0.0,0.587,1.166,1.071,43.7,both_shop,True,1
6.529,4.811,1.718,0.2631,45.2,100.9,True,s1->s2->c1->c2,San Francisco,O2956,O4399,shop_and_deliver,shop_and_deliver,on_demand,on_demand,True,5,2,7.13,5.78,0.0,3.919,0.893,4.744,19.1,both_shop,True,1
6.196,4.504,1.692,0.273,39.4,1402.2,True,s1->s2->c1->c2,San Francisco,O373,O4229,delivery_only,shop_and_deliver,next_day,next_day,True,7,17,7.39,8.91,0.0,3.594,0.91,4.376,37.8,mixed,True,1
8.458,6.773,1.685,0.1992,30.3,86.4,True,s1->s2->c1->c2,San Francisco,O5075,O5690,shop_and_deliver,delivery_only,same_day,on_demand,True,8,4,10.21,8.76,0.0,4.911,1.862,4.733,33.6,mixed,True,1
4.895,3.217,1.678,0.3428,46.3,77.8,True,s1->s2->c2->c1,San Francisco,O3965,O4257,shop_and_deliver,shop_and_deliver,on_demand,on_demand,True,15,38,7.89,16.98,0.0,2.568,2.123,0.648,42.2,both_shop,True,1
8.366,6.693,1.673,0.2,31.8,120.0,True,s1->s2->c2->c1,San Francisco,O854,O2613,delivery_only,shop_and_deliver,on_demand,same_day,True,1,15,7.32,9.66,0.0,5.015,3.344,1.679,34.5,mixed,True,1
6.89,5.22,1.669,0.2423,52.8,228.2,True,s1->s2->c2->c1,San Francisco,O464,O5616,shop_and_deliver,shop_and_deliver,same_day,same_day,True,8,10,7.95,7.12,0.0,3.113,2.391,2.107,11.8,both_shop,True,1
6.996,5.345,1.65,0.2359,49.1,81.2,True,s1->s2->c2->c1,San Francisco,O371,O601,shop_and_deliver,shop_and_deliver,on_demand,on_demand,True,10,10,9.21,6.92,0.0,3.336,2.493,2.01,38.8,both_shop,True,1
3.697,2.057,1.64,0.4436,22.0,110.5,True,s1->s2->c1->c2,San Francisco,O190,O4358,delivery_only,shop_and_deliver,on_demand,on_demand,True,26,1,12.95,5.99,0.0,1.21,0.847,2.003,9.5,mixed,True,1
7.882,6.301,1.581,0.2006,39.4,215.5,True,s1->s2->c1->c2,San Francisco,O1370,O5354,shop_and_deliver,delivery_only,same_day,same_day,True,10,16,6.64,12.25,0.0,4.295,2.006,3.87,24.5,mixed,True,1
2.824,1.25,1.575,0.5575,23.8,85.3,True,s1->s2->c1->c2,San Francisco,O3032,O3677,shop_and_deliver,shop_and_deliver,same_day,on_demand,True,11,7,9.14,6.46,0.0,0.329,0.921,0.982,34.7,both_shop,True,1
5.213,3.659,1.555,0.2982,56.7,199.1,True,s2->s1->c1->c2,San Francisco,O191,O540,shop_and_deliver,shop_and_deliver,same_day,same_day,False,11,9,7.8,7.77,0.119,2.695,0.845,3.42,40.9,both_shop,True,1
5.702,4.194,1.508,0.2645,27.7,120.0,True,s1->s2->c2->c1,San Francisco,O542,O5410,delivery_only,shop_and_deliver,on_demand,next_day,True,6,11,6.09,6.84,0.0,3.053,2.281,1.141,13.5,mixed,True,1
6.737,5.387,1.35,0.2004,53.8,195.2,True,s2->s1->c1->c2,San Francisco,O898,O4843,shop_and_deliver,shop_and_deliver,same_day,same_day,False,7,16,8.940000000000001,10.37,0.119,3.455,1.813,3.037,44.8,both_shop,True,1
2.799,1.609,1.19,0.425,35.9,77.4,True,s1->s2->c2->c1,San Francisco,O848,O3487,delivery_only,shop_and_deliver,same_day,on_demand,True,9,13,7.89,7.92,0.0,1.342,1.266,0.268,42.6,mixed,True,1
4.377,3.19,1.187,0.2713,38.6,115.7,True,s1->s2->c1->c2,San Francisco,O1129,O1966,shop_and_deliver,shop_and_deliver,on_demand,same_day,True,20,8,12.3,6.14,0.0,2.489,0.7,2.976,4.3,both_shop,True,1
5.855,4.773,1.083,0.1849,38.6,116.0,True,s1->s2->c1->c2,San Francisco,O1967,O3896,shop_and_deliver,delivery_only,on_demand,on_demand,True,8,20,6.39,10.97,0.0,4.133,0.64,4.576,4.0,mixed,True,1
5.223,4.157,1.066,0.2041,44.6,120.0,True,s1->s2->c1->c2,San Francisco,O4644,O5755,shop_and_deliver,shop_and_deliver,on_demand,same_day,True,13,9,7.9,7.07,0.0,2.428,1.729,1.765,3.2,both_shop,True,1
2.506,1.441,1.065,0.425,12.6,75.8,True,s1->s2->c2->c1,San Francisco,O462,O1255,delivery_only,delivery_only,on_demand,on_demand,True,3,15,7.14,11.89,0.0,0.845,0.955,0.596,44.2,both_delivery,True,1
4.371,3.358,1.013,0.2319,34.6,105.4,True,s1->s2->c1->c2,San Francisco,O710,O805,shop_and_deliver,delivery_only,on_demand,same_day,True,10,11,8.04,6.62,0.0,2.796,0.562,3.247,14.6,mixed,True,1
3.596,2.623,0.974,0.2707,36.6,228.0,True,s1->s2->c1->c2,San Francisco,O506,O4489,shop_and_deliver,shop_and_deliver,same_day,same_day,True,8,12,5.53,9.4,0.0,2.098,0.524,2.548,12.0,both_shop,True,1
1.034,0.783,0.251,0.243,49.4,120.0,True,s1->s2->c1->c2,San Francisco,O811,O5791,shop_and_deliver,shop_and_deliver,on_demand,same_day,True,3,24,5.8,11.74,0.0,0.553,0.229,0.575,19.7,both_shop,True,1
